case,family,quantity,expected,observed,match,reasons
default-low_gate,defaults,low_gate,0.3,0.3,True,
default-high_gate,defaults,high_gate,0.6,0.6,True,
default-min_control_replicates,defaults,min_control_replicates,2,2,True,
default-min_control_separation_snr,defaults,min_control_separation_snr,3.0,3.0,True,
config-inverted-gates,defaults,validation,'refused','refused',True,
state-unit-00-00,state,viability_state,'indeterminate','indeterminate',True,nonfinite_scaled_signal
state-unit-00-00,state,viability_reason,'nonfinite_scaled_signal','nonfinite_scaled_signal',True,nonfinite_scaled_signal
state-unit-00-00,state,calcein_control_scaled,-inf,-inf,True,
state-unit-00-00,state,pi_control_scaled,-inf,-inf,True,
state-unit-00-01,state,viability_state,'indeterminate','indeterminate',True,nonfinite_scaled_signal
state-unit-00-01,state,viability_reason,'nonfinite_scaled_signal','nonfinite_scaled_signal',True,nonfinite_scaled_signal
state-unit-00-01,state,calcein_control_scaled,-inf,-inf,True,
state-unit-00-01,state,pi_control_scaled,-5.0,-5.0,True,
state-unit-00-02,state,viability_state,'indeterminate','indeterminate',True,nonfinite_scaled_signal
state-unit-00-02,state,viability_reason,'nonfinite_scaled_signal','nonfinite_scaled_signal',True,nonfinite_scaled_signal
state-unit-00-02,state,calcein_control_scaled,-inf,-inf,True,
state-unit-00-02,state,pi_control_scaled,-0.5,-0.5,True,
state-unit-00-03,state,viability_state,'indeterminate','indeterminate',True,nonfinite_scaled_signal
state-unit-00-03,state,viability_reason,'nonfinite_scaled_signal','nonfinite_scaled_signal',True,nonfinite_scaled_signal
state-unit-00-03,state,calcein_control_scaled,-inf,-inf,True,
state-unit-00-03,state,pi_control_scaled,-5e-324,-5e-324,True,
state-unit-00-04,state,viability_state,'indeterminate','indeterminate',True,nonfinite_scaled_signal
state-unit-00-04,state,viability_reason,'nonfinite_scaled_signal','nonfinite_scaled_signal',True,nonfinite_scaled_signal
state-unit-00-04,state,calcein_control_scaled,-inf,-inf,True,
state-unit-00-04,state,pi_control_scaled,0.0,0.0,True,
state-unit-00-05,state,viability_state,'indeterminate','indeterminate',True,nonfinite_scaled_signal
state-unit-00-05,state,viability_reason,'nonfinite_scaled_signal','nonfinite_scaled_signal',True,nonfinite_scaled_signal
state-unit-00-05,state,calcein_control_scaled,-inf,-inf,True,
state-unit-00-05,state,pi_control_scaled,5e-324,5e-324,True,
state-unit-00-06,state,viability_state,'indeterminate','indeterminate',True,nonfinite_scaled_signal
state-unit-00-06,state,viability_reason,'nonfinite_scaled_signal','nonfinite_scaled_signal',True,nonfinite_scaled_signal
state-unit-00-06,state,calcein_control_scaled,-inf,-inf,True,
state-unit-00-06,state,pi_control_scaled,0.15,0.15,True,
state-unit-00-07,state,viability_state,'indeterminate','indeterminate',True,nonfinite_scaled_signal
state-unit-00-07,state,viability_reason,'nonfinite_scaled_signal','nonfinite_scaled_signal',True,nonfinite_scaled_signal
state-unit-00-07,state,calcein_control_scaled,-inf,-inf,True,
state-unit-00-07,state,pi_control_scaled,0.29999999999999993,0.29999999999999993,True,
state-unit-00-08,state,viability_state,'indeterminate','indeterminate',True,nonfinite_scaled_signal
state-unit-00-08,state,viability_reason,'nonfinite_scaled_signal','nonfinite_scaled_signal',True,nonfinite_scaled_signal
state-unit-00-08,state,calcein_control_scaled,-inf,-inf,True,
state-unit-00-08,state,pi_control_scaled,0.3,0.3,True,
state-unit-00-09,state,viability_state,'indeterminate','indeterminate',True,nonfinite_scaled_signal
state-unit-00-09,state,viability_reason,'nonfinite_scaled_signal','nonfinite_scaled_signal',True,nonfinite_scaled_signal
state-unit-00-09,state,calcein_control_scaled,-inf,-inf,True,
state-unit-00-09,state,pi_control_scaled,0.30000000000000004,0.30000000000000004,True,
state-unit-00-10,state,viability_state,'indeterminate','indeterminate',True,nonfinite_scaled_signal
state-unit-00-10,state,viability_reason,'nonfinite_scaled_signal','nonfinite_scaled_signal',True,nonfinite_scaled_signal
state-unit-00-10,state,calcein_control_scaled,-inf,-inf,True,
state-unit-00-10,state,pi_control_scaled,0.45,0.45,True,
state-unit-00-11,state,viability_state,'indeterminate','indeterminate',True,nonfinite_scaled_signal
state-unit-00-11,state,viability_reason,'nonfinite_scaled_signal','nonfinite_scaled_signal',True,nonfinite_scaled_signal
state-unit-00-11,state,calcein_control_scaled,-inf,-inf,True,
state-unit-00-11,state,pi_control_scaled,0.5999999999999999,0.5999999999999999,True,
state-unit-00-12,state,viability_state,'indeterminate','indeterminate',True,nonfinite_scaled_signal
state-unit-00-12,state,viability_reason,'nonfinite_scaled_signal','nonfinite_scaled_signal',True,nonfinite_scaled_signal
state-unit-00-12,state,calcein_control_scaled,-inf,-inf,True,
state-unit-00-12,state,pi_control_scaled,0.6,0.6,True,
state-unit-00-13,state,viability_state,'indeterminate','indeterminate',True,nonfinite_scaled_signal
state-unit-00-13,state,viability_reason,'nonfinite_scaled_signal','nonfinite_scaled_signal',True,nonfinite_scaled_signal
state-unit-00-13,state,calcein_control_scaled,-inf,-inf,True,
state-unit-00-13,state,pi_control_scaled,0.6000000000000001,0.6000000000000001,True,
state-unit-00-14,state,viability_state,'indeterminate','indeterminate',True,nonfinite_scaled_signal
state-unit-00-14,state,viability_reason,'nonfinite_scaled_signal','nonfinite_scaled_signal',True,nonfinite_scaled_signal
state-unit-00-14,state,calcein_control_scaled,-inf,-inf,True,
state-unit-00-14,state,pi_control_scaled,0.8,0.8,True,
state-unit-00-15,state,viability_state,'indeterminate','indeterminate',True,nonfinite_scaled_signal
state-unit-00-15,state,viability_reason,'nonfinite_scaled_signal','nonfinite_scaled_signal',True,nonfinite_scaled_signal
state-unit-00-15,state,calcein_control_scaled,-inf,-inf,True,
state-unit-00-15,state,pi_control_scaled,0.9999999999999999,0.9999999999999999,True,
state-unit-00-16,state,viability_state,'indeterminate','indeterminate',True,nonfinite_scaled_signal
state-unit-00-16,state,viability_reason,'nonfinite_scaled_signal','nonfinite_scaled_signal',True,nonfinite_scaled_signal
state-unit-00-16,state,calcein_control_scaled,-inf,-inf,True,
state-unit-00-16,state,pi_control_scaled,1.0,1.0,True,
state-unit-00-17,state,viability_state,'indeterminate','indeterminate',True,nonfinite_scaled_signal
state-unit-00-17,state,viability_reason,'nonfinite_scaled_signal','nonfinite_scaled_signal',True,nonfinite_scaled_signal
state-unit-00-17,state,calcein_control_scaled,-inf,-inf,True,
state-unit-00-17,state,pi_control_scaled,1.0000000000000002,1.0000000000000002,True,
state-unit-00-18,state,viability_state,'indeterminate','indeterminate',True,nonfinite_scaled_signal
state-unit-00-18,state,viability_reason,'nonfinite_scaled_signal','nonfinite_scaled_signal',True,nonfinite_scaled_signal
state-unit-00-18,state,calcein_control_scaled,-inf,-inf,True,
state-unit-00-18,state,pi_control_scaled,1.5,1.5,True,
state-unit-00-19,state,viability_state,'indeterminate','indeterminate',True,nonfinite_scaled_signal
state-unit-00-19,state,viability_reason,'nonfinite_scaled_signal','nonfinite_scaled_signal',True,nonfinite_scaled_signal
state-unit-00-19,state,calcein_control_scaled,-inf,-inf,True,
state-unit-00-19,state,pi_control_scaled,7.0,7.0,True,
state-unit-00-20,state,viability_state,'indeterminate','indeterminate',True,nonfinite_scaled_signal
state-unit-00-20,state,viability_reason,'nonfinite_scaled_signal','nonfinite_scaled_signal',True,nonfinite_scaled_signal
state-unit-00-20,state,calcein_control_scaled,-inf,-inf,True,
state-unit-00-20,state,pi_control_scaled,inf,inf,True,
state-unit-00-21,state,viability_state,'indeterminate','indeterminate',True,nonfinite_scaled_signal
state-unit-00-21,state,viability_reason,'nonfinite_scaled_signal','nonfinite_scaled_signal',True,nonfinite_scaled_signal
state-unit-00-21,state,calcein_control_scaled,-inf,-inf,True,
state-unit-00-21,state,pi_control_scaled,nan,nan,True,
state-unit-01-00,state,viability_state,'indeterminate','indeterminate',True,nonfinite_scaled_signal
state-unit-01-00,state,viability_reason,'nonfinite_scaled_signal','nonfinite_scaled_signal',True,nonfinite_scaled_signal
state-unit-01-00,state,calcein_control_scaled,-5.0,-5.0,True,
state-unit-01-00,state,pi_control_scaled,-inf,-inf,True,
state-unit-01-01,state,viability_state,'indeterminate','indeterminate',True,both_markers_low;outside_control_range
state-unit-01-01,state,viability_reason,'both_markers_low;outside_control_range','both_markers_low;outside_control_range',True,both_markers_low;outside_control_range
state-unit-01-01,state,calcein_control_scaled,-5.0,-5.0,True,
state-unit-01-01,state,pi_control_scaled,-5.0,-5.0,True,
state-unit-01-02,state,viability_state,'indeterminate','indeterminate',True,both_markers_low;outside_control_range
state-unit-01-02,state,viability_reason,'both_markers_low;outside_control_range','both_markers_low;outside_control_range',True,both_markers_low;outside_control_range
state-unit-01-02,state,calcein_control_scaled,-5.0,-5.0,True,
state-unit-01-02,state,pi_control_scaled,-0.5,-0.5,True,
state-unit-01-03,state,viability_state,'indeterminate','indeterminate',True,both_markers_low;outside_control_range
state-unit-01-03,state,viability_reason,'both_markers_low;outside_control_range','both_markers_low;outside_control_range',True,both_markers_low;outside_control_range
state-unit-01-03,state,calcein_control_scaled,-5.0,-5.0,True,
state-unit-01-03,state,pi_control_scaled,-5e-324,-5e-324,True,
state-unit-01-04,state,viability_state,'indeterminate','indeterminate',True,both_markers_low;outside_control_range
state-unit-01-04,state,viability_reason,'both_markers_low;outside_control_range','both_markers_low;outside_control_range',True,both_markers_low;outside_control_range
state-unit-01-04,state,calcein_control_scaled,-5.0,-5.0,True,
state-unit-01-04,state,pi_control_scaled,0.0,0.0,True,
state-unit-01-05,state,viability_state,'indeterminate','indeterminate',True,both_markers_low;outside_control_range
state-unit-01-05,state,viability_reason,'both_markers_low;outside_control_range','both_markers_low;outside_control_range',True,both_markers_low;outside_control_range
state-unit-01-05,state,calcein_control_scaled,-5.0,-5.0,True,
state-unit-01-05,state,pi_control_scaled,5e-324,5e-324,True,
state-unit-01-06,state,viability_state,'indeterminate','indeterminate',True,both_markers_low;outside_control_range
state-unit-01-06,state,viability_reason,'both_markers_low;outside_control_range','both_markers_low;outside_control_range',True,both_markers_low;outside_control_range
state-unit-01-06,state,calcein_control_scaled,-5.0,-5.0,True,
state-unit-01-06,state,pi_control_scaled,0.15,0.15,True,
state-unit-01-07,state,viability_state,'indeterminate','indeterminate',True,both_markers_low;outside_control_range
state-unit-01-07,state,viability_reason,'both_markers_low;outside_control_range','both_markers_low;outside_control_range',True,both_markers_low;outside_control_range
state-unit-01-07,state,calcein_control_scaled,-5.0,-5.0,True,
state-unit-01-07,state,pi_control_scaled,0.29999999999999993,0.29999999999999993,True,
state-unit-01-08,state,viability_state,'mixed_signal','mixed_signal',True,intermediate_or_discordant_marker_signals;outside_control_range
state-unit-01-08,state,viability_reason,'intermediate_or_discordant_marker_signals;outside_control_range','intermediate_or_discordant_marker_signals;outside_control_range',True,intermediate_or_discordant_marker_signals;outside_control_range
state-unit-01-08,state,calcein_control_scaled,-5.0,-5.0,True,
state-unit-01-08,state,pi_control_scaled,0.3,0.3,True,
state-unit-01-09,state,viability_state,'mixed_signal','mixed_signal',True,intermediate_or_discordant_marker_signals;outside_control_range
state-unit-01-09,state,viability_reason,'intermediate_or_discordant_marker_signals;outside_control_range','intermediate_or_discordant_marker_signals;outside_control_range',True,intermediate_or_discordant_marker_signals;outside_control_range
state-unit-01-09,state,calcein_control_scaled,-5.0,-5.0,True,
state-unit-01-09,state,pi_control_scaled,0.30000000000000004,0.30000000000000004,True,
state-unit-01-10,state,viability_state,'mixed_signal','mixed_signal',True,intermediate_or_discordant_marker_signals;outside_control_range
state-unit-01-10,state,viability_reason,'intermediate_or_discordant_marker_signals;outside_control_range','intermediate_or_discordant_marker_signals;outside_control_range',True,intermediate_or_discordant_marker_signals;outside_control_range
state-unit-01-10,state,calcein_control_scaled,-5.0,-5.0,True,
state-unit-01-10,state,pi_control_scaled,0.45,0.45,True,
state-unit-01-11,state,viability_state,'mixed_signal','mixed_signal',True,intermediate_or_discordant_marker_signals;outside_control_range
state-unit-01-11,state,viability_reason,'intermediate_or_discordant_marker_signals;outside_control_range','intermediate_or_discordant_marker_signals;outside_control_range',True,intermediate_or_discordant_marker_signals;outside_control_range
state-unit-01-11,state,calcein_control_scaled,-5.0,-5.0,True,
state-unit-01-11,state,pi_control_scaled,0.5999999999999999,0.5999999999999999,True,
state-unit-01-12,state,viability_state,'compromised_like','compromised_like',True,high_PI_low_calcein;outside_control_range
state-unit-01-12,state,viability_reason,'high_PI_low_calcein;outside_control_range','high_PI_low_calcein;outside_control_range',True,high_PI_low_calcein;outside_control_range
state-unit-01-12,state,calcein_control_scaled,-5.0,-5.0,True,
state-unit-01-12,state,pi_control_scaled,0.6,0.6,True,
state-unit-01-13,state,viability_state,'compromised_like','compromised_like',True,high_PI_low_calcein;outside_control_range
state-unit-01-13,state,viability_reason,'high_PI_low_calcein;outside_control_range','high_PI_low_calcein;outside_control_range',True,high_PI_low_calcein;outside_control_range
state-unit-01-13,state,calcein_control_scaled,-5.0,-5.0,True,
state-unit-01-13,state,pi_control_scaled,0.6000000000000001,0.6000000000000001,True,
state-unit-01-14,state,viability_state,'compromised_like','compromised_like',True,high_PI_low_calcein;outside_control_range
state-unit-01-14,state,viability_reason,'high_PI_low_calcein;outside_control_range','high_PI_low_calcein;outside_control_range',True,high_PI_low_calcein;outside_control_range
state-unit-01-14,state,calcein_control_scaled,-5.0,-5.0,True,
state-unit-01-14,state,pi_control_scaled,0.8,0.8,True,
state-unit-01-15,state,viability_state,'compromised_like','compromised_like',True,high_PI_low_calcein;outside_control_range
state-unit-01-15,state,viability_reason,'high_PI_low_calcein;outside_control_range','high_PI_low_calcein;outside_control_range',True,high_PI_low_calcein;outside_control_range
state-unit-01-15,state,calcein_control_scaled,-5.0,-5.0,True,
state-unit-01-15,state,pi_control_scaled,0.9999999999999999,0.9999999999999999,True,
state-unit-01-16,state,viability_state,'compromised_like','compromised_like',True,high_PI_low_calcein;outside_control_range
state-unit-01-16,state,viability_reason,'high_PI_low_calcein;outside_control_range','high_PI_low_calcein;outside_control_range',True,high_PI_low_calcein;outside_control_range
state-unit-01-16,state,calcein_control_scaled,-5.0,-5.0,True,
state-unit-01-16,state,pi_control_scaled,1.0,1.0,True,
state-unit-01-17,state,viability_state,'compromised_like','compromised_like',True,high_PI_low_calcein;outside_control_range
state-unit-01-17,state,viability_reason,'high_PI_low_calcein;outside_control_range','high_PI_low_calcein;outside_control_range',True,high_PI_low_calcein;outside_control_range
state-unit-01-17,state,calcein_control_scaled,-5.0,-5.0,True,
state-unit-01-17,state,pi_control_scaled,1.0000000000000002,1.0000000000000002,True,
state-unit-01-18,state,viability_state,'compromised_like','compromised_like',True,high_PI_low_calcein;outside_control_range
state-unit-01-18,state,viability_reason,'high_PI_low_calcein;outside_control_range','high_PI_low_calcein;outside_control_range',True,high_PI_low_calcein;outside_control_range
state-unit-01-18,state,calcein_control_scaled,-5.0,-5.0,True,
state-unit-01-18,state,pi_control_scaled,1.5,1.5,True,
state-unit-01-19,state,viability_state,'compromised_like','compromised_like',True,high_PI_low_calcein;outside_control_range
state-unit-01-19,state,viability_reason,'high_PI_low_calcein;outside_control_range','high_PI_low_calcein;outside_control_range',True,high_PI_low_calcein;outside_control_range
state-unit-01-19,state,calcein_control_scaled,-5.0,-5.0,True,
state-unit-01-19,state,pi_control_scaled,7.0,7.0,True,
state-unit-01-20,state,viability_state,'indeterminate','indeterminate',True,nonfinite_scaled_signal
state-unit-01-20,state,viability_reason,'nonfinite_scaled_signal','nonfinite_scaled_signal',True,nonfinite_scaled_signal
state-unit-01-20,state,calcein_control_scaled,-5.0,-5.0,True,
state-unit-01-20,state,pi_control_scaled,inf,inf,True,
state-unit-01-21,state,viability_state,'indeterminate','indeterminate',True,nonfinite_scaled_signal
state-unit-01-21,state,viability_reason,'nonfinite_scaled_signal','nonfinite_scaled_signal',True,nonfinite_scaled_signal
state-unit-01-21,state,calcein_control_scaled,-5.0,-5.0,True,
state-unit-01-21,state,pi_control_scaled,nan,nan,True,
state-unit-02-00,state,viability_state,'indeterminate','indeterminate',True,nonfinite_scaled_signal
state-unit-02-00,state,viability_reason,'nonfinite_scaled_signal','nonfinite_scaled_signal',True,nonfinite_scaled_signal
state-unit-02-00,state,calcein_control_scaled,-0.5,-0.5,True,
state-unit-02-00,state,pi_control_scaled,-inf,-inf,True,
state-unit-02-01,state,viability_state,'indeterminate','indeterminate',True,both_markers_low;outside_control_range
state-unit-02-01,state,viability_reason,'both_markers_low;outside_control_range','both_markers_low;outside_control_range',True,both_markers_low;outside_control_range
state-unit-02-01,state,calcein_control_scaled,-0.5,-0.5,True,
state-unit-02-01,state,pi_control_scaled,-5.0,-5.0,True,
state-unit-02-02,state,viability_state,'indeterminate','indeterminate',True,both_markers_low;outside_control_range
state-unit-02-02,state,viability_reason,'both_markers_low;outside_control_range','both_markers_low;outside_control_range',True,both_markers_low;outside_control_range
state-unit-02-02,state,calcein_control_scaled,-0.5,-0.5,True,
state-unit-02-02,state,pi_control_scaled,-0.5,-0.5,True,
state-unit-02-03,state,viability_state,'indeterminate','indeterminate',True,both_markers_low;outside_control_range
state-unit-02-03,state,viability_reason,'both_markers_low;outside_control_range','both_markers_low;outside_control_range',True,both_markers_low;outside_control_range
state-unit-02-03,state,calcein_control_scaled,-0.5,-0.5,True,
state-unit-02-03,state,pi_control_scaled,-5e-324,-5e-324,True,
state-unit-02-04,state,viability_state,'indeterminate','indeterminate',True,both_markers_low;outside_control_range
state-unit-02-04,state,viability_reason,'both_markers_low;outside_control_range','both_markers_low;outside_control_range',True,both_markers_low;outside_control_range
state-unit-02-04,state,calcein_control_scaled,-0.5,-0.5,True,
state-unit-02-04,state,pi_control_scaled,0.0,0.0,True,
state-unit-02-05,state,viability_state,'indeterminate','indeterminate',True,both_markers_low;outside_control_range
state-unit-02-05,state,viability_reason,'both_markers_low;outside_control_range','both_markers_low;outside_control_range',True,both_markers_low;outside_control_range
state-unit-02-05,state,calcein_control_scaled,-0.5,-0.5,True,
state-unit-02-05,state,pi_control_scaled,5e-324,5e-324,True,
state-unit-02-06,state,viability_state,'indeterminate','indeterminate',True,both_markers_low;outside_control_range
state-unit-02-06,state,viability_reason,'both_markers_low;outside_control_range','both_markers_low;outside_control_range',True,both_markers_low;outside_control_range
state-unit-02-06,state,calcein_control_scaled,-0.5,-0.5,True,
state-unit-02-06,state,pi_control_scaled,0.15,0.15,True,
state-unit-02-07,state,viability_state,'indeterminate','indeterminate',True,both_markers_low;outside_control_range
state-unit-02-07,state,viability_reason,'both_markers_low;outside_control_range','both_markers_low;outside_control_range',True,both_markers_low;outside_control_range
state-unit-02-07,state,calcein_control_scaled,-0.5,-0.5,True,
state-unit-02-07,state,pi_control_scaled,0.29999999999999993,0.29999999999999993,True,
state-unit-02-08,state,viability_state,'mixed_signal','mixed_signal',True,intermediate_or_discordant_marker_signals;outside_control_range
state-unit-02-08,state,viability_reason,'intermediate_or_discordant_marker_signals;outside_control_range','intermediate_or_discordant_marker_signals;outside_control_range',True,intermediate_or_discordant_marker_signals;outside_control_range
state-unit-02-08,state,calcein_control_scaled,-0.5,-0.5,True,
state-unit-02-08,state,pi_control_scaled,0.3,0.3,True,
state-unit-02-09,state,viability_state,'mixed_signal','mixed_signal',True,intermediate_or_discordant_marker_signals;outside_control_range
state-unit-02-09,state,viability_reason,'intermediate_or_discordant_marker_signals;outside_control_range','intermediate_or_discordant_marker_signals;outside_control_range',True,intermediate_or_discordant_marker_signals;outside_control_range
state-unit-02-09,state,calcein_control_scaled,-0.5,-0.5,True,
state-unit-02-09,state,pi_control_scaled,0.30000000000000004,0.30000000000000004,True,
state-unit-02-10,state,viability_state,'mixed_signal','mixed_signal',True,intermediate_or_discordant_marker_signals;outside_control_range
state-unit-02-10,state,viability_reason,'intermediate_or_discordant_marker_signals;outside_control_range','intermediate_or_discordant_marker_signals;outside_control_range',True,intermediate_or_discordant_marker_signals;outside_control_range
state-unit-02-10,state,calcein_control_scaled,-0.5,-0.5,True,
state-unit-02-10,state,pi_control_scaled,0.45,0.45,True,
state-unit-02-11,state,viability_state,'mixed_signal','mixed_signal',True,intermediate_or_discordant_marker_signals;outside_control_range
state-unit-02-11,state,viability_reason,'intermediate_or_discordant_marker_signals;outside_control_range','intermediate_or_discordant_marker_signals;outside_control_range',True,intermediate_or_discordant_marker_signals;outside_control_range
state-unit-02-11,state,calcein_control_scaled,-0.5,-0.5,True,
state-unit-02-11,state,pi_control_scaled,0.5999999999999999,0.5999999999999999,True,
state-unit-02-12,state,viability_state,'compromised_like','compromised_like',True,high_PI_low_calcein;outside_control_range
state-unit-02-12,state,viability_reason,'high_PI_low_calcein;outside_control_range','high_PI_low_calcein;outside_control_range',True,high_PI_low_calcein;outside_control_range
state-unit-02-12,state,calcein_control_scaled,-0.5,-0.5,True,
state-unit-02-12,state,pi_control_scaled,0.6,0.6,True,
state-unit-02-13,state,viability_state,'compromised_like','compromised_like',True,high_PI_low_calcein;outside_control_range
state-unit-02-13,state,viability_reason,'high_PI_low_calcein;outside_control_range','high_PI_low_calcein;outside_control_range',True,high_PI_low_calcein;outside_control_range
state-unit-02-13,state,calcein_control_scaled,-0.5,-0.5,True,
state-unit-02-13,state,pi_control_scaled,0.6000000000000001,0.6000000000000001,True,
state-unit-02-14,state,viability_state,'compromised_like','compromised_like',True,high_PI_low_calcein;outside_control_range
state-unit-02-14,state,viability_reason,'high_PI_low_calcein;outside_control_range','high_PI_low_calcein;outside_control_range',True,high_PI_low_calcein;outside_control_range
state-unit-02-14,state,calcein_control_scaled,-0.5,-0.5,True,
state-unit-02-14,state,pi_control_scaled,0.8,0.8,True,
state-unit-02-15,state,viability_state,'compromised_like','compromised_like',True,high_PI_low_calcein;outside_control_range
state-unit-02-15,state,viability_reason,'high_PI_low_calcein;outside_control_range','high_PI_low_calcein;outside_control_range',True,high_PI_low_calcein;outside_control_range
state-unit-02-15,state,calcein_control_scaled,-0.5,-0.5,True,
state-unit-02-15,state,pi_control_scaled,0.9999999999999999,0.9999999999999999,True,
state-unit-02-16,state,viability_state,'compromised_like','compromised_like',True,high_PI_low_calcein;outside_control_range
state-unit-02-16,state,viability_reason,'high_PI_low_calcein;outside_control_range','high_PI_low_calcein;outside_control_range',True,high_PI_low_calcein;outside_control_range
state-unit-02-16,state,calcein_control_scaled,-0.5,-0.5,True,
state-unit-02-16,state,pi_control_scaled,1.0,1.0,True,
state-unit-02-17,state,viability_state,'compromised_like','compromised_like',True,high_PI_low_calcein;outside_control_range
state-unit-02-17,state,viability_reason,'high_PI_low_calcein;outside_control_range','high_PI_low_calcein;outside_control_range',True,high_PI_low_calcein;outside_control_range
state-unit-02-17,state,calcein_control_scaled,-0.5,-0.5,True,
state-unit-02-17,state,pi_control_scaled,1.0000000000000002,1.0000000000000002,True,
state-unit-02-18,state,viability_state,'compromised_like','compromised_like',True,high_PI_low_calcein;outside_control_range
state-unit-02-18,state,viability_reason,'high_PI_low_calcein;outside_control_range','high_PI_low_calcein;outside_control_range',True,high_PI_low_calcein;outside_control_range
state-unit-02-18,state,calcein_control_scaled,-0.5,-0.5,True,
state-unit-02-18,state,pi_control_scaled,1.5,1.5,True,
state-unit-02-19,state,viability_state,'compromised_like','compromised_like',True,high_PI_low_calcein;outside_control_range
state-unit-02-19,state,viability_reason,'high_PI_low_calcein;outside_control_range','high_PI_low_calcein;outside_control_range',True,high_PI_low_calcein;outside_control_range
state-unit-02-19,state,calcein_control_scaled,-0.5,-0.5,True,
state-unit-02-19,state,pi_control_scaled,7.0,7.0,True,
state-unit-02-20,state,viability_state,'indeterminate','indeterminate',True,nonfinite_scaled_signal
state-unit-02-20,state,viability_reason,'nonfinite_scaled_signal','nonfinite_scaled_signal',True,nonfinite_scaled_signal
state-unit-02-20,state,calcein_control_scaled,-0.5,-0.5,True,
state-unit-02-20,state,pi_control_scaled,inf,inf,True,
state-unit-02-21,state,viability_state,'indeterminate','indeterminate',True,nonfinite_scaled_signal
state-unit-02-21,state,viability_reason,'nonfinite_scaled_signal','nonfinite_scaled_signal',True,nonfinite_scaled_signal
state-unit-02-21,state,calcein_control_scaled,-0.5,-0.5,True,
state-unit-02-21,state,pi_control_scaled,nan,nan,True,
state-unit-03-00,state,viability_state,'indeterminate','indeterminate',True,nonfinite_scaled_signal
state-unit-03-00,state,viability_reason,'nonfinite_scaled_signal','nonfinite_scaled_signal',True,nonfinite_scaled_signal
state-unit-03-00,state,calcein_control_scaled,-5e-324,-5e-324,True,
state-unit-03-00,state,pi_control_scaled,-inf,-inf,True,
state-unit-03-01,state,viability_state,'indeterminate','indeterminate',True,both_markers_low;outside_control_range
state-unit-03-01,state,viability_reason,'both_markers_low;outside_control_range','both_markers_low;outside_control_range',True,both_markers_low;outside_control_range
state-unit-03-01,state,calcein_control_scaled,-5e-324,-5e-324,True,
state-unit-03-01,state,pi_control_scaled,-5.0,-5.0,True,
state-unit-03-02,state,viability_state,'indeterminate','indeterminate',True,both_markers_low;outside_control_range
state-unit-03-02,state,viability_reason,'both_markers_low;outside_control_range','both_markers_low;outside_control_range',True,both_markers_low;outside_control_range
state-unit-03-02,state,calcein_control_scaled,-5e-324,-5e-324,True,
state-unit-03-02,state,pi_control_scaled,-0.5,-0.5,True,
state-unit-03-03,state,viability_state,'indeterminate','indeterminate',True,both_markers_low;outside_control_range
state-unit-03-03,state,viability_reason,'both_markers_low;outside_control_range','both_markers_low;outside_control_range',True,both_markers_low;outside_control_range
state-unit-03-03,state,calcein_control_scaled,-5e-324,-5e-324,True,
state-unit-03-03,state,pi_control_scaled,-5e-324,-5e-324,True,
state-unit-03-04,state,viability_state,'indeterminate','indeterminate',True,both_markers_low;outside_control_range
state-unit-03-04,state,viability_reason,'both_markers_low;outside_control_range','both_markers_low;outside_control_range',True,both_markers_low;outside_control_range
state-unit-03-04,state,calcein_control_scaled,-5e-324,-5e-324,True,
state-unit-03-04,state,pi_control_scaled,0.0,0.0,True,
state-unit-03-05,state,viability_state,'indeterminate','indeterminate',True,both_markers_low;outside_control_range
state-unit-03-05,state,viability_reason,'both_markers_low;outside_control_range','both_markers_low;outside_control_range',True,both_markers_low;outside_control_range
state-unit-03-05,state,calcein_control_scaled,-5e-324,-5e-324,True,
state-unit-03-05,state,pi_control_scaled,5e-324,5e-324,True,
state-unit-03-06,state,viability_state,'indeterminate','indeterminate',True,both_markers_low;outside_control_range
state-unit-03-06,state,viability_reason,'both_markers_low;outside_control_range','both_markers_low;outside_control_range',True,both_markers_low;outside_control_range
state-unit-03-06,state,calcein_control_scaled,-5e-324,-5e-324,True,
state-unit-03-06,state,pi_control_scaled,0.15,0.15,True,
state-unit-03-07,state,viability_state,'indeterminate','indeterminate',True,both_markers_low;outside_control_range
state-unit-03-07,state,viability_reason,'both_markers_low;outside_control_range','both_markers_low;outside_control_range',True,both_markers_low;outside_control_range
state-unit-03-07,state,calcein_control_scaled,-5e-324,-5e-324,True,
state-unit-03-07,state,pi_control_scaled,0.29999999999999993,0.29999999999999993,True,
state-unit-03-08,state,viability_state,'mixed_signal','mixed_signal',True,intermediate_or_discordant_marker_signals;outside_control_range
state-unit-03-08,state,viability_reason,'intermediate_or_discordant_marker_signals;outside_control_range','intermediate_or_discordant_marker_signals;outside_control_range',True,intermediate_or_discordant_marker_signals;outside_control_range
state-unit-03-08,state,calcein_control_scaled,-5e-324,-5e-324,True,
state-unit-03-08,state,pi_control_scaled,0.3,0.3,True,
state-unit-03-09,state,viability_state,'mixed_signal','mixed_signal',True,intermediate_or_discordant_marker_signals;outside_control_range
state-unit-03-09,state,viability_reason,'intermediate_or_discordant_marker_signals;outside_control_range','intermediate_or_discordant_marker_signals;outside_control_range',True,intermediate_or_discordant_marker_signals;outside_control_range
state-unit-03-09,state,calcein_control_scaled,-5e-324,-5e-324,True,
state-unit-03-09,state,pi_control_scaled,0.30000000000000004,0.30000000000000004,True,
state-unit-03-10,state,viability_state,'mixed_signal','mixed_signal',True,intermediate_or_discordant_marker_signals;outside_control_range
state-unit-03-10,state,viability_reason,'intermediate_or_discordant_marker_signals;outside_control_range','intermediate_or_discordant_marker_signals;outside_control_range',True,intermediate_or_discordant_marker_signals;outside_control_range
state-unit-03-10,state,calcein_control_scaled,-5e-324,-5e-324,True,
state-unit-03-10,state,pi_control_scaled,0.45,0.45,True,
state-unit-03-11,state,viability_state,'mixed_signal','mixed_signal',True,intermediate_or_discordant_marker_signals;outside_control_range
state-unit-03-11,state,viability_reason,'intermediate_or_discordant_marker_signals;outside_control_range','intermediate_or_discordant_marker_signals;outside_control_range',True,intermediate_or_discordant_marker_signals;outside_control_range
state-unit-03-11,state,calcein_control_scaled,-5e-324,-5e-324,True,
state-unit-03-11,state,pi_control_scaled,0.5999999999999999,0.5999999999999999,True,
state-unit-03-12,state,viability_state,'compromised_like','compromised_like',True,high_PI_low_calcein;outside_control_range
state-unit-03-12,state,viability_reason,'high_PI_low_calcein;outside_control_range','high_PI_low_calcein;outside_control_range',True,high_PI_low_calcein;outside_control_range
state-unit-03-12,state,calcein_control_scaled,-5e-324,-5e-324,True,
state-unit-03-12,state,pi_control_scaled,0.6,0.6,True,
state-unit-03-13,state,viability_state,'compromised_like','compromised_like',True,high_PI_low_calcein;outside_control_range
state-unit-03-13,state,viability_reason,'high_PI_low_calcein;outside_control_range','high_PI_low_calcein;outside_control_range',True,high_PI_low_calcein;outside_control_range
state-unit-03-13,state,calcein_control_scaled,-5e-324,-5e-324,True,
state-unit-03-13,state,pi_control_scaled,0.6000000000000001,0.6000000000000001,True,
state-unit-03-14,state,viability_state,'compromised_like','compromised_like',True,high_PI_low_calcein;outside_control_range
state-unit-03-14,state,viability_reason,'high_PI_low_calcein;outside_control_range','high_PI_low_calcein;outside_control_range',True,high_PI_low_calcein;outside_control_range
state-unit-03-14,state,calcein_control_scaled,-5e-324,-5e-324,True,
state-unit-03-14,state,pi_control_scaled,0.8,0.8,True,
state-unit-03-15,state,viability_state,'compromised_like','compromised_like',True,high_PI_low_calcein;outside_control_range
state-unit-03-15,state,viability_reason,'high_PI_low_calcein;outside_control_range','high_PI_low_calcein;outside_control_range',True,high_PI_low_calcein;outside_control_range
state-unit-03-15,state,calcein_control_scaled,-5e-324,-5e-324,True,
state-unit-03-15,state,pi_control_scaled,0.9999999999999999,0.9999999999999999,True,
state-unit-03-16,state,viability_state,'compromised_like','compromised_like',True,high_PI_low_calcein;outside_control_range
state-unit-03-16,state,viability_reason,'high_PI_low_calcein;outside_control_range','high_PI_low_calcein;outside_control_range',True,high_PI_low_calcein;outside_control_range
state-unit-03-16,state,calcein_control_scaled,-5e-324,-5e-324,True,
state-unit-03-16,state,pi_control_scaled,1.0,1.0,True,
state-unit-03-17,state,viability_state,'compromised_like','compromised_like',True,high_PI_low_calcein;outside_control_range
state-unit-03-17,state,viability_reason,'high_PI_low_calcein;outside_control_range','high_PI_low_calcein;outside_control_range',True,high_PI_low_calcein;outside_control_range
state-unit-03-17,state,calcein_control_scaled,-5e-324,-5e-324,True,
state-unit-03-17,state,pi_control_scaled,1.0000000000000002,1.0000000000000002,True,
state-unit-03-18,state,viability_state,'compromised_like','compromised_like',True,high_PI_low_calcein;outside_control_range
state-unit-03-18,state,viability_reason,'high_PI_low_calcein;outside_control_range','high_PI_low_calcein;outside_control_range',True,high_PI_low_calcein;outside_control_range
state-unit-03-18,state,calcein_control_scaled,-5e-324,-5e-324,True,
state-unit-03-18,state,pi_control_scaled,1.5,1.5,True,
state-unit-03-19,state,viability_state,'compromised_like','compromised_like',True,high_PI_low_calcein;outside_control_range
state-unit-03-19,state,viability_reason,'high_PI_low_calcein;outside_control_range','high_PI_low_calcein;outside_control_range',True,high_PI_low_calcein;outside_control_range
state-unit-03-19,state,calcein_control_scaled,-5e-324,-5e-324,True,
state-unit-03-19,state,pi_control_scaled,7.0,7.0,True,
state-unit-03-20,state,viability_state,'indeterminate','indeterminate',True,nonfinite_scaled_signal
state-unit-03-20,state,viability_reason,'nonfinite_scaled_signal','nonfinite_scaled_signal',True,nonfinite_scaled_signal
state-unit-03-20,state,calcein_control_scaled,-5e-324,-5e-324,True,
state-unit-03-20,state,pi_control_scaled,inf,inf,True,
state-unit-03-21,state,viability_state,'indeterminate','indeterminate',True,nonfinite_scaled_signal
state-unit-03-21,state,viability_reason,'nonfinite_scaled_signal','nonfinite_scaled_signal',True,nonfinite_scaled_signal
state-unit-03-21,state,calcein_control_scaled,-5e-324,-5e-324,True,
state-unit-03-21,state,pi_control_scaled,nan,nan,True,
state-unit-04-00,state,viability_state,'indeterminate','indeterminate',True,nonfinite_scaled_signal
state-unit-04-00,state,viability_reason,'nonfinite_scaled_signal','nonfinite_scaled_signal',True,nonfinite_scaled_signal
state-unit-04-00,state,calcein_control_scaled,0.0,0.0,True,
state-unit-04-00,state,pi_control_scaled,-inf,-inf,True,
state-unit-04-01,state,viability_state,'indeterminate','indeterminate',True,both_markers_low;outside_control_range
state-unit-04-01,state,viability_reason,'both_markers_low;outside_control_range','both_markers_low;outside_control_range',True,both_markers_low;outside_control_range
state-unit-04-01,state,calcein_control_scaled,0.0,0.0,True,
state-unit-04-01,state,pi_control_scaled,-5.0,-5.0,True,
state-unit-04-02,state,viability_state,'indeterminate','indeterminate',True,both_markers_low;outside_control_range
state-unit-04-02,state,viability_reason,'both_markers_low;outside_control_range','both_markers_low;outside_control_range',True,both_markers_low;outside_control_range
state-unit-04-02,state,calcein_control_scaled,0.0,0.0,True,
state-unit-04-02,state,pi_control_scaled,-0.5,-0.5,True,
state-unit-04-03,state,viability_state,'indeterminate','indeterminate',True,both_markers_low;outside_control_range
state-unit-04-03,state,viability_reason,'both_markers_low;outside_control_range','both_markers_low;outside_control_range',True,both_markers_low;outside_control_range
state-unit-04-03,state,calcein_control_scaled,0.0,0.0,True,
state-unit-04-03,state,pi_control_scaled,-5e-324,-5e-324,True,
state-unit-04-04,state,viability_state,'indeterminate','indeterminate',True,both_markers_low
state-unit-04-04,state,viability_reason,'both_markers_low','both_markers_low',True,both_markers_low
state-unit-04-04,state,calcein_control_scaled,0.0,0.0,True,
state-unit-04-04,state,pi_control_scaled,0.0,0.0,True,
state-unit-04-05,state,viability_state,'indeterminate','indeterminate',True,both_markers_low
state-unit-04-05,state,viability_reason,'both_markers_low','both_markers_low',True,both_markers_low
state-unit-04-05,state,calcein_control_scaled,0.0,0.0,True,
state-unit-04-05,state,pi_control_scaled,5e-324,5e-324,True,
state-unit-04-06,state,viability_state,'indeterminate','indeterminate',True,both_markers_low
state-unit-04-06,state,viability_reason,'both_markers_low','both_markers_low',True,both_markers_low
state-unit-04-06,state,calcein_control_scaled,0.0,0.0,True,
state-unit-04-06,state,pi_control_scaled,0.15,0.15,True,
state-unit-04-07,state,viability_state,'indeterminate','indeterminate',True,both_markers_low
state-unit-04-07,state,viability_reason,'both_markers_low','both_markers_low',True,both_markers_low
state-unit-04-07,state,calcein_control_scaled,0.0,0.0,True,
state-unit-04-07,state,pi_control_scaled,0.29999999999999993,0.29999999999999993,True,
state-unit-04-08,state,viability_state,'mixed_signal','mixed_signal',True,intermediate_or_discordant_marker_signals
state-unit-04-08,state,viability_reason,'intermediate_or_discordant_marker_signals','intermediate_or_discordant_marker_signals',True,intermediate_or_discordant_marker_signals
state-unit-04-08,state,calcein_control_scaled,0.0,0.0,True,
state-unit-04-08,state,pi_control_scaled,0.3,0.3,True,
state-unit-04-09,state,viability_state,'mixed_signal','mixed_signal',True,intermediate_or_discordant_marker_signals
state-unit-04-09,state,viability_reason,'intermediate_or_discordant_marker_signals','intermediate_or_discordant_marker_signals',True,intermediate_or_discordant_marker_signals
state-unit-04-09,state,calcein_control_scaled,0.0,0.0,True,
state-unit-04-09,state,pi_control_scaled,0.30000000000000004,0.30000000000000004,True,
state-unit-04-10,state,viability_state,'mixed_signal','mixed_signal',True,intermediate_or_discordant_marker_signals
state-unit-04-10,state,viability_reason,'intermediate_or_discordant_marker_signals','intermediate_or_discordant_marker_signals',True,intermediate_or_discordant_marker_signals
state-unit-04-10,state,calcein_control_scaled,0.0,0.0,True,
state-unit-04-10,state,pi_control_scaled,0.45,0.45,True,
state-unit-04-11,state,viability_state,'mixed_signal','mixed_signal',True,intermediate_or_discordant_marker_signals
state-unit-04-11,state,viability_reason,'intermediate_or_discordant_marker_signals','intermediate_or_discordant_marker_signals',True,intermediate_or_discordant_marker_signals
state-unit-04-11,state,calcein_control_scaled,0.0,0.0,True,
state-unit-04-11,state,pi_control_scaled,0.5999999999999999,0.5999999999999999,True,
state-unit-04-12,state,viability_state,'compromised_like','compromised_like',True,high_PI_low_calcein
state-unit-04-12,state,viability_reason,'high_PI_low_calcein','high_PI_low_calcein',True,high_PI_low_calcein
state-unit-04-12,state,calcein_control_scaled,0.0,0.0,True,
state-unit-04-12,state,pi_control_scaled,0.6,0.6,True,
state-unit-04-13,state,viability_state,'compromised_like','compromised_like',True,high_PI_low_calcein
state-unit-04-13,state,viability_reason,'high_PI_low_calcein','high_PI_low_calcein',True,high_PI_low_calcein
state-unit-04-13,state,calcein_control_scaled,0.0,0.0,True,
state-unit-04-13,state,pi_control_scaled,0.6000000000000001,0.6000000000000001,True,
state-unit-04-14,state,viability_state,'compromised_like','compromised_like',True,high_PI_low_calcein
state-unit-04-14,state,viability_reason,'high_PI_low_calcein','high_PI_low_calcein',True,high_PI_low_calcein
state-unit-04-14,state,calcein_control_scaled,0.0,0.0,True,
state-unit-04-14,state,pi_control_scaled,0.8,0.8,True,
state-unit-04-15,state,viability_state,'compromised_like','compromised_like',True,high_PI_low_calcein
state-unit-04-15,state,viability_reason,'high_PI_low_calcein','high_PI_low_calcein',True,high_PI_low_calcein
state-unit-04-15,state,calcein_control_scaled,0.0,0.0,True,
state-unit-04-15,state,pi_control_scaled,0.9999999999999999,0.9999999999999999,True,
state-unit-04-16,state,viability_state,'compromised_like','compromised_like',True,high_PI_low_calcein
state-unit-04-16,state,viability_reason,'high_PI_low_calcein','high_PI_low_calcein',True,high_PI_low_calcein
state-unit-04-16,state,calcein_control_scaled,0.0,0.0,True,
state-unit-04-16,state,pi_control_scaled,1.0,1.0,True,
state-unit-04-17,state,viability_state,'compromised_like','compromised_like',True,high_PI_low_calcein;outside_control_range
state-unit-04-17,state,viability_reason,'high_PI_low_calcein;outside_control_range','high_PI_low_calcein;outside_control_range',True,high_PI_low_calcein;outside_control_range
state-unit-04-17,state,calcein_control_scaled,0.0,0.0,True,
state-unit-04-17,state,pi_control_scaled,1.0000000000000002,1.0000000000000002,True,
state-unit-04-18,state,viability_state,'compromised_like','compromised_like',True,high_PI_low_calcein;outside_control_range
state-unit-04-18,state,viability_reason,'high_PI_low_calcein;outside_control_range','high_PI_low_calcein;outside_control_range',True,high_PI_low_calcein;outside_control_range
state-unit-04-18,state,calcein_control_scaled,0.0,0.0,True,
state-unit-04-18,state,pi_control_scaled,1.5,1.5,True,
state-unit-04-19,state,viability_state,'compromised_like','compromised_like',True,high_PI_low_calcein;outside_control_range
state-unit-04-19,state,viability_reason,'high_PI_low_calcein;outside_control_range','high_PI_low_calcein;outside_control_range',True,high_PI_low_calcein;outside_control_range
state-unit-04-19,state,calcein_control_scaled,0.0,0.0,True,
state-unit-04-19,state,pi_control_scaled,7.0,7.0,True,
state-unit-04-20,state,viability_state,'indeterminate','indeterminate',True,nonfinite_scaled_signal
state-unit-04-20,state,viability_reason,'nonfinite_scaled_signal','nonfinite_scaled_signal',True,nonfinite_scaled_signal
state-unit-04-20,state,calcein_control_scaled,0.0,0.0,True,
state-unit-04-20,state,pi_control_scaled,inf,inf,True,
state-unit-04-21,state,viability_state,'indeterminate','indeterminate',True,nonfinite_scaled_signal
state-unit-04-21,state,viability_reason,'nonfinite_scaled_signal','nonfinite_scaled_signal',True,nonfinite_scaled_signal
state-unit-04-21,state,calcein_control_scaled,0.0,0.0,True,
state-unit-04-21,state,pi_control_scaled,nan,nan,True,
state-unit-05-00,state,viability_state,'indeterminate','indeterminate',True,nonfinite_scaled_signal
state-unit-05-00,state,viability_reason,'nonfinite_scaled_signal','nonfinite_scaled_signal',True,nonfinite_scaled_signal
state-unit-05-00,state,calcein_control_scaled,5e-324,5e-324,True,
state-unit-05-00,state,pi_control_scaled,-inf,-inf,True,
state-unit-05-01,state,viability_state,'indeterminate','indeterminate',True,both_markers_low;outside_control_range
state-unit-05-01,state,viability_reason,'both_markers_low;outside_control_range','both_markers_low;outside_control_range',True,both_markers_low;outside_control_range
state-unit-05-01,state,calcein_control_scaled,5e-324,5e-324,True,
state-unit-05-01,state,pi_control_scaled,-5.0,-5.0,True,
state-unit-05-02,state,viability_state,'indeterminate','indeterminate',True,both_markers_low;outside_control_range
state-unit-05-02,state,viability_reason,'both_markers_low;outside_control_range','both_markers_low;outside_control_range',True,both_markers_low;outside_control_range
state-unit-05-02,state,calcein_control_scaled,5e-324,5e-324,True,
state-unit-05-02,state,pi_control_scaled,-0.5,-0.5,True,
state-unit-05-03,state,viability_state,'indeterminate','indeterminate',True,both_markers_low;outside_control_range
state-unit-05-03,state,viability_reason,'both_markers_low;outside_control_range','both_markers_low;outside_control_range',True,both_markers_low;outside_control_range
state-unit-05-03,state,calcein_control_scaled,5e-324,5e-324,True,
state-unit-05-03,state,pi_control_scaled,-5e-324,-5e-324,True,
state-unit-05-04,state,viability_state,'indeterminate','indeterminate',True,both_markers_low
state-unit-05-04,state,viability_reason,'both_markers_low','both_markers_low',True,both_markers_low
state-unit-05-04,state,calcein_control_scaled,5e-324,5e-324,True,
state-unit-05-04,state,pi_control_scaled,0.0,0.0,True,
state-unit-05-05,state,viability_state,'indeterminate','indeterminate',True,both_markers_low
state-unit-05-05,state,viability_reason,'both_markers_low','both_markers_low',True,both_markers_low
state-unit-05-05,state,calcein_control_scaled,5e-324,5e-324,True,
state-unit-05-05,state,pi_control_scaled,5e-324,5e-324,True,
state-unit-05-06,state,viability_state,'indeterminate','indeterminate',True,both_markers_low
state-unit-05-06,state,viability_reason,'both_markers_low','both_markers_low',True,both_markers_low
state-unit-05-06,state,calcein_control_scaled,5e-324,5e-324,True,
state-unit-05-06,state,pi_control_scaled,0.15,0.15,True,
state-unit-05-07,state,viability_state,'indeterminate','indeterminate',True,both_markers_low
state-unit-05-07,state,viability_reason,'both_markers_low','both_markers_low',True,both_markers_low
state-unit-05-07,state,calcein_control_scaled,5e-324,5e-324,True,
state-unit-05-07,state,pi_control_scaled,0.29999999999999993,0.29999999999999993,True,
state-unit-05-08,state,viability_state,'mixed_signal','mixed_signal',True,intermediate_or_discordant_marker_signals
state-unit-05-08,state,viability_reason,'intermediate_or_discordant_marker_signals','intermediate_or_discordant_marker_signals',True,intermediate_or_discordant_marker_signals
state-unit-05-08,state,calcein_control_scaled,5e-324,5e-324,True,
state-unit-05-08,state,pi_control_scaled,0.3,0.3,True,
state-unit-05-09,state,viability_state,'mixed_signal','mixed_signal',True,intermediate_or_discordant_marker_signals
state-unit-05-09,state,viability_reason,'intermediate_or_discordant_marker_signals','intermediate_or_discordant_marker_signals',True,intermediate_or_discordant_marker_signals
state-unit-05-09,state,calcein_control_scaled,5e-324,5e-324,True,
state-unit-05-09,state,pi_control_scaled,0.30000000000000004,0.30000000000000004,True,
state-unit-05-10,state,viability_state,'mixed_signal','mixed_signal',True,intermediate_or_discordant_marker_signals
state-unit-05-10,state,viability_reason,'intermediate_or_discordant_marker_signals','intermediate_or_discordant_marker_signals',True,intermediate_or_discordant_marker_signals
state-unit-05-10,state,calcein_control_scaled,5e-324,5e-324,True,
state-unit-05-10,state,pi_control_scaled,0.45,0.45,True,
state-unit-05-11,state,viability_state,'mixed_signal','mixed_signal',True,intermediate_or_discordant_marker_signals
state-unit-05-11,state,viability_reason,'intermediate_or_discordant_marker_signals','intermediate_or_discordant_marker_signals',True,intermediate_or_discordant_marker_signals
state-unit-05-11,state,calcein_control_scaled,5e-324,5e-324,True,
state-unit-05-11,state,pi_control_scaled,0.5999999999999999,0.5999999999999999,True,
state-unit-05-12,state,viability_state,'compromised_like','compromised_like',True,high_PI_low_calcein
state-unit-05-12,state,viability_reason,'high_PI_low_calcein','high_PI_low_calcein',True,high_PI_low_calcein
state-unit-05-12,state,calcein_control_scaled,5e-324,5e-324,True,
state-unit-05-12,state,pi_control_scaled,0.6,0.6,True,
state-unit-05-13,state,viability_state,'compromised_like','compromised_like',True,high_PI_low_calcein
state-unit-05-13,state,viability_reason,'high_PI_low_calcein','high_PI_low_calcein',True,high_PI_low_calcein
state-unit-05-13,state,calcein_control_scaled,5e-324,5e-324,True,
state-unit-05-13,state,pi_control_scaled,0.6000000000000001,0.6000000000000001,True,
state-unit-05-14,state,viability_state,'compromised_like','compromised_like',True,high_PI_low_calcein
state-unit-05-14,state,viability_reason,'high_PI_low_calcein','high_PI_low_calcein',True,high_PI_low_calcein
state-unit-05-14,state,calcein_control_scaled,5e-324,5e-324,True,
state-unit-05-14,state,pi_control_scaled,0.8,0.8,True,
state-unit-05-15,state,viability_state,'compromised_like','compromised_like',True,high_PI_low_calcein
state-unit-05-15,state,viability_reason,'high_PI_low_calcein','high_PI_low_calcein',True,high_PI_low_calcein
state-unit-05-15,state,calcein_control_scaled,5e-324,5e-324,True,
state-unit-05-15,state,pi_control_scaled,0.9999999999999999,0.9999999999999999,True,
state-unit-05-16,state,viability_state,'compromised_like','compromised_like',True,high_PI_low_calcein
state-unit-05-16,state,viability_reason,'high_PI_low_calcein','high_PI_low_calcein',True,high_PI_low_calcein
state-unit-05-16,state,calcein_control_scaled,5e-324,5e-324,True,
state-unit-05-16,state,pi_control_scaled,1.0,1.0,True,
state-unit-05-17,state,viability_state,'compromised_like','compromised_like',True,high_PI_low_calcein;outside_control_range
state-unit-05-17,state,viability_reason,'high_PI_low_calcein;outside_control_range','high_PI_low_calcein;outside_control_range',True,high_PI_low_calcein;outside_control_range
state-unit-05-17,state,calcein_control_scaled,5e-324,5e-324,True,
state-unit-05-17,state,pi_control_scaled,1.0000000000000002,1.0000000000000002,True,
state-unit-05-18,state,viability_state,'compromised_like','compromised_like',True,high_PI_low_calcein;outside_control_range
state-unit-05-18,state,viability_reason,'high_PI_low_calcein;outside_control_range','high_PI_low_calcein;outside_control_range',True,high_PI_low_calcein;outside_control_range
state-unit-05-18,state,calcein_control_scaled,5e-324,5e-324,True,
state-unit-05-18,state,pi_control_scaled,1.5,1.5,True,
state-unit-05-19,state,viability_state,'compromised_like','compromised_like',True,high_PI_low_calcein;outside_control_range
state-unit-05-19,state,viability_reason,'high_PI_low_calcein;outside_control_range','high_PI_low_calcein;outside_control_range',True,high_PI_low_calcein;outside_control_range
state-unit-05-19,state,calcein_control_scaled,5e-324,5e-324,True,
state-unit-05-19,state,pi_control_scaled,7.0,7.0,True,
state-unit-05-20,state,viability_state,'indeterminate','indeterminate',True,nonfinite_scaled_signal
state-unit-05-20,state,viability_reason,'nonfinite_scaled_signal','nonfinite_scaled_signal',True,nonfinite_scaled_signal
state-unit-05-20,state,calcein_control_scaled,5e-324,5e-324,True,
state-unit-05-20,state,pi_control_scaled,inf,inf,True,
state-unit-05-21,state,viability_state,'indeterminate','indeterminate',True,nonfinite_scaled_signal
state-unit-05-21,state,viability_reason,'nonfinite_scaled_signal','nonfinite_scaled_signal',True,nonfinite_scaled_signal
state-unit-05-21,state,calcein_control_scaled,5e-324,5e-324,True,
state-unit-05-21,state,pi_control_scaled,nan,nan,True,
state-unit-06-00,state,viability_state,'indeterminate','indeterminate',True,nonfinite_scaled_signal
state-unit-06-00,state,viability_reason,'nonfinite_scaled_signal','nonfinite_scaled_signal',True,nonfinite_scaled_signal
state-unit-06-00,state,calcein_control_scaled,0.15,0.15,True,
state-unit-06-00,state,pi_control_scaled,-inf,-inf,True,
state-unit-06-01,state,viability_state,'indeterminate','indeterminate',True,both_markers_low;outside_control_range
state-unit-06-01,state,viability_reason,'both_markers_low;outside_control_range','both_markers_low;outside_control_range',True,both_markers_low;outside_control_range
state-unit-06-01,state,calcein_control_scaled,0.15,0.15,True,
state-unit-06-01,state,pi_control_scaled,-5.0,-5.0,True,
state-unit-06-02,state,viability_state,'indeterminate','indeterminate',True,both_markers_low;outside_control_range
state-unit-06-02,state,viability_reason,'both_markers_low;outside_control_range','both_markers_low;outside_control_range',True,both_markers_low;outside_control_range
state-unit-06-02,state,calcein_control_scaled,0.15,0.15,True,
state-unit-06-02,state,pi_control_scaled,-0.5,-0.5,True,
state-unit-06-03,state,viability_state,'indeterminate','indeterminate',True,both_markers_low;outside_control_range
state-unit-06-03,state,viability_reason,'both_markers_low;outside_control_range','both_markers_low;outside_control_range',True,both_markers_low;outside_control_range
state-unit-06-03,state,calcein_control_scaled,0.15,0.15,True,
state-unit-06-03,state,pi_control_scaled,-5e-324,-5e-324,True,
state-unit-06-04,state,viability_state,'indeterminate','indeterminate',True,both_markers_low
state-unit-06-04,state,viability_reason,'both_markers_low','both_markers_low',True,both_markers_low
state-unit-06-04,state,calcein_control_scaled,0.15,0.15,True,
state-unit-06-04,state,pi_control_scaled,0.0,0.0,True,
state-unit-06-05,state,viability_state,'indeterminate','indeterminate',True,both_markers_low
state-unit-06-05,state,viability_reason,'both_markers_low','both_markers_low',True,both_markers_low
state-unit-06-05,state,calcein_control_scaled,0.15,0.15,True,
state-unit-06-05,state,pi_control_scaled,5e-324,5e-324,True,
state-unit-06-06,state,viability_state,'indeterminate','indeterminate',True,both_markers_low
state-unit-06-06,state,viability_reason,'both_markers_low','both_markers_low',True,both_markers_low
state-unit-06-06,state,calcein_control_scaled,0.15,0.15,True,
state-unit-06-06,state,pi_control_scaled,0.15,0.15,True,
state-unit-06-07,state,viability_state,'indeterminate','indeterminate',True,both_markers_low
state-unit-06-07,state,viability_reason,'both_markers_low','both_markers_low',True,both_markers_low
state-unit-06-07,state,calcein_control_scaled,0.15,0.15,True,
state-unit-06-07,state,pi_control_scaled,0.29999999999999993,0.29999999999999993,True,
state-unit-06-08,state,viability_state,'mixed_signal','mixed_signal',True,intermediate_or_discordant_marker_signals
state-unit-06-08,state,viability_reason,'intermediate_or_discordant_marker_signals','intermediate_or_discordant_marker_signals',True,intermediate_or_discordant_marker_signals
state-unit-06-08,state,calcein_control_scaled,0.15,0.15,True,
state-unit-06-08,state,pi_control_scaled,0.3,0.3,True,
state-unit-06-09,state,viability_state,'mixed_signal','mixed_signal',True,intermediate_or_discordant_marker_signals
state-unit-06-09,state,viability_reason,'intermediate_or_discordant_marker_signals','intermediate_or_discordant_marker_signals',True,intermediate_or_discordant_marker_signals
state-unit-06-09,state,calcein_control_scaled,0.15,0.15,True,
state-unit-06-09,state,pi_control_scaled,0.30000000000000004,0.30000000000000004,True,
state-unit-06-10,state,viability_state,'mixed_signal','mixed_signal',True,intermediate_or_discordant_marker_signals
state-unit-06-10,state,viability_reason,'intermediate_or_discordant_marker_signals','intermediate_or_discordant_marker_signals',True,intermediate_or_discordant_marker_signals
state-unit-06-10,state,calcein_control_scaled,0.15,0.15,True,
state-unit-06-10,state,pi_control_scaled,0.45,0.45,True,
state-unit-06-11,state,viability_state,'mixed_signal','mixed_signal',True,intermediate_or_discordant_marker_signals
state-unit-06-11,state,viability_reason,'intermediate_or_discordant_marker_signals','intermediate_or_discordant_marker_signals',True,intermediate_or_discordant_marker_signals
state-unit-06-11,state,calcein_control_scaled,0.15,0.15,True,
state-unit-06-11,state,pi_control_scaled,0.5999999999999999,0.5999999999999999,True,
state-unit-06-12,state,viability_state,'compromised_like','compromised_like',True,high_PI_low_calcein
state-unit-06-12,state,viability_reason,'high_PI_low_calcein','high_PI_low_calcein',True,high_PI_low_calcein
state-unit-06-12,state,calcein_control_scaled,0.15,0.15,True,
state-unit-06-12,state,pi_control_scaled,0.6,0.6,True,
state-unit-06-13,state,viability_state,'compromised_like','compromised_like',True,high_PI_low_calcein
state-unit-06-13,state,viability_reason,'high_PI_low_calcein','high_PI_low_calcein',True,high_PI_low_calcein
state-unit-06-13,state,calcein_control_scaled,0.15,0.15,True,
state-unit-06-13,state,pi_control_scaled,0.6000000000000001,0.6000000000000001,True,
state-unit-06-14,state,viability_state,'compromised_like','compromised_like',True,high_PI_low_calcein
state-unit-06-14,state,viability_reason,'high_PI_low_calcein','high_PI_low_calcein',True,high_PI_low_calcein
state-unit-06-14,state,calcein_control_scaled,0.15,0.15,True,
state-unit-06-14,state,pi_control_scaled,0.8,0.8,True,
state-unit-06-15,state,viability_state,'compromised_like','compromised_like',True,high_PI_low_calcein
state-unit-06-15,state,viability_reason,'high_PI_low_calcein','high_PI_low_calcein',True,high_PI_low_calcein
state-unit-06-15,state,calcein_control_scaled,0.15,0.15,True,
state-unit-06-15,state,pi_control_scaled,0.9999999999999999,0.9999999999999999,True,
state-unit-06-16,state,viability_state,'compromised_like','compromised_like',True,high_PI_low_calcein
state-unit-06-16,state,viability_reason,'high_PI_low_calcein','high_PI_low_calcein',True,high_PI_low_calcein
state-unit-06-16,state,calcein_control_scaled,0.15,0.15,True,
state-unit-06-16,state,pi_control_scaled,1.0,1.0,True,
state-unit-06-17,state,viability_state,'compromised_like','compromised_like',True,high_PI_low_calcein;outside_control_range
state-unit-06-17,state,viability_reason,'high_PI_low_calcein;outside_control_range','high_PI_low_calcein;outside_control_range',True,high_PI_low_calcein;outside_control_range
state-unit-06-17,state,calcein_control_scaled,0.15,0.15,True,
state-unit-06-17,state,pi_control_scaled,1.0000000000000002,1.0000000000000002,True,
state-unit-06-18,state,viability_state,'compromised_like','compromised_like',True,high_PI_low_calcein;outside_control_range
state-unit-06-18,state,viability_reason,'high_PI_low_calcein;outside_control_range','high_PI_low_calcein;outside_control_range',True,high_PI_low_calcein;outside_control_range
state-unit-06-18,state,calcein_control_scaled,0.15,0.15,True,
state-unit-06-18,state,pi_control_scaled,1.5,1.5,True,
state-unit-06-19,state,viability_state,'compromised_like','compromised_like',True,high_PI_low_calcein;outside_control_range
state-unit-06-19,state,viability_reason,'high_PI_low_calcein;outside_control_range','high_PI_low_calcein;outside_control_range',True,high_PI_low_calcein;outside_control_range
state-unit-06-19,state,calcein_control_scaled,0.15,0.15,True,
state-unit-06-19,state,pi_control_scaled,7.0,7.0,True,
state-unit-06-20,state,viability_state,'indeterminate','indeterminate',True,nonfinite_scaled_signal
state-unit-06-20,state,viability_reason,'nonfinite_scaled_signal','nonfinite_scaled_signal',True,nonfinite_scaled_signal
state-unit-06-20,state,calcein_control_scaled,0.15,0.15,True,
state-unit-06-20,state,pi_control_scaled,inf,inf,True,
state-unit-06-21,state,viability_state,'indeterminate','indeterminate',True,nonfinite_scaled_signal
state-unit-06-21,state,viability_reason,'nonfinite_scaled_signal','nonfinite_scaled_signal',True,nonfinite_scaled_signal
state-unit-06-21,state,calcein_control_scaled,0.15,0.15,True,
state-unit-06-21,state,pi_control_scaled,nan,nan,True,
state-unit-07-00,state,viability_state,'indeterminate','indeterminate',True,nonfinite_scaled_signal
state-unit-07-00,state,viability_reason,'nonfinite_scaled_signal','nonfinite_scaled_signal',True,nonfinite_scaled_signal
state-unit-07-00,state,calcein_control_scaled,0.29999999999999993,0.29999999999999993,True,
state-unit-07-00,state,pi_control_scaled,-inf,-inf,True,
state-unit-07-01,state,viability_state,'indeterminate','indeterminate',True,both_markers_low;outside_control_range
state-unit-07-01,state,viability_reason,'both_markers_low;outside_control_range','both_markers_low;outside_control_range',True,both_markers_low;outside_control_range
state-unit-07-01,state,calcein_control_scaled,0.29999999999999993,0.29999999999999993,True,
state-unit-07-01,state,pi_control_scaled,-5.0,-5.0,True,
state-unit-07-02,state,viability_state,'indeterminate','indeterminate',True,both_markers_low;outside_control_range
state-unit-07-02,state,viability_reason,'both_markers_low;outside_control_range','both_markers_low;outside_control_range',True,both_markers_low;outside_control_range
state-unit-07-02,state,calcein_control_scaled,0.29999999999999993,0.29999999999999993,True,
state-unit-07-02,state,pi_control_scaled,-0.5,-0.5,True,
state-unit-07-03,state,viability_state,'indeterminate','indeterminate',True,both_markers_low;outside_control_range
state-unit-07-03,state,viability_reason,'both_markers_low;outside_control_range','both_markers_low;outside_control_range',True,both_markers_low;outside_control_range
state-unit-07-03,state,calcein_control_scaled,0.29999999999999993,0.29999999999999993,True,
state-unit-07-03,state,pi_control_scaled,-5e-324,-5e-324,True,
state-unit-07-04,state,viability_state,'indeterminate','indeterminate',True,both_markers_low
state-unit-07-04,state,viability_reason,'both_markers_low','both_markers_low',True,both_markers_low
state-unit-07-04,state,calcein_control_scaled,0.29999999999999993,0.29999999999999993,True,
state-unit-07-04,state,pi_control_scaled,0.0,0.0,True,
state-unit-07-05,state,viability_state,'indeterminate','indeterminate',True,both_markers_low
state-unit-07-05,state,viability_reason,'both_markers_low','both_markers_low',True,both_markers_low
state-unit-07-05,state,calcein_control_scaled,0.29999999999999993,0.29999999999999993,True,
state-unit-07-05,state,pi_control_scaled,5e-324,5e-324,True,
state-unit-07-06,state,viability_state,'indeterminate','indeterminate',True,both_markers_low
state-unit-07-06,state,viability_reason,'both_markers_low','both_markers_low',True,both_markers_low
state-unit-07-06,state,calcein_control_scaled,0.29999999999999993,0.29999999999999993,True,
state-unit-07-06,state,pi_control_scaled,0.15,0.15,True,
state-unit-07-07,state,viability_state,'indeterminate','indeterminate',True,both_markers_low
state-unit-07-07,state,viability_reason,'both_markers_low','both_markers_low',True,both_markers_low
state-unit-07-07,state,calcein_control_scaled,0.29999999999999993,0.29999999999999993,True,
state-unit-07-07,state,pi_control_scaled,0.29999999999999993,0.29999999999999993,True,
state-unit-07-08,state,viability_state,'mixed_signal','mixed_signal',True,intermediate_or_discordant_marker_signals
state-unit-07-08,state,viability_reason,'intermediate_or_discordant_marker_signals','intermediate_or_discordant_marker_signals',True,intermediate_or_discordant_marker_signals
state-unit-07-08,state,calcein_control_scaled,0.29999999999999993,0.29999999999999993,True,
state-unit-07-08,state,pi_control_scaled,0.3,0.3,True,
state-unit-07-09,state,viability_state,'mixed_signal','mixed_signal',True,intermediate_or_discordant_marker_signals
state-unit-07-09,state,viability_reason,'intermediate_or_discordant_marker_signals','intermediate_or_discordant_marker_signals',True,intermediate_or_discordant_marker_signals
state-unit-07-09,state,calcein_control_scaled,0.29999999999999993,0.29999999999999993,True,
state-unit-07-09,state,pi_control_scaled,0.30000000000000004,0.30000000000000004,True,
state-unit-07-10,state,viability_state,'mixed_signal','mixed_signal',True,intermediate_or_discordant_marker_signals
state-unit-07-10,state,viability_reason,'intermediate_or_discordant_marker_signals','intermediate_or_discordant_marker_signals',True,intermediate_or_discordant_marker_signals
state-unit-07-10,state,calcein_control_scaled,0.29999999999999993,0.29999999999999993,True,
state-unit-07-10,state,pi_control_scaled,0.45,0.45,True,
state-unit-07-11,state,viability_state,'mixed_signal','mixed_signal',True,intermediate_or_discordant_marker_signals
state-unit-07-11,state,viability_reason,'intermediate_or_discordant_marker_signals','intermediate_or_discordant_marker_signals',True,intermediate_or_discordant_marker_signals
state-unit-07-11,state,calcein_control_scaled,0.29999999999999993,0.29999999999999993,True,
state-unit-07-11,state,pi_control_scaled,0.5999999999999999,0.5999999999999999,True,
state-unit-07-12,state,viability_state,'compromised_like','compromised_like',True,high_PI_low_calcein
state-unit-07-12,state,viability_reason,'high_PI_low_calcein','high_PI_low_calcein',True,high_PI_low_calcein
state-unit-07-12,state,calcein_control_scaled,0.29999999999999993,0.29999999999999993,True,
state-unit-07-12,state,pi_control_scaled,0.6,0.6,True,
state-unit-07-13,state,viability_state,'compromised_like','compromised_like',True,high_PI_low_calcein
state-unit-07-13,state,viability_reason,'high_PI_low_calcein','high_PI_low_calcein',True,high_PI_low_calcein
state-unit-07-13,state,calcein_control_scaled,0.29999999999999993,0.29999999999999993,True,
state-unit-07-13,state,pi_control_scaled,0.6000000000000001,0.6000000000000001,True,
state-unit-07-14,state,viability_state,'compromised_like','compromised_like',True,high_PI_low_calcein
state-unit-07-14,state,viability_reason,'high_PI_low_calcein','high_PI_low_calcein',True,high_PI_low_calcein
state-unit-07-14,state,calcein_control_scaled,0.29999999999999993,0.29999999999999993,True,
state-unit-07-14,state,pi_control_scaled,0.8,0.8,True,
state-unit-07-15,state,viability_state,'compromised_like','compromised_like',True,high_PI_low_calcein
state-unit-07-15,state,viability_reason,'high_PI_low_calcein','high_PI_low_calcein',True,high_PI_low_calcein
state-unit-07-15,state,calcein_control_scaled,0.29999999999999993,0.29999999999999993,True,
state-unit-07-15,state,pi_control_scaled,0.9999999999999999,0.9999999999999999,True,
state-unit-07-16,state,viability_state,'compromised_like','compromised_like',True,high_PI_low_calcein
state-unit-07-16,state,viability_reason,'high_PI_low_calcein','high_PI_low_calcein',True,high_PI_low_calcein
state-unit-07-16,state,calcein_control_scaled,0.29999999999999993,0.29999999999999993,True,
state-unit-07-16,state,pi_control_scaled,1.0,1.0,True,
state-unit-07-17,state,viability_state,'compromised_like','compromised_like',True,high_PI_low_calcein;outside_control_range
state-unit-07-17,state,viability_reason,'high_PI_low_calcein;outside_control_range','high_PI_low_calcein;outside_control_range',True,high_PI_low_calcein;outside_control_range
state-unit-07-17,state,calcein_control_scaled,0.29999999999999993,0.29999999999999993,True,
state-unit-07-17,state,pi_control_scaled,1.0000000000000002,1.0000000000000002,True,
state-unit-07-18,state,viability_state,'compromised_like','compromised_like',True,high_PI_low_calcein;outside_control_range
state-unit-07-18,state,viability_reason,'high_PI_low_calcein;outside_control_range','high_PI_low_calcein;outside_control_range',True,high_PI_low_calcein;outside_control_range
state-unit-07-18,state,calcein_control_scaled,0.29999999999999993,0.29999999999999993,True,
state-unit-07-18,state,pi_control_scaled,1.5,1.5,True,
state-unit-07-19,state,viability_state,'compromised_like','compromised_like',True,high_PI_low_calcein;outside_control_range
state-unit-07-19,state,viability_reason,'high_PI_low_calcein;outside_control_range','high_PI_low_calcein;outside_control_range',True,high_PI_low_calcein;outside_control_range
state-unit-07-19,state,calcein_control_scaled,0.29999999999999993,0.29999999999999993,True,
state-unit-07-19,state,pi_control_scaled,7.0,7.0,True,
state-unit-07-20,state,viability_state,'indeterminate','indeterminate',True,nonfinite_scaled_signal
state-unit-07-20,state,viability_reason,'nonfinite_scaled_signal','nonfinite_scaled_signal',True,nonfinite_scaled_signal
state-unit-07-20,state,calcein_control_scaled,0.29999999999999993,0.29999999999999993,True,
state-unit-07-20,state,pi_control_scaled,inf,inf,True,
state-unit-07-21,state,viability_state,'indeterminate','indeterminate',True,nonfinite_scaled_signal
state-unit-07-21,state,viability_reason,'nonfinite_scaled_signal','nonfinite_scaled_signal',True,nonfinite_scaled_signal
state-unit-07-21,state,calcein_control_scaled,0.29999999999999993,0.29999999999999993,True,
state-unit-07-21,state,pi_control_scaled,nan,nan,True,
state-unit-08-00,state,viability_state,'indeterminate','indeterminate',True,nonfinite_scaled_signal
state-unit-08-00,state,viability_reason,'nonfinite_scaled_signal','nonfinite_scaled_signal',True,nonfinite_scaled_signal
state-unit-08-00,state,calcein_control_scaled,0.3,0.3,True,
state-unit-08-00,state,pi_control_scaled,-inf,-inf,True,
state-unit-08-01,state,viability_state,'mixed_signal','mixed_signal',True,intermediate_or_discordant_marker_signals;outside_control_range
state-unit-08-01,state,viability_reason,'intermediate_or_discordant_marker_signals;outside_control_range','intermediate_or_discordant_marker_signals;outside_control_range',True,intermediate_or_discordant_marker_signals;outside_control_range
state-unit-08-01,state,calcein_control_scaled,0.3,0.3,True,
state-unit-08-01,state,pi_control_scaled,-5.0,-5.0,True,
state-unit-08-02,state,viability_state,'mixed_signal','mixed_signal',True,intermediate_or_discordant_marker_signals;outside_control_range
state-unit-08-02,state,viability_reason,'intermediate_or_discordant_marker_signals;outside_control_range','intermediate_or_discordant_marker_signals;outside_control_range',True,intermediate_or_discordant_marker_signals;outside_control_range
state-unit-08-02,state,calcein_control_scaled,0.3,0.3,True,
state-unit-08-02,state,pi_control_scaled,-0.5,-0.5,True,
state-unit-08-03,state,viability_state,'mixed_signal','mixed_signal',True,intermediate_or_discordant_marker_signals;outside_control_range
state-unit-08-03,state,viability_reason,'intermediate_or_discordant_marker_signals;outside_control_range','intermediate_or_discordant_marker_signals;outside_control_range',True,intermediate_or_discordant_marker_signals;outside_control_range
state-unit-08-03,state,calcein_control_scaled,0.3,0.3,True,
state-unit-08-03,state,pi_control_scaled,-5e-324,-5e-324,True,
state-unit-08-04,state,viability_state,'mixed_signal','mixed_signal',True,intermediate_or_discordant_marker_signals
state-unit-08-04,state,viability_reason,'intermediate_or_discordant_marker_signals','intermediate_or_discordant_marker_signals',True,intermediate_or_discordant_marker_signals
state-unit-08-04,state,calcein_control_scaled,0.3,0.3,True,
state-unit-08-04,state,pi_control_scaled,0.0,0.0,True,
state-unit-08-05,state,viability_state,'mixed_signal','mixed_signal',True,intermediate_or_discordant_marker_signals
state-unit-08-05,state,viability_reason,'intermediate_or_discordant_marker_signals','intermediate_or_discordant_marker_signals',True,intermediate_or_discordant_marker_signals
state-unit-08-05,state,calcein_control_scaled,0.3,0.3,True,
state-unit-08-05,state,pi_control_scaled,5e-324,5e-324,True,
state-unit-08-06,state,viability_state,'mixed_signal','mixed_signal',True,intermediate_or_discordant_marker_signals
state-unit-08-06,state,viability_reason,'intermediate_or_discordant_marker_signals','intermediate_or_discordant_marker_signals',True,intermediate_or_discordant_marker_signals
state-unit-08-06,state,calcein_control_scaled,0.3,0.3,True,
state-unit-08-06,state,pi_control_scaled,0.15,0.15,True,
state-unit-08-07,state,viability_state,'mixed_signal','mixed_signal',True,intermediate_or_discordant_marker_signals
state-unit-08-07,state,viability_reason,'intermediate_or_discordant_marker_signals','intermediate_or_discordant_marker_signals',True,intermediate_or_discordant_marker_signals
state-unit-08-07,state,calcein_control_scaled,0.3,0.3,True,
state-unit-08-07,state,pi_control_scaled,0.29999999999999993,0.29999999999999993,True,
state-unit-08-08,state,viability_state,'mixed_signal','mixed_signal',True,intermediate_or_discordant_marker_signals
state-unit-08-08,state,viability_reason,'intermediate_or_discordant_marker_signals','intermediate_or_discordant_marker_signals',True,intermediate_or_discordant_marker_signals
state-unit-08-08,state,calcein_control_scaled,0.3,0.3,True,
state-unit-08-08,state,pi_control_scaled,0.3,0.3,True,
state-unit-08-09,state,viability_state,'mixed_signal','mixed_signal',True,intermediate_or_discordant_marker_signals
state-unit-08-09,state,viability_reason,'intermediate_or_discordant_marker_signals','intermediate_or_discordant_marker_signals',True,intermediate_or_discordant_marker_signals
state-unit-08-09,state,calcein_control_scaled,0.3,0.3,True,
state-unit-08-09,state,pi_control_scaled,0.30000000000000004,0.30000000000000004,True,
state-unit-08-10,state,viability_state,'mixed_signal','mixed_signal',True,intermediate_or_discordant_marker_signals
state-unit-08-10,state,viability_reason,'intermediate_or_discordant_marker_signals','intermediate_or_discordant_marker_signals',True,intermediate_or_discordant_marker_signals
state-unit-08-10,state,calcein_control_scaled,0.3,0.3,True,
state-unit-08-10,state,pi_control_scaled,0.45,0.45,True,
state-unit-08-11,state,viability_state,'mixed_signal','mixed_signal',True,intermediate_or_discordant_marker_signals
state-unit-08-11,state,viability_reason,'intermediate_or_discordant_marker_signals','intermediate_or_discordant_marker_signals',True,intermediate_or_discordant_marker_signals
state-unit-08-11,state,calcein_control_scaled,0.3,0.3,True,
state-unit-08-11,state,pi_control_scaled,0.5999999999999999,0.5999999999999999,True,
state-unit-08-12,state,viability_state,'compromised_like','compromised_like',True,high_PI_low_calcein
state-unit-08-12,state,viability_reason,'high_PI_low_calcein','high_PI_low_calcein',True,high_PI_low_calcein
state-unit-08-12,state,calcein_control_scaled,0.3,0.3,True,
state-unit-08-12,state,pi_control_scaled,0.6,0.6,True,
state-unit-08-13,state,viability_state,'compromised_like','compromised_like',True,high_PI_low_calcein
state-unit-08-13,state,viability_reason,'high_PI_low_calcein','high_PI_low_calcein',True,high_PI_low_calcein
state-unit-08-13,state,calcein_control_scaled,0.3,0.3,True,
state-unit-08-13,state,pi_control_scaled,0.6000000000000001,0.6000000000000001,True,
state-unit-08-14,state,viability_state,'compromised_like','compromised_like',True,high_PI_low_calcein
state-unit-08-14,state,viability_reason,'high_PI_low_calcein','high_PI_low_calcein',True,high_PI_low_calcein
state-unit-08-14,state,calcein_control_scaled,0.3,0.3,True,
state-unit-08-14,state,pi_control_scaled,0.8,0.8,True,
state-unit-08-15,state,viability_state,'compromised_like','compromised_like',True,high_PI_low_calcein
state-unit-08-15,state,viability_reason,'high_PI_low_calcein','high_PI_low_calcein',True,high_PI_low_calcein
state-unit-08-15,state,calcein_control_scaled,0.3,0.3,True,
state-unit-08-15,state,pi_control_scaled,0.9999999999999999,0.9999999999999999,True,
state-unit-08-16,state,viability_state,'compromised_like','compromised_like',True,high_PI_low_calcein
state-unit-08-16,state,viability_reason,'high_PI_low_calcein','high_PI_low_calcein',True,high_PI_low_calcein
state-unit-08-16,state,calcein_control_scaled,0.3,0.3,True,
state-unit-08-16,state,pi_control_scaled,1.0,1.0,True,
state-unit-08-17,state,viability_state,'compromised_like','compromised_like',True,high_PI_low_calcein;outside_control_range
state-unit-08-17,state,viability_reason,'high_PI_low_calcein;outside_control_range','high_PI_low_calcein;outside_control_range',True,high_PI_low_calcein;outside_control_range
state-unit-08-17,state,calcein_control_scaled,0.3,0.3,True,
state-unit-08-17,state,pi_control_scaled,1.0000000000000002,1.0000000000000002,True,
state-unit-08-18,state,viability_state,'compromised_like','compromised_like',True,high_PI_low_calcein;outside_control_range
state-unit-08-18,state,viability_reason,'high_PI_low_calcein;outside_control_range','high_PI_low_calcein;outside_control_range',True,high_PI_low_calcein;outside_control_range
state-unit-08-18,state,calcein_control_scaled,0.3,0.3,True,
state-unit-08-18,state,pi_control_scaled,1.5,1.5,True,
state-unit-08-19,state,viability_state,'compromised_like','compromised_like',True,high_PI_low_calcein;outside_control_range
state-unit-08-19,state,viability_reason,'high_PI_low_calcein;outside_control_range','high_PI_low_calcein;outside_control_range',True,high_PI_low_calcein;outside_control_range
state-unit-08-19,state,calcein_control_scaled,0.3,0.3,True,
state-unit-08-19,state,pi_control_scaled,7.0,7.0,True,
state-unit-08-20,state,viability_state,'indeterminate','indeterminate',True,nonfinite_scaled_signal
state-unit-08-20,state,viability_reason,'nonfinite_scaled_signal','nonfinite_scaled_signal',True,nonfinite_scaled_signal
state-unit-08-20,state,calcein_control_scaled,0.3,0.3,True,
state-unit-08-20,state,pi_control_scaled,inf,inf,True,
state-unit-08-21,state,viability_state,'indeterminate','indeterminate',True,nonfinite_scaled_signal
state-unit-08-21,state,viability_reason,'nonfinite_scaled_signal','nonfinite_scaled_signal',True,nonfinite_scaled_signal
state-unit-08-21,state,calcein_control_scaled,0.3,0.3,True,
state-unit-08-21,state,pi_control_scaled,nan,nan,True,
state-unit-09-00,state,viability_state,'indeterminate','indeterminate',True,nonfinite_scaled_signal
state-unit-09-00,state,viability_reason,'nonfinite_scaled_signal','nonfinite_scaled_signal',True,nonfinite_scaled_signal
state-unit-09-00,state,calcein_control_scaled,0.30000000000000004,0.30000000000000004,True,
state-unit-09-00,state,pi_control_scaled,-inf,-inf,True,
state-unit-09-01,state,viability_state,'mixed_signal','mixed_signal',True,intermediate_or_discordant_marker_signals;outside_control_range
state-unit-09-01,state,viability_reason,'intermediate_or_discordant_marker_signals;outside_control_range','intermediate_or_discordant_marker_signals;outside_control_range',True,intermediate_or_discordant_marker_signals;outside_control_range
state-unit-09-01,state,calcein_control_scaled,0.30000000000000004,0.30000000000000004,True,
state-unit-09-01,state,pi_control_scaled,-5.0,-5.0,True,
state-unit-09-02,state,viability_state,'mixed_signal','mixed_signal',True,intermediate_or_discordant_marker_signals;outside_control_range
state-unit-09-02,state,viability_reason,'intermediate_or_discordant_marker_signals;outside_control_range','intermediate_or_discordant_marker_signals;outside_control_range',True,intermediate_or_discordant_marker_signals;outside_control_range
state-unit-09-02,state,calcein_control_scaled,0.30000000000000004,0.30000000000000004,True,
state-unit-09-02,state,pi_control_scaled,-0.5,-0.5,True,
state-unit-09-03,state,viability_state,'mixed_signal','mixed_signal',True,intermediate_or_discordant_marker_signals;outside_control_range
state-unit-09-03,state,viability_reason,'intermediate_or_discordant_marker_signals;outside_control_range','intermediate_or_discordant_marker_signals;outside_control_range',True,intermediate_or_discordant_marker_signals;outside_control_range
state-unit-09-03,state,calcein_control_scaled,0.30000000000000004,0.30000000000000004,True,
state-unit-09-03,state,pi_control_scaled,-5e-324,-5e-324,True,
state-unit-09-04,state,viability_state,'mixed_signal','mixed_signal',True,intermediate_or_discordant_marker_signals
state-unit-09-04,state,viability_reason,'intermediate_or_discordant_marker_signals','intermediate_or_discordant_marker_signals',True,intermediate_or_discordant_marker_signals
state-unit-09-04,state,calcein_control_scaled,0.30000000000000004,0.30000000000000004,True,
state-unit-09-04,state,pi_control_scaled,0.0,0.0,True,
state-unit-09-05,state,viability_state,'mixed_signal','mixed_signal',True,intermediate_or_discordant_marker_signals
state-unit-09-05,state,viability_reason,'intermediate_or_discordant_marker_signals','intermediate_or_discordant_marker_signals',True,intermediate_or_discordant_marker_signals
state-unit-09-05,state,calcein_control_scaled,0.30000000000000004,0.30000000000000004,True,
state-unit-09-05,state,pi_control_scaled,5e-324,5e-324,True,
state-unit-09-06,state,viability_state,'mixed_signal','mixed_signal',True,intermediate_or_discordant_marker_signals
state-unit-09-06,state,viability_reason,'intermediate_or_discordant_marker_signals','intermediate_or_discordant_marker_signals',True,intermediate_or_discordant_marker_signals
state-unit-09-06,state,calcein_control_scaled,0.30000000000000004,0.30000000000000004,True,
state-unit-09-06,state,pi_control_scaled,0.15,0.15,True,
state-unit-09-07,state,viability_state,'mixed_signal','mixed_signal',True,intermediate_or_discordant_marker_signals
state-unit-09-07,state,viability_reason,'intermediate_or_discordant_marker_signals','intermediate_or_discordant_marker_signals',True,intermediate_or_discordant_marker_signals
state-unit-09-07,state,calcein_control_scaled,0.30000000000000004,0.30000000000000004,True,
state-unit-09-07,state,pi_control_scaled,0.29999999999999993,0.29999999999999993,True,
state-unit-09-08,state,viability_state,'mixed_signal','mixed_signal',True,intermediate_or_discordant_marker_signals
state-unit-09-08,state,viability_reason,'intermediate_or_discordant_marker_signals','intermediate_or_discordant_marker_signals',True,intermediate_or_discordant_marker_signals
state-unit-09-08,state,calcein_control_scaled,0.30000000000000004,0.30000000000000004,True,
state-unit-09-08,state,pi_control_scaled,0.3,0.3,True,
state-unit-09-09,state,viability_state,'mixed_signal','mixed_signal',True,intermediate_or_discordant_marker_signals
state-unit-09-09,state,viability_reason,'intermediate_or_discordant_marker_signals','intermediate_or_discordant_marker_signals',True,intermediate_or_discordant_marker_signals
state-unit-09-09,state,calcein_control_scaled,0.30000000000000004,0.30000000000000004,True,
state-unit-09-09,state,pi_control_scaled,0.30000000000000004,0.30000000000000004,True,
state-unit-09-10,state,viability_state,'mixed_signal','mixed_signal',True,intermediate_or_discordant_marker_signals
state-unit-09-10,state,viability_reason,'intermediate_or_discordant_marker_signals','intermediate_or_discordant_marker_signals',True,intermediate_or_discordant_marker_signals
state-unit-09-10,state,calcein_control_scaled,0.30000000000000004,0.30000000000000004,True,
state-unit-09-10,state,pi_control_scaled,0.45,0.45,True,
state-unit-09-11,state,viability_state,'mixed_signal','mixed_signal',True,intermediate_or_discordant_marker_signals
state-unit-09-11,state,viability_reason,'intermediate_or_discordant_marker_signals','intermediate_or_discordant_marker_signals',True,intermediate_or_discordant_marker_signals
state-unit-09-11,state,calcein_control_scaled,0.30000000000000004,0.30000000000000004,True,
state-unit-09-11,state,pi_control_scaled,0.5999999999999999,0.5999999999999999,True,
state-unit-09-12,state,viability_state,'mixed_signal','mixed_signal',True,intermediate_or_discordant_marker_signals
state-unit-09-12,state,viability_reason,'intermediate_or_discordant_marker_signals','intermediate_or_discordant_marker_signals',True,intermediate_or_discordant_marker_signals
state-unit-09-12,state,calcein_control_scaled,0.30000000000000004,0.30000000000000004,True,
state-unit-09-12,state,pi_control_scaled,0.6,0.6,True,
state-unit-09-13,state,viability_state,'mixed_signal','mixed_signal',True,intermediate_or_discordant_marker_signals
state-unit-09-13,state,viability_reason,'intermediate_or_discordant_marker_signals','intermediate_or_discordant_marker_signals',True,intermediate_or_discordant_marker_signals
state-unit-09-13,state,calcein_control_scaled,0.30000000000000004,0.30000000000000004,True,
state-unit-09-13,state,pi_control_scaled,0.6000000000000001,0.6000000000000001,True,
state-unit-09-14,state,viability_state,'mixed_signal','mixed_signal',True,intermediate_or_discordant_marker_signals
state-unit-09-14,state,viability_reason,'intermediate_or_discordant_marker_signals','intermediate_or_discordant_marker_signals',True,intermediate_or_discordant_marker_signals
state-unit-09-14,state,calcein_control_scaled,0.30000000000000004,0.30000000000000004,True,
state-unit-09-14,state,pi_control_scaled,0.8,0.8,True,
state-unit-09-15,state,viability_state,'mixed_signal','mixed_signal',True,intermediate_or_discordant_marker_signals
state-unit-09-15,state,viability_reason,'intermediate_or_discordant_marker_signals','intermediate_or_discordant_marker_signals',True,intermediate_or_discordant_marker_signals
state-unit-09-15,state,calcein_control_scaled,0.30000000000000004,0.30000000000000004,True,
state-unit-09-15,state,pi_control_scaled,0.9999999999999999,0.9999999999999999,True,
state-unit-09-16,state,viability_state,'mixed_signal','mixed_signal',True,intermediate_or_discordant_marker_signals
state-unit-09-16,state,viability_reason,'intermediate_or_discordant_marker_signals','intermediate_or_discordant_marker_signals',True,intermediate_or_discordant_marker_signals
state-unit-09-16,state,calcein_control_scaled,0.30000000000000004,0.30000000000000004,True,
state-unit-09-16,state,pi_control_scaled,1.0,1.0,True,
state-unit-09-17,state,viability_state,'mixed_signal','mixed_signal',True,intermediate_or_discordant_marker_signals;outside_control_range
state-unit-09-17,state,viability_reason,'intermediate_or_discordant_marker_signals;outside_control_range','intermediate_or_discordant_marker_signals;outside_control_range',True,intermediate_or_discordant_marker_signals;outside_control_range
state-unit-09-17,state,calcein_control_scaled,0.30000000000000004,0.30000000000000004,True,
state-unit-09-17,state,pi_control_scaled,1.0000000000000002,1.0000000000000002,True,
state-unit-09-18,state,viability_state,'mixed_signal','mixed_signal',True,intermediate_or_discordant_marker_signals;outside_control_range
state-unit-09-18,state,viability_reason,'intermediate_or_discordant_marker_signals;outside_control_range','intermediate_or_discordant_marker_signals;outside_control_range',True,intermediate_or_discordant_marker_signals;outside_control_range
state-unit-09-18,state,calcein_control_scaled,0.30000000000000004,0.30000000000000004,True,
state-unit-09-18,state,pi_control_scaled,1.5,1.5,True,
state-unit-09-19,state,viability_state,'mixed_signal','mixed_signal',True,intermediate_or_discordant_marker_signals;outside_control_range
state-unit-09-19,state,viability_reason,'intermediate_or_discordant_marker_signals;outside_control_range','intermediate_or_discordant_marker_signals;outside_control_range',True,intermediate_or_discordant_marker_signals;outside_control_range
state-unit-09-19,state,calcein_control_scaled,0.30000000000000004,0.30000000000000004,True,
state-unit-09-19,state,pi_control_scaled,7.0,7.0,True,
state-unit-09-20,state,viability_state,'indeterminate','indeterminate',True,nonfinite_scaled_signal
state-unit-09-20,state,viability_reason,'nonfinite_scaled_signal','nonfinite_scaled_signal',True,nonfinite_scaled_signal
state-unit-09-20,state,calcein_control_scaled,0.30000000000000004,0.30000000000000004,True,
state-unit-09-20,state,pi_control_scaled,inf,inf,True,
state-unit-09-21,state,viability_state,'indeterminate','indeterminate',True,nonfinite_scaled_signal
state-unit-09-21,state,viability_reason,'nonfinite_scaled_signal','nonfinite_scaled_signal',True,nonfinite_scaled_signal
state-unit-09-21,state,calcein_control_scaled,0.30000000000000004,0.30000000000000004,True,
state-unit-09-21,state,pi_control_scaled,nan,nan,True,
state-unit-10-00,state,viability_state,'indeterminate','indeterminate',True,nonfinite_scaled_signal
state-unit-10-00,state,viability_reason,'nonfinite_scaled_signal','nonfinite_scaled_signal',True,nonfinite_scaled_signal
state-unit-10-00,state,calcein_control_scaled,0.45,0.45,True,
state-unit-10-00,state,pi_control_scaled,-inf,-inf,True,
state-unit-10-01,state,viability_state,'mixed_signal','mixed_signal',True,intermediate_or_discordant_marker_signals;outside_control_range
state-unit-10-01,state,viability_reason,'intermediate_or_discordant_marker_signals;outside_control_range','intermediate_or_discordant_marker_signals;outside_control_range',True,intermediate_or_discordant_marker_signals;outside_control_range
state-unit-10-01,state,calcein_control_scaled,0.45,0.45,True,
state-unit-10-01,state,pi_control_scaled,-5.0,-5.0,True,
state-unit-10-02,state,viability_state,'mixed_signal','mixed_signal',True,intermediate_or_discordant_marker_signals;outside_control_range
state-unit-10-02,state,viability_reason,'intermediate_or_discordant_marker_signals;outside_control_range','intermediate_or_discordant_marker_signals;outside_control_range',True,intermediate_or_discordant_marker_signals;outside_control_range
state-unit-10-02,state,calcein_control_scaled,0.45,0.45,True,
state-unit-10-02,state,pi_control_scaled,-0.5,-0.5,True,
state-unit-10-03,state,viability_state,'mixed_signal','mixed_signal',True,intermediate_or_discordant_marker_signals;outside_control_range
state-unit-10-03,state,viability_reason,'intermediate_or_discordant_marker_signals;outside_control_range','intermediate_or_discordant_marker_signals;outside_control_range',True,intermediate_or_discordant_marker_signals;outside_control_range
state-unit-10-03,state,calcein_control_scaled,0.45,0.45,True,
state-unit-10-03,state,pi_control_scaled,-5e-324,-5e-324,True,
state-unit-10-04,state,viability_state,'mixed_signal','mixed_signal',True,intermediate_or_discordant_marker_signals
state-unit-10-04,state,viability_reason,'intermediate_or_discordant_marker_signals','intermediate_or_discordant_marker_signals',True,intermediate_or_discordant_marker_signals
state-unit-10-04,state,calcein_control_scaled,0.45,0.45,True,
state-unit-10-04,state,pi_control_scaled,0.0,0.0,True,
state-unit-10-05,state,viability_state,'mixed_signal','mixed_signal',True,intermediate_or_discordant_marker_signals
state-unit-10-05,state,viability_reason,'intermediate_or_discordant_marker_signals','intermediate_or_discordant_marker_signals',True,intermediate_or_discordant_marker_signals
state-unit-10-05,state,calcein_control_scaled,0.45,0.45,True,
state-unit-10-05,state,pi_control_scaled,5e-324,5e-324,True,
state-unit-10-06,state,viability_state,'mixed_signal','mixed_signal',True,intermediate_or_discordant_marker_signals
state-unit-10-06,state,viability_reason,'intermediate_or_discordant_marker_signals','intermediate_or_discordant_marker_signals',True,intermediate_or_discordant_marker_signals
state-unit-10-06,state,calcein_control_scaled,0.45,0.45,True,
state-unit-10-06,state,pi_control_scaled,0.15,0.15,True,
state-unit-10-07,state,viability_state,'mixed_signal','mixed_signal',True,intermediate_or_discordant_marker_signals
state-unit-10-07,state,viability_reason,'intermediate_or_discordant_marker_signals','intermediate_or_discordant_marker_signals',True,intermediate_or_discordant_marker_signals
state-unit-10-07,state,calcein_control_scaled,0.45,0.45,True,
state-unit-10-07,state,pi_control_scaled,0.29999999999999993,0.29999999999999993,True,
state-unit-10-08,state,viability_state,'mixed_signal','mixed_signal',True,intermediate_or_discordant_marker_signals
state-unit-10-08,state,viability_reason,'intermediate_or_discordant_marker_signals','intermediate_or_discordant_marker_signals',True,intermediate_or_discordant_marker_signals
state-unit-10-08,state,calcein_control_scaled,0.45,0.45,True,
state-unit-10-08,state,pi_control_scaled,0.3,0.3,True,
state-unit-10-09,state,viability_state,'mixed_signal','mixed_signal',True,intermediate_or_discordant_marker_signals
state-unit-10-09,state,viability_reason,'intermediate_or_discordant_marker_signals','intermediate_or_discordant_marker_signals',True,intermediate_or_discordant_marker_signals
state-unit-10-09,state,calcein_control_scaled,0.45,0.45,True,
state-unit-10-09,state,pi_control_scaled,0.30000000000000004,0.30000000000000004,True,
state-unit-10-10,state,viability_state,'mixed_signal','mixed_signal',True,intermediate_or_discordant_marker_signals
state-unit-10-10,state,viability_reason,'intermediate_or_discordant_marker_signals','intermediate_or_discordant_marker_signals',True,intermediate_or_discordant_marker_signals
state-unit-10-10,state,calcein_control_scaled,0.45,0.45,True,
state-unit-10-10,state,pi_control_scaled,0.45,0.45,True,
state-unit-10-11,state,viability_state,'mixed_signal','mixed_signal',True,intermediate_or_discordant_marker_signals
state-unit-10-11,state,viability_reason,'intermediate_or_discordant_marker_signals','intermediate_or_discordant_marker_signals',True,intermediate_or_discordant_marker_signals
state-unit-10-11,state,calcein_control_scaled,0.45,0.45,True,
state-unit-10-11,state,pi_control_scaled,0.5999999999999999,0.5999999999999999,True,
state-unit-10-12,state,viability_state,'mixed_signal','mixed_signal',True,intermediate_or_discordant_marker_signals
state-unit-10-12,state,viability_reason,'intermediate_or_discordant_marker_signals','intermediate_or_discordant_marker_signals',True,intermediate_or_discordant_marker_signals
state-unit-10-12,state,calcein_control_scaled,0.45,0.45,True,
state-unit-10-12,state,pi_control_scaled,0.6,0.6,True,
state-unit-10-13,state,viability_state,'mixed_signal','mixed_signal',True,intermediate_or_discordant_marker_signals
state-unit-10-13,state,viability_reason,'intermediate_or_discordant_marker_signals','intermediate_or_discordant_marker_signals',True,intermediate_or_discordant_marker_signals
state-unit-10-13,state,calcein_control_scaled,0.45,0.45,True,
state-unit-10-13,state,pi_control_scaled,0.6000000000000001,0.6000000000000001,True,
state-unit-10-14,state,viability_state,'mixed_signal','mixed_signal',True,intermediate_or_discordant_marker_signals
state-unit-10-14,state,viability_reason,'intermediate_or_discordant_marker_signals','intermediate_or_discordant_marker_signals',True,intermediate_or_discordant_marker_signals
state-unit-10-14,state,calcein_control_scaled,0.45,0.45,True,
state-unit-10-14,state,pi_control_scaled,0.8,0.8,True,
state-unit-10-15,state,viability_state,'mixed_signal','mixed_signal',True,intermediate_or_discordant_marker_signals
state-unit-10-15,state,viability_reason,'intermediate_or_discordant_marker_signals','intermediate_or_discordant_marker_signals',True,intermediate_or_discordant_marker_signals
state-unit-10-15,state,calcein_control_scaled,0.45,0.45,True,
state-unit-10-15,state,pi_control_scaled,0.9999999999999999,0.9999999999999999,True,
state-unit-10-16,state,viability_state,'mixed_signal','mixed_signal',True,intermediate_or_discordant_marker_signals
state-unit-10-16,state,viability_reason,'intermediate_or_discordant_marker_signals','intermediate_or_discordant_marker_signals',True,intermediate_or_discordant_marker_signals
state-unit-10-16,state,calcein_control_scaled,0.45,0.45,True,
state-unit-10-16,state,pi_control_scaled,1.0,1.0,True,
state-unit-10-17,state,viability_state,'mixed_signal','mixed_signal',True,intermediate_or_discordant_marker_signals;outside_control_range
state-unit-10-17,state,viability_reason,'intermediate_or_discordant_marker_signals;outside_control_range','intermediate_or_discordant_marker_signals;outside_control_range',True,intermediate_or_discordant_marker_signals;outside_control_range
state-unit-10-17,state,calcein_control_scaled,0.45,0.45,True,
state-unit-10-17,state,pi_control_scaled,1.0000000000000002,1.0000000000000002,True,
state-unit-10-18,state,viability_state,'mixed_signal','mixed_signal',True,intermediate_or_discordant_marker_signals;outside_control_range
state-unit-10-18,state,viability_reason,'intermediate_or_discordant_marker_signals;outside_control_range','intermediate_or_discordant_marker_signals;outside_control_range',True,intermediate_or_discordant_marker_signals;outside_control_range
state-unit-10-18,state,calcein_control_scaled,0.45,0.45,True,
state-unit-10-18,state,pi_control_scaled,1.5,1.5,True,
state-unit-10-19,state,viability_state,'mixed_signal','mixed_signal',True,intermediate_or_discordant_marker_signals;outside_control_range
state-unit-10-19,state,viability_reason,'intermediate_or_discordant_marker_signals;outside_control_range','intermediate_or_discordant_marker_signals;outside_control_range',True,intermediate_or_discordant_marker_signals;outside_control_range
state-unit-10-19,state,calcein_control_scaled,0.45,0.45,True,
state-unit-10-19,state,pi_control_scaled,7.0,7.0,True,
state-unit-10-20,state,viability_state,'indeterminate','indeterminate',True,nonfinite_scaled_signal
state-unit-10-20,state,viability_reason,'nonfinite_scaled_signal','nonfinite_scaled_signal',True,nonfinite_scaled_signal
state-unit-10-20,state,calcein_control_scaled,0.45,0.45,True,
state-unit-10-20,state,pi_control_scaled,inf,inf,True,
state-unit-10-21,state,viability_state,'indeterminate','indeterminate',True,nonfinite_scaled_signal
state-unit-10-21,state,viability_reason,'nonfinite_scaled_signal','nonfinite_scaled_signal',True,nonfinite_scaled_signal
state-unit-10-21,state,calcein_control_scaled,0.45,0.45,True,
state-unit-10-21,state,pi_control_scaled,nan,nan,True,
state-unit-11-00,state,viability_state,'indeterminate','indeterminate',True,nonfinite_scaled_signal
state-unit-11-00,state,viability_reason,'nonfinite_scaled_signal','nonfinite_scaled_signal',True,nonfinite_scaled_signal
state-unit-11-00,state,calcein_control_scaled,0.5999999999999999,0.5999999999999999,True,
state-unit-11-00,state,pi_control_scaled,-inf,-inf,True,
state-unit-11-01,state,viability_state,'mixed_signal','mixed_signal',True,intermediate_or_discordant_marker_signals;outside_control_range
state-unit-11-01,state,viability_reason,'intermediate_or_discordant_marker_signals;outside_control_range','intermediate_or_discordant_marker_signals;outside_control_range',True,intermediate_or_discordant_marker_signals;outside_control_range
state-unit-11-01,state,calcein_control_scaled,0.5999999999999999,0.5999999999999999,True,
state-unit-11-01,state,pi_control_scaled,-5.0,-5.0,True,
state-unit-11-02,state,viability_state,'mixed_signal','mixed_signal',True,intermediate_or_discordant_marker_signals;outside_control_range
state-unit-11-02,state,viability_reason,'intermediate_or_discordant_marker_signals;outside_control_range','intermediate_or_discordant_marker_signals;outside_control_range',True,intermediate_or_discordant_marker_signals;outside_control_range
state-unit-11-02,state,calcein_control_scaled,0.5999999999999999,0.5999999999999999,True,
state-unit-11-02,state,pi_control_scaled,-0.5,-0.5,True,
state-unit-11-03,state,viability_state,'mixed_signal','mixed_signal',True,intermediate_or_discordant_marker_signals;outside_control_range
state-unit-11-03,state,viability_reason,'intermediate_or_discordant_marker_signals;outside_control_range','intermediate_or_discordant_marker_signals;outside_control_range',True,intermediate_or_discordant_marker_signals;outside_control_range
state-unit-11-03,state,calcein_control_scaled,0.5999999999999999,0.5999999999999999,True,
state-unit-11-03,state,pi_control_scaled,-5e-324,-5e-324,True,
state-unit-11-04,state,viability_state,'mixed_signal','mixed_signal',True,intermediate_or_discordant_marker_signals
state-unit-11-04,state,viability_reason,'intermediate_or_discordant_marker_signals','intermediate_or_discordant_marker_signals',True,intermediate_or_discordant_marker_signals
state-unit-11-04,state,calcein_control_scaled,0.5999999999999999,0.5999999999999999,True,
state-unit-11-04,state,pi_control_scaled,0.0,0.0,True,
state-unit-11-05,state,viability_state,'mixed_signal','mixed_signal',True,intermediate_or_discordant_marker_signals
state-unit-11-05,state,viability_reason,'intermediate_or_discordant_marker_signals','intermediate_or_discordant_marker_signals',True,intermediate_or_discordant_marker_signals
state-unit-11-05,state,calcein_control_scaled,0.5999999999999999,0.5999999999999999,True,
state-unit-11-05,state,pi_control_scaled,5e-324,5e-324,True,
state-unit-11-06,state,viability_state,'mixed_signal','mixed_signal',True,intermediate_or_discordant_marker_signals
state-unit-11-06,state,viability_reason,'intermediate_or_discordant_marker_signals','intermediate_or_discordant_marker_signals',True,intermediate_or_discordant_marker_signals
state-unit-11-06,state,calcein_control_scaled,0.5999999999999999,0.5999999999999999,True,
state-unit-11-06,state,pi_control_scaled,0.15,0.15,True,
state-unit-11-07,state,viability_state,'mixed_signal','mixed_signal',True,intermediate_or_discordant_marker_signals
state-unit-11-07,state,viability_reason,'intermediate_or_discordant_marker_signals','intermediate_or_discordant_marker_signals',True,intermediate_or_discordant_marker_signals
state-unit-11-07,state,calcein_control_scaled,0.5999999999999999,0.5999999999999999,True,
state-unit-11-07,state,pi_control_scaled,0.29999999999999993,0.29999999999999993,True,
state-unit-11-08,state,viability_state,'mixed_signal','mixed_signal',True,intermediate_or_discordant_marker_signals
state-unit-11-08,state,viability_reason,'intermediate_or_discordant_marker_signals','intermediate_or_discordant_marker_signals',True,intermediate_or_discordant_marker_signals
state-unit-11-08,state,calcein_control_scaled,0.5999999999999999,0.5999999999999999,True,
state-unit-11-08,state,pi_control_scaled,0.3,0.3,True,
state-unit-11-09,state,viability_state,'mixed_signal','mixed_signal',True,intermediate_or_discordant_marker_signals
state-unit-11-09,state,viability_reason,'intermediate_or_discordant_marker_signals','intermediate_or_discordant_marker_signals',True,intermediate_or_discordant_marker_signals
state-unit-11-09,state,calcein_control_scaled,0.5999999999999999,0.5999999999999999,True,
state-unit-11-09,state,pi_control_scaled,0.30000000000000004,0.30000000000000004,True,
state-unit-11-10,state,viability_state,'mixed_signal','mixed_signal',True,intermediate_or_discordant_marker_signals
state-unit-11-10,state,viability_reason,'intermediate_or_discordant_marker_signals','intermediate_or_discordant_marker_signals',True,intermediate_or_discordant_marker_signals
state-unit-11-10,state,calcein_control_scaled,0.5999999999999999,0.5999999999999999,True,
state-unit-11-10,state,pi_control_scaled,0.45,0.45,True,
state-unit-11-11,state,viability_state,'mixed_signal','mixed_signal',True,intermediate_or_discordant_marker_signals
state-unit-11-11,state,viability_reason,'intermediate_or_discordant_marker_signals','intermediate_or_discordant_marker_signals',True,intermediate_or_discordant_marker_signals
state-unit-11-11,state,calcein_control_scaled,0.5999999999999999,0.5999999999999999,True,
state-unit-11-11,state,pi_control_scaled,0.5999999999999999,0.5999999999999999,True,
state-unit-11-12,state,viability_state,'mixed_signal','mixed_signal',True,intermediate_or_discordant_marker_signals
state-unit-11-12,state,viability_reason,'intermediate_or_discordant_marker_signals','intermediate_or_discordant_marker_signals',True,intermediate_or_discordant_marker_signals
state-unit-11-12,state,calcein_control_scaled,0.5999999999999999,0.5999999999999999,True,
state-unit-11-12,state,pi_control_scaled,0.6,0.6,True,
state-unit-11-13,state,viability_state,'mixed_signal','mixed_signal',True,intermediate_or_discordant_marker_signals
state-unit-11-13,state,viability_reason,'intermediate_or_discordant_marker_signals','intermediate_or_discordant_marker_signals',True,intermediate_or_discordant_marker_signals
state-unit-11-13,state,calcein_control_scaled,0.5999999999999999,0.5999999999999999,True,
state-unit-11-13,state,pi_control_scaled,0.6000000000000001,0.6000000000000001,True,
state-unit-11-14,state,viability_state,'mixed_signal','mixed_signal',True,intermediate_or_discordant_marker_signals
state-unit-11-14,state,viability_reason,'intermediate_or_discordant_marker_signals','intermediate_or_discordant_marker_signals',True,intermediate_or_discordant_marker_signals
state-unit-11-14,state,calcein_control_scaled,0.5999999999999999,0.5999999999999999,True,
state-unit-11-14,state,pi_control_scaled,0.8,0.8,True,
state-unit-11-15,state,viability_state,'mixed_signal','mixed_signal',True,intermediate_or_discordant_marker_signals
state-unit-11-15,state,viability_reason,'intermediate_or_discordant_marker_signals','intermediate_or_discordant_marker_signals',True,intermediate_or_discordant_marker_signals
state-unit-11-15,state,calcein_control_scaled,0.5999999999999999,0.5999999999999999,True,
state-unit-11-15,state,pi_control_scaled,0.9999999999999999,0.9999999999999999,True,
state-unit-11-16,state,viability_state,'mixed_signal','mixed_signal',True,intermediate_or_discordant_marker_signals
state-unit-11-16,state,viability_reason,'intermediate_or_discordant_marker_signals','intermediate_or_discordant_marker_signals',True,intermediate_or_discordant_marker_signals
state-unit-11-16,state,calcein_control_scaled,0.5999999999999999,0.5999999999999999,True,
state-unit-11-16,state,pi_control_scaled,1.0,1.0,True,
state-unit-11-17,state,viability_state,'mixed_signal','mixed_signal',True,intermediate_or_discordant_marker_signals;outside_control_range
state-unit-11-17,state,viability_reason,'intermediate_or_discordant_marker_signals;outside_control_range','intermediate_or_discordant_marker_signals;outside_control_range',True,intermediate_or_discordant_marker_signals;outside_control_range
state-unit-11-17,state,calcein_control_scaled,0.5999999999999999,0.5999999999999999,True,
state-unit-11-17,state,pi_control_scaled,1.0000000000000002,1.0000000000000002,True,
state-unit-11-18,state,viability_state,'mixed_signal','mixed_signal',True,intermediate_or_discordant_marker_signals;outside_control_range
state-unit-11-18,state,viability_reason,'intermediate_or_discordant_marker_signals;outside_control_range','intermediate_or_discordant_marker_signals;outside_control_range',True,intermediate_or_discordant_marker_signals;outside_control_range
state-unit-11-18,state,calcein_control_scaled,0.5999999999999999,0.5999999999999999,True,
state-unit-11-18,state,pi_control_scaled,1.5,1.5,True,
state-unit-11-19,state,viability_state,'mixed_signal','mixed_signal',True,intermediate_or_discordant_marker_signals;outside_control_range
state-unit-11-19,state,viability_reason,'intermediate_or_discordant_marker_signals;outside_control_range','intermediate_or_discordant_marker_signals;outside_control_range',True,intermediate_or_discordant_marker_signals;outside_control_range
state-unit-11-19,state,calcein_control_scaled,0.5999999999999999,0.5999999999999999,True,
state-unit-11-19,state,pi_control_scaled,7.0,7.0,True,
state-unit-11-20,state,viability_state,'indeterminate','indeterminate',True,nonfinite_scaled_signal
state-unit-11-20,state,viability_reason,'nonfinite_scaled_signal','nonfinite_scaled_signal',True,nonfinite_scaled_signal
state-unit-11-20,state,calcein_control_scaled,0.5999999999999999,0.5999999999999999,True,
state-unit-11-20,state,pi_control_scaled,inf,inf,True,
state-unit-11-21,state,viability_state,'indeterminate','indeterminate',True,nonfinite_scaled_signal
state-unit-11-21,state,viability_reason,'nonfinite_scaled_signal','nonfinite_scaled_signal',True,nonfinite_scaled_signal
state-unit-11-21,state,calcein_control_scaled,0.5999999999999999,0.5999999999999999,True,
state-unit-11-21,state,pi_control_scaled,nan,nan,True,
state-unit-12-00,state,viability_state,'indeterminate','indeterminate',True,nonfinite_scaled_signal
state-unit-12-00,state,viability_reason,'nonfinite_scaled_signal','nonfinite_scaled_signal',True,nonfinite_scaled_signal
state-unit-12-00,state,calcein_control_scaled,0.6,0.6,True,
state-unit-12-00,state,pi_control_scaled,-inf,-inf,True,
state-unit-12-01,state,viability_state,'viable_like','viable_like',True,high_calcein_low_PI;outside_control_range
state-unit-12-01,state,viability_reason,'high_calcein_low_PI;outside_control_range','high_calcein_low_PI;outside_control_range',True,high_calcein_low_PI;outside_control_range
state-unit-12-01,state,calcein_control_scaled,0.6,0.6,True,
state-unit-12-01,state,pi_control_scaled,-5.0,-5.0,True,
state-unit-12-02,state,viability_state,'viable_like','viable_like',True,high_calcein_low_PI;outside_control_range
state-unit-12-02,state,viability_reason,'high_calcein_low_PI;outside_control_range','high_calcein_low_PI;outside_control_range',True,high_calcein_low_PI;outside_control_range
state-unit-12-02,state,calcein_control_scaled,0.6,0.6,True,
state-unit-12-02,state,pi_control_scaled,-0.5,-0.5,True,
state-unit-12-03,state,viability_state,'viable_like','viable_like',True,high_calcein_low_PI;outside_control_range
state-unit-12-03,state,viability_reason,'high_calcein_low_PI;outside_control_range','high_calcein_low_PI;outside_control_range',True,high_calcein_low_PI;outside_control_range
state-unit-12-03,state,calcein_control_scaled,0.6,0.6,True,
state-unit-12-03,state,pi_control_scaled,-5e-324,-5e-324,True,
state-unit-12-04,state,viability_state,'viable_like','viable_like',True,high_calcein_low_PI
state-unit-12-04,state,viability_reason,'high_calcein_low_PI','high_calcein_low_PI',True,high_calcein_low_PI
state-unit-12-04,state,calcein_control_scaled,0.6,0.6,True,
state-unit-12-04,state,pi_control_scaled,0.0,0.0,True,
state-unit-12-05,state,viability_state,'viable_like','viable_like',True,high_calcein_low_PI
state-unit-12-05,state,viability_reason,'high_calcein_low_PI','high_calcein_low_PI',True,high_calcein_low_PI
state-unit-12-05,state,calcein_control_scaled,0.6,0.6,True,
state-unit-12-05,state,pi_control_scaled,5e-324,5e-324,True,
state-unit-12-06,state,viability_state,'viable_like','viable_like',True,high_calcein_low_PI
state-unit-12-06,state,viability_reason,'high_calcein_low_PI','high_calcein_low_PI',True,high_calcein_low_PI
state-unit-12-06,state,calcein_control_scaled,0.6,0.6,True,
state-unit-12-06,state,pi_control_scaled,0.15,0.15,True,
state-unit-12-07,state,viability_state,'viable_like','viable_like',True,high_calcein_low_PI
state-unit-12-07,state,viability_reason,'high_calcein_low_PI','high_calcein_low_PI',True,high_calcein_low_PI
state-unit-12-07,state,calcein_control_scaled,0.6,0.6,True,
state-unit-12-07,state,pi_control_scaled,0.29999999999999993,0.29999999999999993,True,
state-unit-12-08,state,viability_state,'viable_like','viable_like',True,high_calcein_low_PI
state-unit-12-08,state,viability_reason,'high_calcein_low_PI','high_calcein_low_PI',True,high_calcein_low_PI
state-unit-12-08,state,calcein_control_scaled,0.6,0.6,True,
state-unit-12-08,state,pi_control_scaled,0.3,0.3,True,
state-unit-12-09,state,viability_state,'mixed_signal','mixed_signal',True,intermediate_or_discordant_marker_signals
state-unit-12-09,state,viability_reason,'intermediate_or_discordant_marker_signals','intermediate_or_discordant_marker_signals',True,intermediate_or_discordant_marker_signals
state-unit-12-09,state,calcein_control_scaled,0.6,0.6,True,
state-unit-12-09,state,pi_control_scaled,0.30000000000000004,0.30000000000000004,True,
state-unit-12-10,state,viability_state,'mixed_signal','mixed_signal',True,intermediate_or_discordant_marker_signals
state-unit-12-10,state,viability_reason,'intermediate_or_discordant_marker_signals','intermediate_or_discordant_marker_signals',True,intermediate_or_discordant_marker_signals
state-unit-12-10,state,calcein_control_scaled,0.6,0.6,True,
state-unit-12-10,state,pi_control_scaled,0.45,0.45,True,
state-unit-12-11,state,viability_state,'mixed_signal','mixed_signal',True,intermediate_or_discordant_marker_signals
state-unit-12-11,state,viability_reason,'intermediate_or_discordant_marker_signals','intermediate_or_discordant_marker_signals',True,intermediate_or_discordant_marker_signals
state-unit-12-11,state,calcein_control_scaled,0.6,0.6,True,
state-unit-12-11,state,pi_control_scaled,0.5999999999999999,0.5999999999999999,True,
state-unit-12-12,state,viability_state,'mixed_signal','mixed_signal',True,intermediate_or_discordant_marker_signals
state-unit-12-12,state,viability_reason,'intermediate_or_discordant_marker_signals','intermediate_or_discordant_marker_signals',True,intermediate_or_discordant_marker_signals
state-unit-12-12,state,calcein_control_scaled,0.6,0.6,True,
state-unit-12-12,state,pi_control_scaled,0.6,0.6,True,
state-unit-12-13,state,viability_state,'mixed_signal','mixed_signal',True,intermediate_or_discordant_marker_signals
state-unit-12-13,state,viability_reason,'intermediate_or_discordant_marker_signals','intermediate_or_discordant_marker_signals',True,intermediate_or_discordant_marker_signals
state-unit-12-13,state,calcein_control_scaled,0.6,0.6,True,
state-unit-12-13,state,pi_control_scaled,0.6000000000000001,0.6000000000000001,True,
state-unit-12-14,state,viability_state,'mixed_signal','mixed_signal',True,intermediate_or_discordant_marker_signals
state-unit-12-14,state,viability_reason,'intermediate_or_discordant_marker_signals','intermediate_or_discordant_marker_signals',True,intermediate_or_discordant_marker_signals
state-unit-12-14,state,calcein_control_scaled,0.6,0.6,True,
state-unit-12-14,state,pi_control_scaled,0.8,0.8,True,
state-unit-12-15,state,viability_state,'mixed_signal','mixed_signal',True,intermediate_or_discordant_marker_signals
state-unit-12-15,state,viability_reason,'intermediate_or_discordant_marker_signals','intermediate_or_discordant_marker_signals',True,intermediate_or_discordant_marker_signals
state-unit-12-15,state,calcein_control_scaled,0.6,0.6,True,
state-unit-12-15,state,pi_control_scaled,0.9999999999999999,0.9999999999999999,True,
state-unit-12-16,state,viability_state,'mixed_signal','mixed_signal',True,intermediate_or_discordant_marker_signals
state-unit-12-16,state,viability_reason,'intermediate_or_discordant_marker_signals','intermediate_or_discordant_marker_signals',True,intermediate_or_discordant_marker_signals
state-unit-12-16,state,calcein_control_scaled,0.6,0.6,True,
state-unit-12-16,state,pi_control_scaled,1.0,1.0,True,
state-unit-12-17,state,viability_state,'mixed_signal','mixed_signal',True,intermediate_or_discordant_marker_signals;outside_control_range
state-unit-12-17,state,viability_reason,'intermediate_or_discordant_marker_signals;outside_control_range','intermediate_or_discordant_marker_signals;outside_control_range',True,intermediate_or_discordant_marker_signals;outside_control_range
state-unit-12-17,state,calcein_control_scaled,0.6,0.6,True,
state-unit-12-17,state,pi_control_scaled,1.0000000000000002,1.0000000000000002,True,
state-unit-12-18,state,viability_state,'mixed_signal','mixed_signal',True,intermediate_or_discordant_marker_signals;outside_control_range
state-unit-12-18,state,viability_reason,'intermediate_or_discordant_marker_signals;outside_control_range','intermediate_or_discordant_marker_signals;outside_control_range',True,intermediate_or_discordant_marker_signals;outside_control_range
state-unit-12-18,state,calcein_control_scaled,0.6,0.6,True,
state-unit-12-18,state,pi_control_scaled,1.5,1.5,True,
state-unit-12-19,state,viability_state,'mixed_signal','mixed_signal',True,intermediate_or_discordant_marker_signals;outside_control_range
state-unit-12-19,state,viability_reason,'intermediate_or_discordant_marker_signals;outside_control_range','intermediate_or_discordant_marker_signals;outside_control_range',True,intermediate_or_discordant_marker_signals;outside_control_range
state-unit-12-19,state,calcein_control_scaled,0.6,0.6,True,
state-unit-12-19,state,pi_control_scaled,7.0,7.0,True,
state-unit-12-20,state,viability_state,'indeterminate','indeterminate',True,nonfinite_scaled_signal
state-unit-12-20,state,viability_reason,'nonfinite_scaled_signal','nonfinite_scaled_signal',True,nonfinite_scaled_signal
state-unit-12-20,state,calcein_control_scaled,0.6,0.6,True,
state-unit-12-20,state,pi_control_scaled,inf,inf,True,
state-unit-12-21,state,viability_state,'indeterminate','indeterminate',True,nonfinite_scaled_signal
state-unit-12-21,state,viability_reason,'nonfinite_scaled_signal','nonfinite_scaled_signal',True,nonfinite_scaled_signal
state-unit-12-21,state,calcein_control_scaled,0.6,0.6,True,
state-unit-12-21,state,pi_control_scaled,nan,nan,True,
state-unit-13-00,state,viability_state,'indeterminate','indeterminate',True,nonfinite_scaled_signal
state-unit-13-00,state,viability_reason,'nonfinite_scaled_signal','nonfinite_scaled_signal',True,nonfinite_scaled_signal
state-unit-13-00,state,calcein_control_scaled,0.6000000000000001,0.6000000000000001,True,
state-unit-13-00,state,pi_control_scaled,-inf,-inf,True,
state-unit-13-01,state,viability_state,'viable_like','viable_like',True,high_calcein_low_PI;outside_control_range
state-unit-13-01,state,viability_reason,'high_calcein_low_PI;outside_control_range','high_calcein_low_PI;outside_control_range',True,high_calcein_low_PI;outside_control_range
state-unit-13-01,state,calcein_control_scaled,0.6000000000000001,0.6000000000000001,True,
state-unit-13-01,state,pi_control_scaled,-5.0,-5.0,True,
state-unit-13-02,state,viability_state,'viable_like','viable_like',True,high_calcein_low_PI;outside_control_range
state-unit-13-02,state,viability_reason,'high_calcein_low_PI;outside_control_range','high_calcein_low_PI;outside_control_range',True,high_calcein_low_PI;outside_control_range
state-unit-13-02,state,calcein_control_scaled,0.6000000000000001,0.6000000000000001,True,
state-unit-13-02,state,pi_control_scaled,-0.5,-0.5,True,
state-unit-13-03,state,viability_state,'viable_like','viable_like',True,high_calcein_low_PI;outside_control_range
state-unit-13-03,state,viability_reason,'high_calcein_low_PI;outside_control_range','high_calcein_low_PI;outside_control_range',True,high_calcein_low_PI;outside_control_range
state-unit-13-03,state,calcein_control_scaled,0.6000000000000001,0.6000000000000001,True,
state-unit-13-03,state,pi_control_scaled,-5e-324,-5e-324,True,
state-unit-13-04,state,viability_state,'viable_like','viable_like',True,high_calcein_low_PI
state-unit-13-04,state,viability_reason,'high_calcein_low_PI','high_calcein_low_PI',True,high_calcein_low_PI
state-unit-13-04,state,calcein_control_scaled,0.6000000000000001,0.6000000000000001,True,
state-unit-13-04,state,pi_control_scaled,0.0,0.0,True,
state-unit-13-05,state,viability_state,'viable_like','viable_like',True,high_calcein_low_PI
state-unit-13-05,state,viability_reason,'high_calcein_low_PI','high_calcein_low_PI',True,high_calcein_low_PI
state-unit-13-05,state,calcein_control_scaled,0.6000000000000001,0.6000000000000001,True,
state-unit-13-05,state,pi_control_scaled,5e-324,5e-324,True,
state-unit-13-06,state,viability_state,'viable_like','viable_like',True,high_calcein_low_PI
state-unit-13-06,state,viability_reason,'high_calcein_low_PI','high_calcein_low_PI',True,high_calcein_low_PI
state-unit-13-06,state,calcein_control_scaled,0.6000000000000001,0.6000000000000001,True,
state-unit-13-06,state,pi_control_scaled,0.15,0.15,True,
state-unit-13-07,state,viability_state,'viable_like','viable_like',True,high_calcein_low_PI
state-unit-13-07,state,viability_reason,'high_calcein_low_PI','high_calcein_low_PI',True,high_calcein_low_PI
state-unit-13-07,state,calcein_control_scaled,0.6000000000000001,0.6000000000000001,True,
state-unit-13-07,state,pi_control_scaled,0.29999999999999993,0.29999999999999993,True,
state-unit-13-08,state,viability_state,'viable_like','viable_like',True,high_calcein_low_PI
state-unit-13-08,state,viability_reason,'high_calcein_low_PI','high_calcein_low_PI',True,high_calcein_low_PI
state-unit-13-08,state,calcein_control_scaled,0.6000000000000001,0.6000000000000001,True,
state-unit-13-08,state,pi_control_scaled,0.3,0.3,True,
state-unit-13-09,state,viability_state,'mixed_signal','mixed_signal',True,intermediate_or_discordant_marker_signals
state-unit-13-09,state,viability_reason,'intermediate_or_discordant_marker_signals','intermediate_or_discordant_marker_signals',True,intermediate_or_discordant_marker_signals
state-unit-13-09,state,calcein_control_scaled,0.6000000000000001,0.6000000000000001,True,
state-unit-13-09,state,pi_control_scaled,0.30000000000000004,0.30000000000000004,True,
state-unit-13-10,state,viability_state,'mixed_signal','mixed_signal',True,intermediate_or_discordant_marker_signals
state-unit-13-10,state,viability_reason,'intermediate_or_discordant_marker_signals','intermediate_or_discordant_marker_signals',True,intermediate_or_discordant_marker_signals
state-unit-13-10,state,calcein_control_scaled,0.6000000000000001,0.6000000000000001,True,
state-unit-13-10,state,pi_control_scaled,0.45,0.45,True,
state-unit-13-11,state,viability_state,'mixed_signal','mixed_signal',True,intermediate_or_discordant_marker_signals
state-unit-13-11,state,viability_reason,'intermediate_or_discordant_marker_signals','intermediate_or_discordant_marker_signals',True,intermediate_or_discordant_marker_signals
state-unit-13-11,state,calcein_control_scaled,0.6000000000000001,0.6000000000000001,True,
state-unit-13-11,state,pi_control_scaled,0.5999999999999999,0.5999999999999999,True,
state-unit-13-12,state,viability_state,'mixed_signal','mixed_signal',True,intermediate_or_discordant_marker_signals
state-unit-13-12,state,viability_reason,'intermediate_or_discordant_marker_signals','intermediate_or_discordant_marker_signals',True,intermediate_or_discordant_marker_signals
state-unit-13-12,state,calcein_control_scaled,0.6000000000000001,0.6000000000000001,True,
state-unit-13-12,state,pi_control_scaled,0.6,0.6,True,
state-unit-13-13,state,viability_state,'mixed_signal','mixed_signal',True,intermediate_or_discordant_marker_signals
state-unit-13-13,state,viability_reason,'intermediate_or_discordant_marker_signals','intermediate_or_discordant_marker_signals',True,intermediate_or_discordant_marker_signals
state-unit-13-13,state,calcein_control_scaled,0.6000000000000001,0.6000000000000001,True,
state-unit-13-13,state,pi_control_scaled,0.6000000000000001,0.6000000000000001,True,
state-unit-13-14,state,viability_state,'mixed_signal','mixed_signal',True,intermediate_or_discordant_marker_signals
state-unit-13-14,state,viability_reason,'intermediate_or_discordant_marker_signals','intermediate_or_discordant_marker_signals',True,intermediate_or_discordant_marker_signals
state-unit-13-14,state,calcein_control_scaled,0.6000000000000001,0.6000000000000001,True,
state-unit-13-14,state,pi_control_scaled,0.8,0.8,True,
state-unit-13-15,state,viability_state,'mixed_signal','mixed_signal',True,intermediate_or_discordant_marker_signals
state-unit-13-15,state,viability_reason,'intermediate_or_discordant_marker_signals','intermediate_or_discordant_marker_signals',True,intermediate_or_discordant_marker_signals
state-unit-13-15,state,calcein_control_scaled,0.6000000000000001,0.6000000000000001,True,
state-unit-13-15,state,pi_control_scaled,0.9999999999999999,0.9999999999999999,True,
state-unit-13-16,state,viability_state,'mixed_signal','mixed_signal',True,intermediate_or_discordant_marker_signals
state-unit-13-16,state,viability_reason,'intermediate_or_discordant_marker_signals','intermediate_or_discordant_marker_signals',True,intermediate_or_discordant_marker_signals
state-unit-13-16,state,calcein_control_scaled,0.6000000000000001,0.6000000000000001,True,
state-unit-13-16,state,pi_control_scaled,1.0,1.0,True,
state-unit-13-17,state,viability_state,'mixed_signal','mixed_signal',True,intermediate_or_discordant_marker_signals;outside_control_range
state-unit-13-17,state,viability_reason,'intermediate_or_discordant_marker_signals;outside_control_range','intermediate_or_discordant_marker_signals;outside_control_range',True,intermediate_or_discordant_marker_signals;outside_control_range
state-unit-13-17,state,calcein_control_scaled,0.6000000000000001,0.6000000000000001,True,
state-unit-13-17,state,pi_control_scaled,1.0000000000000002,1.0000000000000002,True,
state-unit-13-18,state,viability_state,'mixed_signal','mixed_signal',True,intermediate_or_discordant_marker_signals;outside_control_range
state-unit-13-18,state,viability_reason,'intermediate_or_discordant_marker_signals;outside_control_range','intermediate_or_discordant_marker_signals;outside_control_range',True,intermediate_or_discordant_marker_signals;outside_control_range
state-unit-13-18,state,calcein_control_scaled,0.6000000000000001,0.6000000000000001,True,
state-unit-13-18,state,pi_control_scaled,1.5,1.5,True,
state-unit-13-19,state,viability_state,'mixed_signal','mixed_signal',True,intermediate_or_discordant_marker_signals;outside_control_range
state-unit-13-19,state,viability_reason,'intermediate_or_discordant_marker_signals;outside_control_range','intermediate_or_discordant_marker_signals;outside_control_range',True,intermediate_or_discordant_marker_signals;outside_control_range
state-unit-13-19,state,calcein_control_scaled,0.6000000000000001,0.6000000000000001,True,
state-unit-13-19,state,pi_control_scaled,7.0,7.0,True,
state-unit-13-20,state,viability_state,'indeterminate','indeterminate',True,nonfinite_scaled_signal
state-unit-13-20,state,viability_reason,'nonfinite_scaled_signal','nonfinite_scaled_signal',True,nonfinite_scaled_signal
state-unit-13-20,state,calcein_control_scaled,0.6000000000000001,0.6000000000000001,True,
state-unit-13-20,state,pi_control_scaled,inf,inf,True,
state-unit-13-21,state,viability_state,'indeterminate','indeterminate',True,nonfinite_scaled_signal
state-unit-13-21,state,viability_reason,'nonfinite_scaled_signal','nonfinite_scaled_signal',True,nonfinite_scaled_signal
state-unit-13-21,state,calcein_control_scaled,0.6000000000000001,0.6000000000000001,True,
state-unit-13-21,state,pi_control_scaled,nan,nan,True,
state-unit-14-00,state,viability_state,'indeterminate','indeterminate',True,nonfinite_scaled_signal
state-unit-14-00,state,viability_reason,'nonfinite_scaled_signal','nonfinite_scaled_signal',True,nonfinite_scaled_signal
state-unit-14-00,state,calcein_control_scaled,0.8,0.8,True,
state-unit-14-00,state,pi_control_scaled,-inf,-inf,True,
state-unit-14-01,state,viability_state,'viable_like','viable_like',True,high_calcein_low_PI;outside_control_range
state-unit-14-01,state,viability_reason,'high_calcein_low_PI;outside_control_range','high_calcein_low_PI;outside_control_range',True,high_calcein_low_PI;outside_control_range
state-unit-14-01,state,calcein_control_scaled,0.8,0.8,True,
state-unit-14-01,state,pi_control_scaled,-5.0,-5.0,True,
state-unit-14-02,state,viability_state,'viable_like','viable_like',True,high_calcein_low_PI;outside_control_range
state-unit-14-02,state,viability_reason,'high_calcein_low_PI;outside_control_range','high_calcein_low_PI;outside_control_range',True,high_calcein_low_PI;outside_control_range
state-unit-14-02,state,calcein_control_scaled,0.8,0.8,True,
state-unit-14-02,state,pi_control_scaled,-0.5,-0.5,True,
state-unit-14-03,state,viability_state,'viable_like','viable_like',True,high_calcein_low_PI;outside_control_range
state-unit-14-03,state,viability_reason,'high_calcein_low_PI;outside_control_range','high_calcein_low_PI;outside_control_range',True,high_calcein_low_PI;outside_control_range
state-unit-14-03,state,calcein_control_scaled,0.8,0.8,True,
state-unit-14-03,state,pi_control_scaled,-5e-324,-5e-324,True,
state-unit-14-04,state,viability_state,'viable_like','viable_like',True,high_calcein_low_PI
state-unit-14-04,state,viability_reason,'high_calcein_low_PI','high_calcein_low_PI',True,high_calcein_low_PI
state-unit-14-04,state,calcein_control_scaled,0.8,0.8,True,
state-unit-14-04,state,pi_control_scaled,0.0,0.0,True,
state-unit-14-05,state,viability_state,'viable_like','viable_like',True,high_calcein_low_PI
state-unit-14-05,state,viability_reason,'high_calcein_low_PI','high_calcein_low_PI',True,high_calcein_low_PI
state-unit-14-05,state,calcein_control_scaled,0.8,0.8,True,
state-unit-14-05,state,pi_control_scaled,5e-324,5e-324,True,
state-unit-14-06,state,viability_state,'viable_like','viable_like',True,high_calcein_low_PI
state-unit-14-06,state,viability_reason,'high_calcein_low_PI','high_calcein_low_PI',True,high_calcein_low_PI
state-unit-14-06,state,calcein_control_scaled,0.8,0.8,True,
state-unit-14-06,state,pi_control_scaled,0.15,0.15,True,
state-unit-14-07,state,viability_state,'viable_like','viable_like',True,high_calcein_low_PI
state-unit-14-07,state,viability_reason,'high_calcein_low_PI','high_calcein_low_PI',True,high_calcein_low_PI
state-unit-14-07,state,calcein_control_scaled,0.8,0.8,True,
state-unit-14-07,state,pi_control_scaled,0.29999999999999993,0.29999999999999993,True,
state-unit-14-08,state,viability_state,'viable_like','viable_like',True,high_calcein_low_PI
state-unit-14-08,state,viability_reason,'high_calcein_low_PI','high_calcein_low_PI',True,high_calcein_low_PI
state-unit-14-08,state,calcein_control_scaled,0.8,0.8,True,
state-unit-14-08,state,pi_control_scaled,0.3,0.3,True,
state-unit-14-09,state,viability_state,'mixed_signal','mixed_signal',True,intermediate_or_discordant_marker_signals
state-unit-14-09,state,viability_reason,'intermediate_or_discordant_marker_signals','intermediate_or_discordant_marker_signals',True,intermediate_or_discordant_marker_signals
state-unit-14-09,state,calcein_control_scaled,0.8,0.8,True,
state-unit-14-09,state,pi_control_scaled,0.30000000000000004,0.30000000000000004,True,
state-unit-14-10,state,viability_state,'mixed_signal','mixed_signal',True,intermediate_or_discordant_marker_signals
state-unit-14-10,state,viability_reason,'intermediate_or_discordant_marker_signals','intermediate_or_discordant_marker_signals',True,intermediate_or_discordant_marker_signals
state-unit-14-10,state,calcein_control_scaled,0.8,0.8,True,
state-unit-14-10,state,pi_control_scaled,0.45,0.45,True,
state-unit-14-11,state,viability_state,'mixed_signal','mixed_signal',True,intermediate_or_discordant_marker_signals
state-unit-14-11,state,viability_reason,'intermediate_or_discordant_marker_signals','intermediate_or_discordant_marker_signals',True,intermediate_or_discordant_marker_signals
state-unit-14-11,state,calcein_control_scaled,0.8,0.8,True,
state-unit-14-11,state,pi_control_scaled,0.5999999999999999,0.5999999999999999,True,
state-unit-14-12,state,viability_state,'mixed_signal','mixed_signal',True,intermediate_or_discordant_marker_signals
state-unit-14-12,state,viability_reason,'intermediate_or_discordant_marker_signals','intermediate_or_discordant_marker_signals',True,intermediate_or_discordant_marker_signals
state-unit-14-12,state,calcein_control_scaled,0.8,0.8,True,
state-unit-14-12,state,pi_control_scaled,0.6,0.6,True,
state-unit-14-13,state,viability_state,'mixed_signal','mixed_signal',True,intermediate_or_discordant_marker_signals
state-unit-14-13,state,viability_reason,'intermediate_or_discordant_marker_signals','intermediate_or_discordant_marker_signals',True,intermediate_or_discordant_marker_signals
state-unit-14-13,state,calcein_control_scaled,0.8,0.8,True,
state-unit-14-13,state,pi_control_scaled,0.6000000000000001,0.6000000000000001,True,
state-unit-14-14,state,viability_state,'mixed_signal','mixed_signal',True,intermediate_or_discordant_marker_signals
state-unit-14-14,state,viability_reason,'intermediate_or_discordant_marker_signals','intermediate_or_discordant_marker_signals',True,intermediate_or_discordant_marker_signals
state-unit-14-14,state,calcein_control_scaled,0.8,0.8,True,
state-unit-14-14,state,pi_control_scaled,0.8,0.8,True,
state-unit-14-15,state,viability_state,'mixed_signal','mixed_signal',True,intermediate_or_discordant_marker_signals
state-unit-14-15,state,viability_reason,'intermediate_or_discordant_marker_signals','intermediate_or_discordant_marker_signals',True,intermediate_or_discordant_marker_signals
state-unit-14-15,state,calcein_control_scaled,0.8,0.8,True,
state-unit-14-15,state,pi_control_scaled,0.9999999999999999,0.9999999999999999,True,
state-unit-14-16,state,viability_state,'mixed_signal','mixed_signal',True,intermediate_or_discordant_marker_signals
state-unit-14-16,state,viability_reason,'intermediate_or_discordant_marker_signals','intermediate_or_discordant_marker_signals',True,intermediate_or_discordant_marker_signals
state-unit-14-16,state,calcein_control_scaled,0.8,0.8,True,
state-unit-14-16,state,pi_control_scaled,1.0,1.0,True,
state-unit-14-17,state,viability_state,'mixed_signal','mixed_signal',True,intermediate_or_discordant_marker_signals;outside_control_range
state-unit-14-17,state,viability_reason,'intermediate_or_discordant_marker_signals;outside_control_range','intermediate_or_discordant_marker_signals;outside_control_range',True,intermediate_or_discordant_marker_signals;outside_control_range
state-unit-14-17,state,calcein_control_scaled,0.8,0.8,True,
state-unit-14-17,state,pi_control_scaled,1.0000000000000002,1.0000000000000002,True,
state-unit-14-18,state,viability_state,'mixed_signal','mixed_signal',True,intermediate_or_discordant_marker_signals;outside_control_range
state-unit-14-18,state,viability_reason,'intermediate_or_discordant_marker_signals;outside_control_range','intermediate_or_discordant_marker_signals;outside_control_range',True,intermediate_or_discordant_marker_signals;outside_control_range
state-unit-14-18,state,calcein_control_scaled,0.8,0.8,True,
state-unit-14-18,state,pi_control_scaled,1.5,1.5,True,
state-unit-14-19,state,viability_state,'mixed_signal','mixed_signal',True,intermediate_or_discordant_marker_signals;outside_control_range
state-unit-14-19,state,viability_reason,'intermediate_or_discordant_marker_signals;outside_control_range','intermediate_or_discordant_marker_signals;outside_control_range',True,intermediate_or_discordant_marker_signals;outside_control_range
state-unit-14-19,state,calcein_control_scaled,0.8,0.8,True,
state-unit-14-19,state,pi_control_scaled,7.0,7.0,True,
state-unit-14-20,state,viability_state,'indeterminate','indeterminate',True,nonfinite_scaled_signal
state-unit-14-20,state,viability_reason,'nonfinite_scaled_signal','nonfinite_scaled_signal',True,nonfinite_scaled_signal
state-unit-14-20,state,calcein_control_scaled,0.8,0.8,True,
state-unit-14-20,state,pi_control_scaled,inf,inf,True,
state-unit-14-21,state,viability_state,'indeterminate','indeterminate',True,nonfinite_scaled_signal
state-unit-14-21,state,viability_reason,'nonfinite_scaled_signal','nonfinite_scaled_signal',True,nonfinite_scaled_signal
state-unit-14-21,state,calcein_control_scaled,0.8,0.8,True,
state-unit-14-21,state,pi_control_scaled,nan,nan,True,
state-unit-15-00,state,viability_state,'indeterminate','indeterminate',True,nonfinite_scaled_signal
state-unit-15-00,state,viability_reason,'nonfinite_scaled_signal','nonfinite_scaled_signal',True,nonfinite_scaled_signal
state-unit-15-00,state,calcein_control_scaled,0.9999999999999999,0.9999999999999999,True,
state-unit-15-00,state,pi_control_scaled,-inf,-inf,True,
state-unit-15-01,state,viability_state,'viable_like','viable_like',True,high_calcein_low_PI;outside_control_range
state-unit-15-01,state,viability_reason,'high_calcein_low_PI;outside_control_range','high_calcein_low_PI;outside_control_range',True,high_calcein_low_PI;outside_control_range
state-unit-15-01,state,calcein_control_scaled,0.9999999999999999,0.9999999999999999,True,
state-unit-15-01,state,pi_control_scaled,-5.0,-5.0,True,
state-unit-15-02,state,viability_state,'viable_like','viable_like',True,high_calcein_low_PI;outside_control_range
state-unit-15-02,state,viability_reason,'high_calcein_low_PI;outside_control_range','high_calcein_low_PI;outside_control_range',True,high_calcein_low_PI;outside_control_range
state-unit-15-02,state,calcein_control_scaled,0.9999999999999999,0.9999999999999999,True,
state-unit-15-02,state,pi_control_scaled,-0.5,-0.5,True,
state-unit-15-03,state,viability_state,'viable_like','viable_like',True,high_calcein_low_PI;outside_control_range
state-unit-15-03,state,viability_reason,'high_calcein_low_PI;outside_control_range','high_calcein_low_PI;outside_control_range',True,high_calcein_low_PI;outside_control_range
state-unit-15-03,state,calcein_control_scaled,0.9999999999999999,0.9999999999999999,True,
state-unit-15-03,state,pi_control_scaled,-5e-324,-5e-324,True,
state-unit-15-04,state,viability_state,'viable_like','viable_like',True,high_calcein_low_PI
state-unit-15-04,state,viability_reason,'high_calcein_low_PI','high_calcein_low_PI',True,high_calcein_low_PI
state-unit-15-04,state,calcein_control_scaled,0.9999999999999999,0.9999999999999999,True,
state-unit-15-04,state,pi_control_scaled,0.0,0.0,True,
state-unit-15-05,state,viability_state,'viable_like','viable_like',True,high_calcein_low_PI
state-unit-15-05,state,viability_reason,'high_calcein_low_PI','high_calcein_low_PI',True,high_calcein_low_PI
state-unit-15-05,state,calcein_control_scaled,0.9999999999999999,0.9999999999999999,True,
state-unit-15-05,state,pi_control_scaled,5e-324,5e-324,True,
state-unit-15-06,state,viability_state,'viable_like','viable_like',True,high_calcein_low_PI
state-unit-15-06,state,viability_reason,'high_calcein_low_PI','high_calcein_low_PI',True,high_calcein_low_PI
state-unit-15-06,state,calcein_control_scaled,0.9999999999999999,0.9999999999999999,True,
state-unit-15-06,state,pi_control_scaled,0.15,0.15,True,
state-unit-15-07,state,viability_state,'viable_like','viable_like',True,high_calcein_low_PI
state-unit-15-07,state,viability_reason,'high_calcein_low_PI','high_calcein_low_PI',True,high_calcein_low_PI
state-unit-15-07,state,calcein_control_scaled,0.9999999999999999,0.9999999999999999,True,
state-unit-15-07,state,pi_control_scaled,0.29999999999999993,0.29999999999999993,True,
state-unit-15-08,state,viability_state,'viable_like','viable_like',True,high_calcein_low_PI
state-unit-15-08,state,viability_reason,'high_calcein_low_PI','high_calcein_low_PI',True,high_calcein_low_PI
state-unit-15-08,state,calcein_control_scaled,0.9999999999999999,0.9999999999999999,True,
state-unit-15-08,state,pi_control_scaled,0.3,0.3,True,
state-unit-15-09,state,viability_state,'mixed_signal','mixed_signal',True,intermediate_or_discordant_marker_signals
state-unit-15-09,state,viability_reason,'intermediate_or_discordant_marker_signals','intermediate_or_discordant_marker_signals',True,intermediate_or_discordant_marker_signals
state-unit-15-09,state,calcein_control_scaled,0.9999999999999999,0.9999999999999999,True,
state-unit-15-09,state,pi_control_scaled,0.30000000000000004,0.30000000000000004,True,
state-unit-15-10,state,viability_state,'mixed_signal','mixed_signal',True,intermediate_or_discordant_marker_signals
state-unit-15-10,state,viability_reason,'intermediate_or_discordant_marker_signals','intermediate_or_discordant_marker_signals',True,intermediate_or_discordant_marker_signals
state-unit-15-10,state,calcein_control_scaled,0.9999999999999999,0.9999999999999999,True,
state-unit-15-10,state,pi_control_scaled,0.45,0.45,True,
state-unit-15-11,state,viability_state,'mixed_signal','mixed_signal',True,intermediate_or_discordant_marker_signals
state-unit-15-11,state,viability_reason,'intermediate_or_discordant_marker_signals','intermediate_or_discordant_marker_signals',True,intermediate_or_discordant_marker_signals
state-unit-15-11,state,calcein_control_scaled,0.9999999999999999,0.9999999999999999,True,
state-unit-15-11,state,pi_control_scaled,0.5999999999999999,0.5999999999999999,True,
state-unit-15-12,state,viability_state,'mixed_signal','mixed_signal',True,intermediate_or_discordant_marker_signals
state-unit-15-12,state,viability_reason,'intermediate_or_discordant_marker_signals','intermediate_or_discordant_marker_signals',True,intermediate_or_discordant_marker_signals
state-unit-15-12,state,calcein_control_scaled,0.9999999999999999,0.9999999999999999,True,
state-unit-15-12,state,pi_control_scaled,0.6,0.6,True,
state-unit-15-13,state,viability_state,'mixed_signal','mixed_signal',True,intermediate_or_discordant_marker_signals
state-unit-15-13,state,viability_reason,'intermediate_or_discordant_marker_signals','intermediate_or_discordant_marker_signals',True,intermediate_or_discordant_marker_signals
state-unit-15-13,state,calcein_control_scaled,0.9999999999999999,0.9999999999999999,True,
state-unit-15-13,state,pi_control_scaled,0.6000000000000001,0.6000000000000001,True,
state-unit-15-14,state,viability_state,'mixed_signal','mixed_signal',True,intermediate_or_discordant_marker_signals
state-unit-15-14,state,viability_reason,'intermediate_or_discordant_marker_signals','intermediate_or_discordant_marker_signals',True,intermediate_or_discordant_marker_signals
state-unit-15-14,state,calcein_control_scaled,0.9999999999999999,0.9999999999999999,True,
state-unit-15-14,state,pi_control_scaled,0.8,0.8,True,
state-unit-15-15,state,viability_state,'mixed_signal','mixed_signal',True,intermediate_or_discordant_marker_signals
state-unit-15-15,state,viability_reason,'intermediate_or_discordant_marker_signals','intermediate_or_discordant_marker_signals',True,intermediate_or_discordant_marker_signals
state-unit-15-15,state,calcein_control_scaled,0.9999999999999999,0.9999999999999999,True,
state-unit-15-15,state,pi_control_scaled,0.9999999999999999,0.9999999999999999,True,
state-unit-15-16,state,viability_state,'mixed_signal','mixed_signal',True,intermediate_or_discordant_marker_signals
state-unit-15-16,state,viability_reason,'intermediate_or_discordant_marker_signals','intermediate_or_discordant_marker_signals',True,intermediate_or_discordant_marker_signals
state-unit-15-16,state,calcein_control_scaled,0.9999999999999999,0.9999999999999999,True,
state-unit-15-16,state,pi_control_scaled,1.0,1.0,True,
state-unit-15-17,state,viability_state,'mixed_signal','mixed_signal',True,intermediate_or_discordant_marker_signals;outside_control_range
state-unit-15-17,state,viability_reason,'intermediate_or_discordant_marker_signals;outside_control_range','intermediate_or_discordant_marker_signals;outside_control_range',True,intermediate_or_discordant_marker_signals;outside_control_range
state-unit-15-17,state,calcein_control_scaled,0.9999999999999999,0.9999999999999999,True,
state-unit-15-17,state,pi_control_scaled,1.0000000000000002,1.0000000000000002,True,
state-unit-15-18,state,viability_state,'mixed_signal','mixed_signal',True,intermediate_or_discordant_marker_signals;outside_control_range
state-unit-15-18,state,viability_reason,'intermediate_or_discordant_marker_signals;outside_control_range','intermediate_or_discordant_marker_signals;outside_control_range',True,intermediate_or_discordant_marker_signals;outside_control_range
state-unit-15-18,state,calcein_control_scaled,0.9999999999999999,0.9999999999999999,True,
state-unit-15-18,state,pi_control_scaled,1.5,1.5,True,
state-unit-15-19,state,viability_state,'mixed_signal','mixed_signal',True,intermediate_or_discordant_marker_signals;outside_control_range
state-unit-15-19,state,viability_reason,'intermediate_or_discordant_marker_signals;outside_control_range','intermediate_or_discordant_marker_signals;outside_control_range',True,intermediate_or_discordant_marker_signals;outside_control_range
state-unit-15-19,state,calcein_control_scaled,0.9999999999999999,0.9999999999999999,True,
state-unit-15-19,state,pi_control_scaled,7.0,7.0,True,
state-unit-15-20,state,viability_state,'indeterminate','indeterminate',True,nonfinite_scaled_signal
state-unit-15-20,state,viability_reason,'nonfinite_scaled_signal','nonfinite_scaled_signal',True,nonfinite_scaled_signal
state-unit-15-20,state,calcein_control_scaled,0.9999999999999999,0.9999999999999999,True,
state-unit-15-20,state,pi_control_scaled,inf,inf,True,
state-unit-15-21,state,viability_state,'indeterminate','indeterminate',True,nonfinite_scaled_signal
state-unit-15-21,state,viability_reason,'nonfinite_scaled_signal','nonfinite_scaled_signal',True,nonfinite_scaled_signal
state-unit-15-21,state,calcein_control_scaled,0.9999999999999999,0.9999999999999999,True,
state-unit-15-21,state,pi_control_scaled,nan,nan,True,
state-unit-16-00,state,viability_state,'indeterminate','indeterminate',True,nonfinite_scaled_signal
state-unit-16-00,state,viability_reason,'nonfinite_scaled_signal','nonfinite_scaled_signal',True,nonfinite_scaled_signal
state-unit-16-00,state,calcein_control_scaled,1.0,1.0,True,
state-unit-16-00,state,pi_control_scaled,-inf,-inf,True,
state-unit-16-01,state,viability_state,'viable_like','viable_like',True,high_calcein_low_PI;outside_control_range
state-unit-16-01,state,viability_reason,'high_calcein_low_PI;outside_control_range','high_calcein_low_PI;outside_control_range',True,high_calcein_low_PI;outside_control_range
state-unit-16-01,state,calcein_control_scaled,1.0,1.0,True,
state-unit-16-01,state,pi_control_scaled,-5.0,-5.0,True,
state-unit-16-02,state,viability_state,'viable_like','viable_like',True,high_calcein_low_PI;outside_control_range
state-unit-16-02,state,viability_reason,'high_calcein_low_PI;outside_control_range','high_calcein_low_PI;outside_control_range',True,high_calcein_low_PI;outside_control_range
state-unit-16-02,state,calcein_control_scaled,1.0,1.0,True,
state-unit-16-02,state,pi_control_scaled,-0.5,-0.5,True,
state-unit-16-03,state,viability_state,'viable_like','viable_like',True,high_calcein_low_PI;outside_control_range
state-unit-16-03,state,viability_reason,'high_calcein_low_PI;outside_control_range','high_calcein_low_PI;outside_control_range',True,high_calcein_low_PI;outside_control_range
state-unit-16-03,state,calcein_control_scaled,1.0,1.0,True,
state-unit-16-03,state,pi_control_scaled,-5e-324,-5e-324,True,
state-unit-16-04,state,viability_state,'viable_like','viable_like',True,high_calcein_low_PI
state-unit-16-04,state,viability_reason,'high_calcein_low_PI','high_calcein_low_PI',True,high_calcein_low_PI
state-unit-16-04,state,calcein_control_scaled,1.0,1.0,True,
state-unit-16-04,state,pi_control_scaled,0.0,0.0,True,
state-unit-16-05,state,viability_state,'viable_like','viable_like',True,high_calcein_low_PI
state-unit-16-05,state,viability_reason,'high_calcein_low_PI','high_calcein_low_PI',True,high_calcein_low_PI
state-unit-16-05,state,calcein_control_scaled,1.0,1.0,True,
state-unit-16-05,state,pi_control_scaled,5e-324,5e-324,True,
state-unit-16-06,state,viability_state,'viable_like','viable_like',True,high_calcein_low_PI
state-unit-16-06,state,viability_reason,'high_calcein_low_PI','high_calcein_low_PI',True,high_calcein_low_PI
state-unit-16-06,state,calcein_control_scaled,1.0,1.0,True,
state-unit-16-06,state,pi_control_scaled,0.15,0.15,True,
state-unit-16-07,state,viability_state,'viable_like','viable_like',True,high_calcein_low_PI
state-unit-16-07,state,viability_reason,'high_calcein_low_PI','high_calcein_low_PI',True,high_calcein_low_PI
state-unit-16-07,state,calcein_control_scaled,1.0,1.0,True,
state-unit-16-07,state,pi_control_scaled,0.29999999999999993,0.29999999999999993,True,
state-unit-16-08,state,viability_state,'viable_like','viable_like',True,high_calcein_low_PI
state-unit-16-08,state,viability_reason,'high_calcein_low_PI','high_calcein_low_PI',True,high_calcein_low_PI
state-unit-16-08,state,calcein_control_scaled,1.0,1.0,True,
state-unit-16-08,state,pi_control_scaled,0.3,0.3,True,
state-unit-16-09,state,viability_state,'mixed_signal','mixed_signal',True,intermediate_or_discordant_marker_signals
state-unit-16-09,state,viability_reason,'intermediate_or_discordant_marker_signals','intermediate_or_discordant_marker_signals',True,intermediate_or_discordant_marker_signals
state-unit-16-09,state,calcein_control_scaled,1.0,1.0,True,
state-unit-16-09,state,pi_control_scaled,0.30000000000000004,0.30000000000000004,True,
state-unit-16-10,state,viability_state,'mixed_signal','mixed_signal',True,intermediate_or_discordant_marker_signals
state-unit-16-10,state,viability_reason,'intermediate_or_discordant_marker_signals','intermediate_or_discordant_marker_signals',True,intermediate_or_discordant_marker_signals
state-unit-16-10,state,calcein_control_scaled,1.0,1.0,True,
state-unit-16-10,state,pi_control_scaled,0.45,0.45,True,
state-unit-16-11,state,viability_state,'mixed_signal','mixed_signal',True,intermediate_or_discordant_marker_signals
state-unit-16-11,state,viability_reason,'intermediate_or_discordant_marker_signals','intermediate_or_discordant_marker_signals',True,intermediate_or_discordant_marker_signals
state-unit-16-11,state,calcein_control_scaled,1.0,1.0,True,
state-unit-16-11,state,pi_control_scaled,0.5999999999999999,0.5999999999999999,True,
state-unit-16-12,state,viability_state,'mixed_signal','mixed_signal',True,intermediate_or_discordant_marker_signals
state-unit-16-12,state,viability_reason,'intermediate_or_discordant_marker_signals','intermediate_or_discordant_marker_signals',True,intermediate_or_discordant_marker_signals
state-unit-16-12,state,calcein_control_scaled,1.0,1.0,True,
state-unit-16-12,state,pi_control_scaled,0.6,0.6,True,
state-unit-16-13,state,viability_state,'mixed_signal','mixed_signal',True,intermediate_or_discordant_marker_signals
state-unit-16-13,state,viability_reason,'intermediate_or_discordant_marker_signals','intermediate_or_discordant_marker_signals',True,intermediate_or_discordant_marker_signals
state-unit-16-13,state,calcein_control_scaled,1.0,1.0,True,
state-unit-16-13,state,pi_control_scaled,0.6000000000000001,0.6000000000000001,True,
state-unit-16-14,state,viability_state,'mixed_signal','mixed_signal',True,intermediate_or_discordant_marker_signals
state-unit-16-14,state,viability_reason,'intermediate_or_discordant_marker_signals','intermediate_or_discordant_marker_signals',True,intermediate_or_discordant_marker_signals
state-unit-16-14,state,calcein_control_scaled,1.0,1.0,True,
state-unit-16-14,state,pi_control_scaled,0.8,0.8,True,
state-unit-16-15,state,viability_state,'mixed_signal','mixed_signal',True,intermediate_or_discordant_marker_signals
state-unit-16-15,state,viability_reason,'intermediate_or_discordant_marker_signals','intermediate_or_discordant_marker_signals',True,intermediate_or_discordant_marker_signals
state-unit-16-15,state,calcein_control_scaled,1.0,1.0,True,
state-unit-16-15,state,pi_control_scaled,0.9999999999999999,0.9999999999999999,True,
state-unit-16-16,state,viability_state,'mixed_signal','mixed_signal',True,intermediate_or_discordant_marker_signals
state-unit-16-16,state,viability_reason,'intermediate_or_discordant_marker_signals','intermediate_or_discordant_marker_signals',True,intermediate_or_discordant_marker_signals
state-unit-16-16,state,calcein_control_scaled,1.0,1.0,True,
state-unit-16-16,state,pi_control_scaled,1.0,1.0,True,
state-unit-16-17,state,viability_state,'mixed_signal','mixed_signal',True,intermediate_or_discordant_marker_signals;outside_control_range
state-unit-16-17,state,viability_reason,'intermediate_or_discordant_marker_signals;outside_control_range','intermediate_or_discordant_marker_signals;outside_control_range',True,intermediate_or_discordant_marker_signals;outside_control_range
state-unit-16-17,state,calcein_control_scaled,1.0,1.0,True,
state-unit-16-17,state,pi_control_scaled,1.0000000000000002,1.0000000000000002,True,
state-unit-16-18,state,viability_state,'mixed_signal','mixed_signal',True,intermediate_or_discordant_marker_signals;outside_control_range
state-unit-16-18,state,viability_reason,'intermediate_or_discordant_marker_signals;outside_control_range','intermediate_or_discordant_marker_signals;outside_control_range',True,intermediate_or_discordant_marker_signals;outside_control_range
state-unit-16-18,state,calcein_control_scaled,1.0,1.0,True,
state-unit-16-18,state,pi_control_scaled,1.5,1.5,True,
state-unit-16-19,state,viability_state,'mixed_signal','mixed_signal',True,intermediate_or_discordant_marker_signals;outside_control_range
state-unit-16-19,state,viability_reason,'intermediate_or_discordant_marker_signals;outside_control_range','intermediate_or_discordant_marker_signals;outside_control_range',True,intermediate_or_discordant_marker_signals;outside_control_range
state-unit-16-19,state,calcein_control_scaled,1.0,1.0,True,
state-unit-16-19,state,pi_control_scaled,7.0,7.0,True,
state-unit-16-20,state,viability_state,'indeterminate','indeterminate',True,nonfinite_scaled_signal
state-unit-16-20,state,viability_reason,'nonfinite_scaled_signal','nonfinite_scaled_signal',True,nonfinite_scaled_signal
state-unit-16-20,state,calcein_control_scaled,1.0,1.0,True,
state-unit-16-20,state,pi_control_scaled,inf,inf,True,
state-unit-16-21,state,viability_state,'indeterminate','indeterminate',True,nonfinite_scaled_signal
state-unit-16-21,state,viability_reason,'nonfinite_scaled_signal','nonfinite_scaled_signal',True,nonfinite_scaled_signal
state-unit-16-21,state,calcein_control_scaled,1.0,1.0,True,
state-unit-16-21,state,pi_control_scaled,nan,nan,True,
state-unit-17-00,state,viability_state,'indeterminate','indeterminate',True,nonfinite_scaled_signal
state-unit-17-00,state,viability_reason,'nonfinite_scaled_signal','nonfinite_scaled_signal',True,nonfinite_scaled_signal
state-unit-17-00,state,calcein_control_scaled,1.0000000000000002,1.0000000000000002,True,
state-unit-17-00,state,pi_control_scaled,-inf,-inf,True,
state-unit-17-01,state,viability_state,'viable_like','viable_like',True,high_calcein_low_PI;outside_control_range
state-unit-17-01,state,viability_reason,'high_calcein_low_PI;outside_control_range','high_calcein_low_PI;outside_control_range',True,high_calcein_low_PI;outside_control_range
state-unit-17-01,state,calcein_control_scaled,1.0000000000000002,1.0000000000000002,True,
state-unit-17-01,state,pi_control_scaled,-5.0,-5.0,True,
state-unit-17-02,state,viability_state,'viable_like','viable_like',True,high_calcein_low_PI;outside_control_range
state-unit-17-02,state,viability_reason,'high_calcein_low_PI;outside_control_range','high_calcein_low_PI;outside_control_range',True,high_calcein_low_PI;outside_control_range
state-unit-17-02,state,calcein_control_scaled,1.0000000000000002,1.0000000000000002,True,
state-unit-17-02,state,pi_control_scaled,-0.5,-0.5,True,
state-unit-17-03,state,viability_state,'viable_like','viable_like',True,high_calcein_low_PI;outside_control_range
state-unit-17-03,state,viability_reason,'high_calcein_low_PI;outside_control_range','high_calcein_low_PI;outside_control_range',True,high_calcein_low_PI;outside_control_range
state-unit-17-03,state,calcein_control_scaled,1.0000000000000002,1.0000000000000002,True,
state-unit-17-03,state,pi_control_scaled,-5e-324,-5e-324,True,
state-unit-17-04,state,viability_state,'viable_like','viable_like',True,high_calcein_low_PI;outside_control_range
state-unit-17-04,state,viability_reason,'high_calcein_low_PI;outside_control_range','high_calcein_low_PI;outside_control_range',True,high_calcein_low_PI;outside_control_range
state-unit-17-04,state,calcein_control_scaled,1.0000000000000002,1.0000000000000002,True,
state-unit-17-04,state,pi_control_scaled,0.0,0.0,True,
state-unit-17-05,state,viability_state,'viable_like','viable_like',True,high_calcein_low_PI;outside_control_range
state-unit-17-05,state,viability_reason,'high_calcein_low_PI;outside_control_range','high_calcein_low_PI;outside_control_range',True,high_calcein_low_PI;outside_control_range
state-unit-17-05,state,calcein_control_scaled,1.0000000000000002,1.0000000000000002,True,
state-unit-17-05,state,pi_control_scaled,5e-324,5e-324,True,
state-unit-17-06,state,viability_state,'viable_like','viable_like',True,high_calcein_low_PI;outside_control_range
state-unit-17-06,state,viability_reason,'high_calcein_low_PI;outside_control_range','high_calcein_low_PI;outside_control_range',True,high_calcein_low_PI;outside_control_range
state-unit-17-06,state,calcein_control_scaled,1.0000000000000002,1.0000000000000002,True,
state-unit-17-06,state,pi_control_scaled,0.15,0.15,True,
state-unit-17-07,state,viability_state,'viable_like','viable_like',True,high_calcein_low_PI;outside_control_range
state-unit-17-07,state,viability_reason,'high_calcein_low_PI;outside_control_range','high_calcein_low_PI;outside_control_range',True,high_calcein_low_PI;outside_control_range
state-unit-17-07,state,calcein_control_scaled,1.0000000000000002,1.0000000000000002,True,
state-unit-17-07,state,pi_control_scaled,0.29999999999999993,0.29999999999999993,True,
state-unit-17-08,state,viability_state,'viable_like','viable_like',True,high_calcein_low_PI;outside_control_range
state-unit-17-08,state,viability_reason,'high_calcein_low_PI;outside_control_range','high_calcein_low_PI;outside_control_range',True,high_calcein_low_PI;outside_control_range
state-unit-17-08,state,calcein_control_scaled,1.0000000000000002,1.0000000000000002,True,
state-unit-17-08,state,pi_control_scaled,0.3,0.3,True,
state-unit-17-09,state,viability_state,'mixed_signal','mixed_signal',True,intermediate_or_discordant_marker_signals;outside_control_range
state-unit-17-09,state,viability_reason,'intermediate_or_discordant_marker_signals;outside_control_range','intermediate_or_discordant_marker_signals;outside_control_range',True,intermediate_or_discordant_marker_signals;outside_control_range
state-unit-17-09,state,calcein_control_scaled,1.0000000000000002,1.0000000000000002,True,
state-unit-17-09,state,pi_control_scaled,0.30000000000000004,0.30000000000000004,True,
state-unit-17-10,state,viability_state,'mixed_signal','mixed_signal',True,intermediate_or_discordant_marker_signals;outside_control_range
state-unit-17-10,state,viability_reason,'intermediate_or_discordant_marker_signals;outside_control_range','intermediate_or_discordant_marker_signals;outside_control_range',True,intermediate_or_discordant_marker_signals;outside_control_range
state-unit-17-10,state,calcein_control_scaled,1.0000000000000002,1.0000000000000002,True,
state-unit-17-10,state,pi_control_scaled,0.45,0.45,True,
state-unit-17-11,state,viability_state,'mixed_signal','mixed_signal',True,intermediate_or_discordant_marker_signals;outside_control_range
state-unit-17-11,state,viability_reason,'intermediate_or_discordant_marker_signals;outside_control_range','intermediate_or_discordant_marker_signals;outside_control_range',True,intermediate_or_discordant_marker_signals;outside_control_range
state-unit-17-11,state,calcein_control_scaled,1.0000000000000002,1.0000000000000002,True,
state-unit-17-11,state,pi_control_scaled,0.5999999999999999,0.5999999999999999,True,
state-unit-17-12,state,viability_state,'mixed_signal','mixed_signal',True,intermediate_or_discordant_marker_signals;outside_control_range
state-unit-17-12,state,viability_reason,'intermediate_or_discordant_marker_signals;outside_control_range','intermediate_or_discordant_marker_signals;outside_control_range',True,intermediate_or_discordant_marker_signals;outside_control_range
state-unit-17-12,state,calcein_control_scaled,1.0000000000000002,1.0000000000000002,True,
state-unit-17-12,state,pi_control_scaled,0.6,0.6,True,
state-unit-17-13,state,viability_state,'mixed_signal','mixed_signal',True,intermediate_or_discordant_marker_signals;outside_control_range
state-unit-17-13,state,viability_reason,'intermediate_or_discordant_marker_signals;outside_control_range','intermediate_or_discordant_marker_signals;outside_control_range',True,intermediate_or_discordant_marker_signals;outside_control_range
state-unit-17-13,state,calcein_control_scaled,1.0000000000000002,1.0000000000000002,True,
state-unit-17-13,state,pi_control_scaled,0.6000000000000001,0.6000000000000001,True,
state-unit-17-14,state,viability_state,'mixed_signal','mixed_signal',True,intermediate_or_discordant_marker_signals;outside_control_range
state-unit-17-14,state,viability_reason,'intermediate_or_discordant_marker_signals;outside_control_range','intermediate_or_discordant_marker_signals;outside_control_range',True,intermediate_or_discordant_marker_signals;outside_control_range
state-unit-17-14,state,calcein_control_scaled,1.0000000000000002,1.0000000000000002,True,
state-unit-17-14,state,pi_control_scaled,0.8,0.8,True,
state-unit-17-15,state,viability_state,'mixed_signal','mixed_signal',True,intermediate_or_discordant_marker_signals;outside_control_range
state-unit-17-15,state,viability_reason,'intermediate_or_discordant_marker_signals;outside_control_range','intermediate_or_discordant_marker_signals;outside_control_range',True,intermediate_or_discordant_marker_signals;outside_control_range
state-unit-17-15,state,calcein_control_scaled,1.0000000000000002,1.0000000000000002,True,
state-unit-17-15,state,pi_control_scaled,0.9999999999999999,0.9999999999999999,True,
state-unit-17-16,state,viability_state,'mixed_signal','mixed_signal',True,intermediate_or_discordant_marker_signals;outside_control_range
state-unit-17-16,state,viability_reason,'intermediate_or_discordant_marker_signals;outside_control_range','intermediate_or_discordant_marker_signals;outside_control_range',True,intermediate_or_discordant_marker_signals;outside_control_range
state-unit-17-16,state,calcein_control_scaled,1.0000000000000002,1.0000000000000002,True,
state-unit-17-16,state,pi_control_scaled,1.0,1.0,True,
state-unit-17-17,state,viability_state,'mixed_signal','mixed_signal',True,intermediate_or_discordant_marker_signals;outside_control_range
state-unit-17-17,state,viability_reason,'intermediate_or_discordant_marker_signals;outside_control_range','intermediate_or_discordant_marker_signals;outside_control_range',True,intermediate_or_discordant_marker_signals;outside_control_range
state-unit-17-17,state,calcein_control_scaled,1.0000000000000002,1.0000000000000002,True,
state-unit-17-17,state,pi_control_scaled,1.0000000000000002,1.0000000000000002,True,
state-unit-17-18,state,viability_state,'mixed_signal','mixed_signal',True,intermediate_or_discordant_marker_signals;outside_control_range
state-unit-17-18,state,viability_reason,'intermediate_or_discordant_marker_signals;outside_control_range','intermediate_or_discordant_marker_signals;outside_control_range',True,intermediate_or_discordant_marker_signals;outside_control_range
state-unit-17-18,state,calcein_control_scaled,1.0000000000000002,1.0000000000000002,True,
state-unit-17-18,state,pi_control_scaled,1.5,1.5,True,
state-unit-17-19,state,viability_state,'mixed_signal','mixed_signal',True,intermediate_or_discordant_marker_signals;outside_control_range
state-unit-17-19,state,viability_reason,'intermediate_or_discordant_marker_signals;outside_control_range','intermediate_or_discordant_marker_signals;outside_control_range',True,intermediate_or_discordant_marker_signals;outside_control_range
state-unit-17-19,state,calcein_control_scaled,1.0000000000000002,1.0000000000000002,True,
state-unit-17-19,state,pi_control_scaled,7.0,7.0,True,
state-unit-17-20,state,viability_state,'indeterminate','indeterminate',True,nonfinite_scaled_signal
state-unit-17-20,state,viability_reason,'nonfinite_scaled_signal','nonfinite_scaled_signal',True,nonfinite_scaled_signal
state-unit-17-20,state,calcein_control_scaled,1.0000000000000002,1.0000000000000002,True,
state-unit-17-20,state,pi_control_scaled,inf,inf,True,
state-unit-17-21,state,viability_state,'indeterminate','indeterminate',True,nonfinite_scaled_signal
state-unit-17-21,state,viability_reason,'nonfinite_scaled_signal','nonfinite_scaled_signal',True,nonfinite_scaled_signal
state-unit-17-21,state,calcein_control_scaled,1.0000000000000002,1.0000000000000002,True,
state-unit-17-21,state,pi_control_scaled,nan,nan,True,
state-unit-18-00,state,viability_state,'indeterminate','indeterminate',True,nonfinite_scaled_signal
state-unit-18-00,state,viability_reason,'nonfinite_scaled_signal','nonfinite_scaled_signal',True,nonfinite_scaled_signal
state-unit-18-00,state,calcein_control_scaled,1.5,1.5,True,
state-unit-18-00,state,pi_control_scaled,-inf,-inf,True,
state-unit-18-01,state,viability_state,'viable_like','viable_like',True,high_calcein_low_PI;outside_control_range
state-unit-18-01,state,viability_reason,'high_calcein_low_PI;outside_control_range','high_calcein_low_PI;outside_control_range',True,high_calcein_low_PI;outside_control_range
state-unit-18-01,state,calcein_control_scaled,1.5,1.5,True,
state-unit-18-01,state,pi_control_scaled,-5.0,-5.0,True,
state-unit-18-02,state,viability_state,'viable_like','viable_like',True,high_calcein_low_PI;outside_control_range
state-unit-18-02,state,viability_reason,'high_calcein_low_PI;outside_control_range','high_calcein_low_PI;outside_control_range',True,high_calcein_low_PI;outside_control_range
state-unit-18-02,state,calcein_control_scaled,1.5,1.5,True,
state-unit-18-02,state,pi_control_scaled,-0.5,-0.5,True,
state-unit-18-03,state,viability_state,'viable_like','viable_like',True,high_calcein_low_PI;outside_control_range
state-unit-18-03,state,viability_reason,'high_calcein_low_PI;outside_control_range','high_calcein_low_PI;outside_control_range',True,high_calcein_low_PI;outside_control_range
state-unit-18-03,state,calcein_control_scaled,1.5,1.5,True,
state-unit-18-03,state,pi_control_scaled,-5e-324,-5e-324,True,
state-unit-18-04,state,viability_state,'viable_like','viable_like',True,high_calcein_low_PI;outside_control_range
state-unit-18-04,state,viability_reason,'high_calcein_low_PI;outside_control_range','high_calcein_low_PI;outside_control_range',True,high_calcein_low_PI;outside_control_range
state-unit-18-04,state,calcein_control_scaled,1.5,1.5,True,
state-unit-18-04,state,pi_control_scaled,0.0,0.0,True,
state-unit-18-05,state,viability_state,'viable_like','viable_like',True,high_calcein_low_PI;outside_control_range
state-unit-18-05,state,viability_reason,'high_calcein_low_PI;outside_control_range','high_calcein_low_PI;outside_control_range',True,high_calcein_low_PI;outside_control_range
state-unit-18-05,state,calcein_control_scaled,1.5,1.5,True,
state-unit-18-05,state,pi_control_scaled,5e-324,5e-324,True,
state-unit-18-06,state,viability_state,'viable_like','viable_like',True,high_calcein_low_PI;outside_control_range
state-unit-18-06,state,viability_reason,'high_calcein_low_PI;outside_control_range','high_calcein_low_PI;outside_control_range',True,high_calcein_low_PI;outside_control_range
state-unit-18-06,state,calcein_control_scaled,1.5,1.5,True,
state-unit-18-06,state,pi_control_scaled,0.15,0.15,True,
state-unit-18-07,state,viability_state,'viable_like','viable_like',True,high_calcein_low_PI;outside_control_range
state-unit-18-07,state,viability_reason,'high_calcein_low_PI;outside_control_range','high_calcein_low_PI;outside_control_range',True,high_calcein_low_PI;outside_control_range
state-unit-18-07,state,calcein_control_scaled,1.5,1.5,True,
state-unit-18-07,state,pi_control_scaled,0.29999999999999993,0.29999999999999993,True,
state-unit-18-08,state,viability_state,'viable_like','viable_like',True,high_calcein_low_PI;outside_control_range
state-unit-18-08,state,viability_reason,'high_calcein_low_PI;outside_control_range','high_calcein_low_PI;outside_control_range',True,high_calcein_low_PI;outside_control_range
state-unit-18-08,state,calcein_control_scaled,1.5,1.5,True,
state-unit-18-08,state,pi_control_scaled,0.3,0.3,True,
state-unit-18-09,state,viability_state,'mixed_signal','mixed_signal',True,intermediate_or_discordant_marker_signals;outside_control_range
state-unit-18-09,state,viability_reason,'intermediate_or_discordant_marker_signals;outside_control_range','intermediate_or_discordant_marker_signals;outside_control_range',True,intermediate_or_discordant_marker_signals;outside_control_range
state-unit-18-09,state,calcein_control_scaled,1.5,1.5,True,
state-unit-18-09,state,pi_control_scaled,0.30000000000000004,0.30000000000000004,True,
state-unit-18-10,state,viability_state,'mixed_signal','mixed_signal',True,intermediate_or_discordant_marker_signals;outside_control_range
state-unit-18-10,state,viability_reason,'intermediate_or_discordant_marker_signals;outside_control_range','intermediate_or_discordant_marker_signals;outside_control_range',True,intermediate_or_discordant_marker_signals;outside_control_range
state-unit-18-10,state,calcein_control_scaled,1.5,1.5,True,
state-unit-18-10,state,pi_control_scaled,0.45,0.45,True,
state-unit-18-11,state,viability_state,'mixed_signal','mixed_signal',True,intermediate_or_discordant_marker_signals;outside_control_range
state-unit-18-11,state,viability_reason,'intermediate_or_discordant_marker_signals;outside_control_range','intermediate_or_discordant_marker_signals;outside_control_range',True,intermediate_or_discordant_marker_signals;outside_control_range
state-unit-18-11,state,calcein_control_scaled,1.5,1.5,True,
state-unit-18-11,state,pi_control_scaled,0.5999999999999999,0.5999999999999999,True,
state-unit-18-12,state,viability_state,'mixed_signal','mixed_signal',True,intermediate_or_discordant_marker_signals;outside_control_range
state-unit-18-12,state,viability_reason,'intermediate_or_discordant_marker_signals;outside_control_range','intermediate_or_discordant_marker_signals;outside_control_range',True,intermediate_or_discordant_marker_signals;outside_control_range
state-unit-18-12,state,calcein_control_scaled,1.5,1.5,True,
state-unit-18-12,state,pi_control_scaled,0.6,0.6,True,
state-unit-18-13,state,viability_state,'mixed_signal','mixed_signal',True,intermediate_or_discordant_marker_signals;outside_control_range
state-unit-18-13,state,viability_reason,'intermediate_or_discordant_marker_signals;outside_control_range','intermediate_or_discordant_marker_signals;outside_control_range',True,intermediate_or_discordant_marker_signals;outside_control_range
state-unit-18-13,state,calcein_control_scaled,1.5,1.5,True,
state-unit-18-13,state,pi_control_scaled,0.6000000000000001,0.6000000000000001,True,
state-unit-18-14,state,viability_state,'mixed_signal','mixed_signal',True,intermediate_or_discordant_marker_signals;outside_control_range
state-unit-18-14,state,viability_reason,'intermediate_or_discordant_marker_signals;outside_control_range','intermediate_or_discordant_marker_signals;outside_control_range',True,intermediate_or_discordant_marker_signals;outside_control_range
state-unit-18-14,state,calcein_control_scaled,1.5,1.5,True,
state-unit-18-14,state,pi_control_scaled,0.8,0.8,True,
state-unit-18-15,state,viability_state,'mixed_signal','mixed_signal',True,intermediate_or_discordant_marker_signals;outside_control_range
state-unit-18-15,state,viability_reason,'intermediate_or_discordant_marker_signals;outside_control_range','intermediate_or_discordant_marker_signals;outside_control_range',True,intermediate_or_discordant_marker_signals;outside_control_range
state-unit-18-15,state,calcein_control_scaled,1.5,1.5,True,
state-unit-18-15,state,pi_control_scaled,0.9999999999999999,0.9999999999999999,True,
state-unit-18-16,state,viability_state,'mixed_signal','mixed_signal',True,intermediate_or_discordant_marker_signals;outside_control_range
state-unit-18-16,state,viability_reason,'intermediate_or_discordant_marker_signals;outside_control_range','intermediate_or_discordant_marker_signals;outside_control_range',True,intermediate_or_discordant_marker_signals;outside_control_range
state-unit-18-16,state,calcein_control_scaled,1.5,1.5,True,
state-unit-18-16,state,pi_control_scaled,1.0,1.0,True,
state-unit-18-17,state,viability_state,'mixed_signal','mixed_signal',True,intermediate_or_discordant_marker_signals;outside_control_range
state-unit-18-17,state,viability_reason,'intermediate_or_discordant_marker_signals;outside_control_range','intermediate_or_discordant_marker_signals;outside_control_range',True,intermediate_or_discordant_marker_signals;outside_control_range
state-unit-18-17,state,calcein_control_scaled,1.5,1.5,True,
state-unit-18-17,state,pi_control_scaled,1.0000000000000002,1.0000000000000002,True,
state-unit-18-18,state,viability_state,'mixed_signal','mixed_signal',True,intermediate_or_discordant_marker_signals;outside_control_range
state-unit-18-18,state,viability_reason,'intermediate_or_discordant_marker_signals;outside_control_range','intermediate_or_discordant_marker_signals;outside_control_range',True,intermediate_or_discordant_marker_signals;outside_control_range
state-unit-18-18,state,calcein_control_scaled,1.5,1.5,True,
state-unit-18-18,state,pi_control_scaled,1.5,1.5,True,
state-unit-18-19,state,viability_state,'mixed_signal','mixed_signal',True,intermediate_or_discordant_marker_signals;outside_control_range
state-unit-18-19,state,viability_reason,'intermediate_or_discordant_marker_signals;outside_control_range','intermediate_or_discordant_marker_signals;outside_control_range',True,intermediate_or_discordant_marker_signals;outside_control_range
state-unit-18-19,state,calcein_control_scaled,1.5,1.5,True,
state-unit-18-19,state,pi_control_scaled,7.0,7.0,True,
state-unit-18-20,state,viability_state,'indeterminate','indeterminate',True,nonfinite_scaled_signal
state-unit-18-20,state,viability_reason,'nonfinite_scaled_signal','nonfinite_scaled_signal',True,nonfinite_scaled_signal
state-unit-18-20,state,calcein_control_scaled,1.5,1.5,True,
state-unit-18-20,state,pi_control_scaled,inf,inf,True,
state-unit-18-21,state,viability_state,'indeterminate','indeterminate',True,nonfinite_scaled_signal
state-unit-18-21,state,viability_reason,'nonfinite_scaled_signal','nonfinite_scaled_signal',True,nonfinite_scaled_signal
state-unit-18-21,state,calcein_control_scaled,1.5,1.5,True,
state-unit-18-21,state,pi_control_scaled,nan,nan,True,
state-unit-19-00,state,viability_state,'indeterminate','indeterminate',True,nonfinite_scaled_signal
state-unit-19-00,state,viability_reason,'nonfinite_scaled_signal','nonfinite_scaled_signal',True,nonfinite_scaled_signal
state-unit-19-00,state,calcein_control_scaled,7.0,7.0,True,
state-unit-19-00,state,pi_control_scaled,-inf,-inf,True,
state-unit-19-01,state,viability_state,'viable_like','viable_like',True,high_calcein_low_PI;outside_control_range
state-unit-19-01,state,viability_reason,'high_calcein_low_PI;outside_control_range','high_calcein_low_PI;outside_control_range',True,high_calcein_low_PI;outside_control_range
state-unit-19-01,state,calcein_control_scaled,7.0,7.0,True,
state-unit-19-01,state,pi_control_scaled,-5.0,-5.0,True,
state-unit-19-02,state,viability_state,'viable_like','viable_like',True,high_calcein_low_PI;outside_control_range
state-unit-19-02,state,viability_reason,'high_calcein_low_PI;outside_control_range','high_calcein_low_PI;outside_control_range',True,high_calcein_low_PI;outside_control_range
state-unit-19-02,state,calcein_control_scaled,7.0,7.0,True,
state-unit-19-02,state,pi_control_scaled,-0.5,-0.5,True,
state-unit-19-03,state,viability_state,'viable_like','viable_like',True,high_calcein_low_PI;outside_control_range
state-unit-19-03,state,viability_reason,'high_calcein_low_PI;outside_control_range','high_calcein_low_PI;outside_control_range',True,high_calcein_low_PI;outside_control_range
state-unit-19-03,state,calcein_control_scaled,7.0,7.0,True,
state-unit-19-03,state,pi_control_scaled,-5e-324,-5e-324,True,
state-unit-19-04,state,viability_state,'viable_like','viable_like',True,high_calcein_low_PI;outside_control_range
state-unit-19-04,state,viability_reason,'high_calcein_low_PI;outside_control_range','high_calcein_low_PI;outside_control_range',True,high_calcein_low_PI;outside_control_range
state-unit-19-04,state,calcein_control_scaled,7.0,7.0,True,
state-unit-19-04,state,pi_control_scaled,0.0,0.0,True,
state-unit-19-05,state,viability_state,'viable_like','viable_like',True,high_calcein_low_PI;outside_control_range
state-unit-19-05,state,viability_reason,'high_calcein_low_PI;outside_control_range','high_calcein_low_PI;outside_control_range',True,high_calcein_low_PI;outside_control_range
state-unit-19-05,state,calcein_control_scaled,7.0,7.0,True,
state-unit-19-05,state,pi_control_scaled,5e-324,5e-324,True,
state-unit-19-06,state,viability_state,'viable_like','viable_like',True,high_calcein_low_PI;outside_control_range
state-unit-19-06,state,viability_reason,'high_calcein_low_PI;outside_control_range','high_calcein_low_PI;outside_control_range',True,high_calcein_low_PI;outside_control_range
state-unit-19-06,state,calcein_control_scaled,7.0,7.0,True,
state-unit-19-06,state,pi_control_scaled,0.15,0.15,True,
state-unit-19-07,state,viability_state,'viable_like','viable_like',True,high_calcein_low_PI;outside_control_range
state-unit-19-07,state,viability_reason,'high_calcein_low_PI;outside_control_range','high_calcein_low_PI;outside_control_range',True,high_calcein_low_PI;outside_control_range
state-unit-19-07,state,calcein_control_scaled,7.0,7.0,True,
state-unit-19-07,state,pi_control_scaled,0.29999999999999993,0.29999999999999993,True,
state-unit-19-08,state,viability_state,'viable_like','viable_like',True,high_calcein_low_PI;outside_control_range
state-unit-19-08,state,viability_reason,'high_calcein_low_PI;outside_control_range','high_calcein_low_PI;outside_control_range',True,high_calcein_low_PI;outside_control_range
state-unit-19-08,state,calcein_control_scaled,7.0,7.0,True,
state-unit-19-08,state,pi_control_scaled,0.3,0.3,True,
state-unit-19-09,state,viability_state,'mixed_signal','mixed_signal',True,intermediate_or_discordant_marker_signals;outside_control_range
state-unit-19-09,state,viability_reason,'intermediate_or_discordant_marker_signals;outside_control_range','intermediate_or_discordant_marker_signals;outside_control_range',True,intermediate_or_discordant_marker_signals;outside_control_range
state-unit-19-09,state,calcein_control_scaled,7.0,7.0,True,
state-unit-19-09,state,pi_control_scaled,0.30000000000000004,0.30000000000000004,True,
state-unit-19-10,state,viability_state,'mixed_signal','mixed_signal',True,intermediate_or_discordant_marker_signals;outside_control_range
state-unit-19-10,state,viability_reason,'intermediate_or_discordant_marker_signals;outside_control_range','intermediate_or_discordant_marker_signals;outside_control_range',True,intermediate_or_discordant_marker_signals;outside_control_range
state-unit-19-10,state,calcein_control_scaled,7.0,7.0,True,
state-unit-19-10,state,pi_control_scaled,0.45,0.45,True,
state-unit-19-11,state,viability_state,'mixed_signal','mixed_signal',True,intermediate_or_discordant_marker_signals;outside_control_range
state-unit-19-11,state,viability_reason,'intermediate_or_discordant_marker_signals;outside_control_range','intermediate_or_discordant_marker_signals;outside_control_range',True,intermediate_or_discordant_marker_signals;outside_control_range
state-unit-19-11,state,calcein_control_scaled,7.0,7.0,True,
state-unit-19-11,state,pi_control_scaled,0.5999999999999999,0.5999999999999999,True,
state-unit-19-12,state,viability_state,'mixed_signal','mixed_signal',True,intermediate_or_discordant_marker_signals;outside_control_range
state-unit-19-12,state,viability_reason,'intermediate_or_discordant_marker_signals;outside_control_range','intermediate_or_discordant_marker_signals;outside_control_range',True,intermediate_or_discordant_marker_signals;outside_control_range
state-unit-19-12,state,calcein_control_scaled,7.0,7.0,True,
state-unit-19-12,state,pi_control_scaled,0.6,0.6,True,
state-unit-19-13,state,viability_state,'mixed_signal','mixed_signal',True,intermediate_or_discordant_marker_signals;outside_control_range
state-unit-19-13,state,viability_reason,'intermediate_or_discordant_marker_signals;outside_control_range','intermediate_or_discordant_marker_signals;outside_control_range',True,intermediate_or_discordant_marker_signals;outside_control_range
state-unit-19-13,state,calcein_control_scaled,7.0,7.0,True,
state-unit-19-13,state,pi_control_scaled,0.6000000000000001,0.6000000000000001,True,
state-unit-19-14,state,viability_state,'mixed_signal','mixed_signal',True,intermediate_or_discordant_marker_signals;outside_control_range
state-unit-19-14,state,viability_reason,'intermediate_or_discordant_marker_signals;outside_control_range','intermediate_or_discordant_marker_signals;outside_control_range',True,intermediate_or_discordant_marker_signals;outside_control_range
state-unit-19-14,state,calcein_control_scaled,7.0,7.0,True,
state-unit-19-14,state,pi_control_scaled,0.8,0.8,True,
state-unit-19-15,state,viability_state,'mixed_signal','mixed_signal',True,intermediate_or_discordant_marker_signals;outside_control_range
state-unit-19-15,state,viability_reason,'intermediate_or_discordant_marker_signals;outside_control_range','intermediate_or_discordant_marker_signals;outside_control_range',True,intermediate_or_discordant_marker_signals;outside_control_range
state-unit-19-15,state,calcein_control_scaled,7.0,7.0,True,
state-unit-19-15,state,pi_control_scaled,0.9999999999999999,0.9999999999999999,True,
state-unit-19-16,state,viability_state,'mixed_signal','mixed_signal',True,intermediate_or_discordant_marker_signals;outside_control_range
state-unit-19-16,state,viability_reason,'intermediate_or_discordant_marker_signals;outside_control_range','intermediate_or_discordant_marker_signals;outside_control_range',True,intermediate_or_discordant_marker_signals;outside_control_range
state-unit-19-16,state,calcein_control_scaled,7.0,7.0,True,
state-unit-19-16,state,pi_control_scaled,1.0,1.0,True,
state-unit-19-17,state,viability_state,'mixed_signal','mixed_signal',True,intermediate_or_discordant_marker_signals;outside_control_range
state-unit-19-17,state,viability_reason,'intermediate_or_discordant_marker_signals;outside_control_range','intermediate_or_discordant_marker_signals;outside_control_range',True,intermediate_or_discordant_marker_signals;outside_control_range
state-unit-19-17,state,calcein_control_scaled,7.0,7.0,True,
state-unit-19-17,state,pi_control_scaled,1.0000000000000002,1.0000000000000002,True,
state-unit-19-18,state,viability_state,'mixed_signal','mixed_signal',True,intermediate_or_discordant_marker_signals;outside_control_range
state-unit-19-18,state,viability_reason,'intermediate_or_discordant_marker_signals;outside_control_range','intermediate_or_discordant_marker_signals;outside_control_range',True,intermediate_or_discordant_marker_signals;outside_control_range
state-unit-19-18,state,calcein_control_scaled,7.0,7.0,True,
state-unit-19-18,state,pi_control_scaled,1.5,1.5,True,
state-unit-19-19,state,viability_state,'mixed_signal','mixed_signal',True,intermediate_or_discordant_marker_signals;outside_control_range
state-unit-19-19,state,viability_reason,'intermediate_or_discordant_marker_signals;outside_control_range','intermediate_or_discordant_marker_signals;outside_control_range',True,intermediate_or_discordant_marker_signals;outside_control_range
state-unit-19-19,state,calcein_control_scaled,7.0,7.0,True,
state-unit-19-19,state,pi_control_scaled,7.0,7.0,True,
state-unit-19-20,state,viability_state,'indeterminate','indeterminate',True,nonfinite_scaled_signal
state-unit-19-20,state,viability_reason,'nonfinite_scaled_signal','nonfinite_scaled_signal',True,nonfinite_scaled_signal
state-unit-19-20,state,calcein_control_scaled,7.0,7.0,True,
state-unit-19-20,state,pi_control_scaled,inf,inf,True,
state-unit-19-21,state,viability_state,'indeterminate','indeterminate',True,nonfinite_scaled_signal
state-unit-19-21,state,viability_reason,'nonfinite_scaled_signal','nonfinite_scaled_signal',True,nonfinite_scaled_signal
state-unit-19-21,state,calcein_control_scaled,7.0,7.0,True,
state-unit-19-21,state,pi_control_scaled,nan,nan,True,
state-unit-20-00,state,viability_state,'indeterminate','indeterminate',True,nonfinite_scaled_signal
state-unit-20-00,state,viability_reason,'nonfinite_scaled_signal','nonfinite_scaled_signal',True,nonfinite_scaled_signal
state-unit-20-00,state,calcein_control_scaled,inf,inf,True,
state-unit-20-00,state,pi_control_scaled,-inf,-inf,True,
state-unit-20-01,state,viability_state,'indeterminate','indeterminate',True,nonfinite_scaled_signal
state-unit-20-01,state,viability_reason,'nonfinite_scaled_signal','nonfinite_scaled_signal',True,nonfinite_scaled_signal
state-unit-20-01,state,calcein_control_scaled,inf,inf,True,
state-unit-20-01,state,pi_control_scaled,-5.0,-5.0,True,
state-unit-20-02,state,viability_state,'indeterminate','indeterminate',True,nonfinite_scaled_signal
state-unit-20-02,state,viability_reason,'nonfinite_scaled_signal','nonfinite_scaled_signal',True,nonfinite_scaled_signal
state-unit-20-02,state,calcein_control_scaled,inf,inf,True,
state-unit-20-02,state,pi_control_scaled,-0.5,-0.5,True,
state-unit-20-03,state,viability_state,'indeterminate','indeterminate',True,nonfinite_scaled_signal
state-unit-20-03,state,viability_reason,'nonfinite_scaled_signal','nonfinite_scaled_signal',True,nonfinite_scaled_signal
state-unit-20-03,state,calcein_control_scaled,inf,inf,True,
state-unit-20-03,state,pi_control_scaled,-5e-324,-5e-324,True,
state-unit-20-04,state,viability_state,'indeterminate','indeterminate',True,nonfinite_scaled_signal
state-unit-20-04,state,viability_reason,'nonfinite_scaled_signal','nonfinite_scaled_signal',True,nonfinite_scaled_signal
state-unit-20-04,state,calcein_control_scaled,inf,inf,True,
state-unit-20-04,state,pi_control_scaled,0.0,0.0,True,
state-unit-20-05,state,viability_state,'indeterminate','indeterminate',True,nonfinite_scaled_signal
state-unit-20-05,state,viability_reason,'nonfinite_scaled_signal','nonfinite_scaled_signal',True,nonfinite_scaled_signal
state-unit-20-05,state,calcein_control_scaled,inf,inf,True,
state-unit-20-05,state,pi_control_scaled,5e-324,5e-324,True,
state-unit-20-06,state,viability_state,'indeterminate','indeterminate',True,nonfinite_scaled_signal
state-unit-20-06,state,viability_reason,'nonfinite_scaled_signal','nonfinite_scaled_signal',True,nonfinite_scaled_signal
state-unit-20-06,state,calcein_control_scaled,inf,inf,True,
state-unit-20-06,state,pi_control_scaled,0.15,0.15,True,
state-unit-20-07,state,viability_state,'indeterminate','indeterminate',True,nonfinite_scaled_signal
state-unit-20-07,state,viability_reason,'nonfinite_scaled_signal','nonfinite_scaled_signal',True,nonfinite_scaled_signal
state-unit-20-07,state,calcein_control_scaled,inf,inf,True,
state-unit-20-07,state,pi_control_scaled,0.29999999999999993,0.29999999999999993,True,
state-unit-20-08,state,viability_state,'indeterminate','indeterminate',True,nonfinite_scaled_signal
state-unit-20-08,state,viability_reason,'nonfinite_scaled_signal','nonfinite_scaled_signal',True,nonfinite_scaled_signal
state-unit-20-08,state,calcein_control_scaled,inf,inf,True,
state-unit-20-08,state,pi_control_scaled,0.3,0.3,True,
state-unit-20-09,state,viability_state,'indeterminate','indeterminate',True,nonfinite_scaled_signal
state-unit-20-09,state,viability_reason,'nonfinite_scaled_signal','nonfinite_scaled_signal',True,nonfinite_scaled_signal
state-unit-20-09,state,calcein_control_scaled,inf,inf,True,
state-unit-20-09,state,pi_control_scaled,0.30000000000000004,0.30000000000000004,True,
state-unit-20-10,state,viability_state,'indeterminate','indeterminate',True,nonfinite_scaled_signal
state-unit-20-10,state,viability_reason,'nonfinite_scaled_signal','nonfinite_scaled_signal',True,nonfinite_scaled_signal
state-unit-20-10,state,calcein_control_scaled,inf,inf,True,
state-unit-20-10,state,pi_control_scaled,0.45,0.45,True,
state-unit-20-11,state,viability_state,'indeterminate','indeterminate',True,nonfinite_scaled_signal
state-unit-20-11,state,viability_reason,'nonfinite_scaled_signal','nonfinite_scaled_signal',True,nonfinite_scaled_signal
state-unit-20-11,state,calcein_control_scaled,inf,inf,True,
state-unit-20-11,state,pi_control_scaled,0.5999999999999999,0.5999999999999999,True,
state-unit-20-12,state,viability_state,'indeterminate','indeterminate',True,nonfinite_scaled_signal
state-unit-20-12,state,viability_reason,'nonfinite_scaled_signal','nonfinite_scaled_signal',True,nonfinite_scaled_signal
state-unit-20-12,state,calcein_control_scaled,inf,inf,True,
state-unit-20-12,state,pi_control_scaled,0.6,0.6,True,
state-unit-20-13,state,viability_state,'indeterminate','indeterminate',True,nonfinite_scaled_signal
state-unit-20-13,state,viability_reason,'nonfinite_scaled_signal','nonfinite_scaled_signal',True,nonfinite_scaled_signal
state-unit-20-13,state,calcein_control_scaled,inf,inf,True,
state-unit-20-13,state,pi_control_scaled,0.6000000000000001,0.6000000000000001,True,
state-unit-20-14,state,viability_state,'indeterminate','indeterminate',True,nonfinite_scaled_signal
state-unit-20-14,state,viability_reason,'nonfinite_scaled_signal','nonfinite_scaled_signal',True,nonfinite_scaled_signal
state-unit-20-14,state,calcein_control_scaled,inf,inf,True,
state-unit-20-14,state,pi_control_scaled,0.8,0.8,True,
state-unit-20-15,state,viability_state,'indeterminate','indeterminate',True,nonfinite_scaled_signal
state-unit-20-15,state,viability_reason,'nonfinite_scaled_signal','nonfinite_scaled_signal',True,nonfinite_scaled_signal
state-unit-20-15,state,calcein_control_scaled,inf,inf,True,
state-unit-20-15,state,pi_control_scaled,0.9999999999999999,0.9999999999999999,True,
state-unit-20-16,state,viability_state,'indeterminate','indeterminate',True,nonfinite_scaled_signal
state-unit-20-16,state,viability_reason,'nonfinite_scaled_signal','nonfinite_scaled_signal',True,nonfinite_scaled_signal
state-unit-20-16,state,calcein_control_scaled,inf,inf,True,
state-unit-20-16,state,pi_control_scaled,1.0,1.0,True,
state-unit-20-17,state,viability_state,'indeterminate','indeterminate',True,nonfinite_scaled_signal
state-unit-20-17,state,viability_reason,'nonfinite_scaled_signal','nonfinite_scaled_signal',True,nonfinite_scaled_signal
state-unit-20-17,state,calcein_control_scaled,inf,inf,True,
state-unit-20-17,state,pi_control_scaled,1.0000000000000002,1.0000000000000002,True,
state-unit-20-18,state,viability_state,'indeterminate','indeterminate',True,nonfinite_scaled_signal
state-unit-20-18,state,viability_reason,'nonfinite_scaled_signal','nonfinite_scaled_signal',True,nonfinite_scaled_signal
state-unit-20-18,state,calcein_control_scaled,inf,inf,True,
state-unit-20-18,state,pi_control_scaled,1.5,1.5,True,
state-unit-20-19,state,viability_state,'indeterminate','indeterminate',True,nonfinite_scaled_signal
state-unit-20-19,state,viability_reason,'nonfinite_scaled_signal','nonfinite_scaled_signal',True,nonfinite_scaled_signal
state-unit-20-19,state,calcein_control_scaled,inf,inf,True,
state-unit-20-19,state,pi_control_scaled,7.0,7.0,True,
state-unit-20-20,state,viability_state,'indeterminate','indeterminate',True,nonfinite_scaled_signal
state-unit-20-20,state,viability_reason,'nonfinite_scaled_signal','nonfinite_scaled_signal',True,nonfinite_scaled_signal
state-unit-20-20,state,calcein_control_scaled,inf,inf,True,
state-unit-20-20,state,pi_control_scaled,inf,inf,True,
state-unit-20-21,state,viability_state,'indeterminate','indeterminate',True,nonfinite_scaled_signal
state-unit-20-21,state,viability_reason,'nonfinite_scaled_signal','nonfinite_scaled_signal',True,nonfinite_scaled_signal
state-unit-20-21,state,calcein_control_scaled,inf,inf,True,
state-unit-20-21,state,pi_control_scaled,nan,nan,True,
state-unit-21-00,state,viability_state,'indeterminate','indeterminate',True,nonfinite_scaled_signal
state-unit-21-00,state,viability_reason,'nonfinite_scaled_signal','nonfinite_scaled_signal',True,nonfinite_scaled_signal
state-unit-21-00,state,calcein_control_scaled,nan,nan,True,
state-unit-21-00,state,pi_control_scaled,-inf,-inf,True,
state-unit-21-01,state,viability_state,'indeterminate','indeterminate',True,nonfinite_scaled_signal
state-unit-21-01,state,viability_reason,'nonfinite_scaled_signal','nonfinite_scaled_signal',True,nonfinite_scaled_signal
state-unit-21-01,state,calcein_control_scaled,nan,nan,True,
state-unit-21-01,state,pi_control_scaled,-5.0,-5.0,True,
state-unit-21-02,state,viability_state,'indeterminate','indeterminate',True,nonfinite_scaled_signal
state-unit-21-02,state,viability_reason,'nonfinite_scaled_signal','nonfinite_scaled_signal',True,nonfinite_scaled_signal
state-unit-21-02,state,calcein_control_scaled,nan,nan,True,
state-unit-21-02,state,pi_control_scaled,-0.5,-0.5,True,
state-unit-21-03,state,viability_state,'indeterminate','indeterminate',True,nonfinite_scaled_signal
state-unit-21-03,state,viability_reason,'nonfinite_scaled_signal','nonfinite_scaled_signal',True,nonfinite_scaled_signal
state-unit-21-03,state,calcein_control_scaled,nan,nan,True,
state-unit-21-03,state,pi_control_scaled,-5e-324,-5e-324,True,
state-unit-21-04,state,viability_state,'indeterminate','indeterminate',True,nonfinite_scaled_signal
state-unit-21-04,state,viability_reason,'nonfinite_scaled_signal','nonfinite_scaled_signal',True,nonfinite_scaled_signal
state-unit-21-04,state,calcein_control_scaled,nan,nan,True,
state-unit-21-04,state,pi_control_scaled,0.0,0.0,True,
state-unit-21-05,state,viability_state,'indeterminate','indeterminate',True,nonfinite_scaled_signal
state-unit-21-05,state,viability_reason,'nonfinite_scaled_signal','nonfinite_scaled_signal',True,nonfinite_scaled_signal
state-unit-21-05,state,calcein_control_scaled,nan,nan,True,
state-unit-21-05,state,pi_control_scaled,5e-324,5e-324,True,
state-unit-21-06,state,viability_state,'indeterminate','indeterminate',True,nonfinite_scaled_signal
state-unit-21-06,state,viability_reason,'nonfinite_scaled_signal','nonfinite_scaled_signal',True,nonfinite_scaled_signal
state-unit-21-06,state,calcein_control_scaled,nan,nan,True,
state-unit-21-06,state,pi_control_scaled,0.15,0.15,True,
state-unit-21-07,state,viability_state,'indeterminate','indeterminate',True,nonfinite_scaled_signal
state-unit-21-07,state,viability_reason,'nonfinite_scaled_signal','nonfinite_scaled_signal',True,nonfinite_scaled_signal
state-unit-21-07,state,calcein_control_scaled,nan,nan,True,
state-unit-21-07,state,pi_control_scaled,0.29999999999999993,0.29999999999999993,True,
state-unit-21-08,state,viability_state,'indeterminate','indeterminate',True,nonfinite_scaled_signal
state-unit-21-08,state,viability_reason,'nonfinite_scaled_signal','nonfinite_scaled_signal',True,nonfinite_scaled_signal
state-unit-21-08,state,calcein_control_scaled,nan,nan,True,
state-unit-21-08,state,pi_control_scaled,0.3,0.3,True,
state-unit-21-09,state,viability_state,'indeterminate','indeterminate',True,nonfinite_scaled_signal
state-unit-21-09,state,viability_reason,'nonfinite_scaled_signal','nonfinite_scaled_signal',True,nonfinite_scaled_signal
state-unit-21-09,state,calcein_control_scaled,nan,nan,True,
state-unit-21-09,state,pi_control_scaled,0.30000000000000004,0.30000000000000004,True,
state-unit-21-10,state,viability_state,'indeterminate','indeterminate',True,nonfinite_scaled_signal
state-unit-21-10,state,viability_reason,'nonfinite_scaled_signal','nonfinite_scaled_signal',True,nonfinite_scaled_signal
state-unit-21-10,state,calcein_control_scaled,nan,nan,True,
state-unit-21-10,state,pi_control_scaled,0.45,0.45,True,
state-unit-21-11,state,viability_state,'indeterminate','indeterminate',True,nonfinite_scaled_signal
state-unit-21-11,state,viability_reason,'nonfinite_scaled_signal','nonfinite_scaled_signal',True,nonfinite_scaled_signal
state-unit-21-11,state,calcein_control_scaled,nan,nan,True,
state-unit-21-11,state,pi_control_scaled,0.5999999999999999,0.5999999999999999,True,
state-unit-21-12,state,viability_state,'indeterminate','indeterminate',True,nonfinite_scaled_signal
state-unit-21-12,state,viability_reason,'nonfinite_scaled_signal','nonfinite_scaled_signal',True,nonfinite_scaled_signal
state-unit-21-12,state,calcein_control_scaled,nan,nan,True,
state-unit-21-12,state,pi_control_scaled,0.6,0.6,True,
state-unit-21-13,state,viability_state,'indeterminate','indeterminate',True,nonfinite_scaled_signal
state-unit-21-13,state,viability_reason,'nonfinite_scaled_signal','nonfinite_scaled_signal',True,nonfinite_scaled_signal
state-unit-21-13,state,calcein_control_scaled,nan,nan,True,
state-unit-21-13,state,pi_control_scaled,0.6000000000000001,0.6000000000000001,True,
state-unit-21-14,state,viability_state,'indeterminate','indeterminate',True,nonfinite_scaled_signal
state-unit-21-14,state,viability_reason,'nonfinite_scaled_signal','nonfinite_scaled_signal',True,nonfinite_scaled_signal
state-unit-21-14,state,calcein_control_scaled,nan,nan,True,
state-unit-21-14,state,pi_control_scaled,0.8,0.8,True,
state-unit-21-15,state,viability_state,'indeterminate','indeterminate',True,nonfinite_scaled_signal
state-unit-21-15,state,viability_reason,'nonfinite_scaled_signal','nonfinite_scaled_signal',True,nonfinite_scaled_signal
state-unit-21-15,state,calcein_control_scaled,nan,nan,True,
state-unit-21-15,state,pi_control_scaled,0.9999999999999999,0.9999999999999999,True,
state-unit-21-16,state,viability_state,'indeterminate','indeterminate',True,nonfinite_scaled_signal
state-unit-21-16,state,viability_reason,'nonfinite_scaled_signal','nonfinite_scaled_signal',True,nonfinite_scaled_signal
state-unit-21-16,state,calcein_control_scaled,nan,nan,True,
state-unit-21-16,state,pi_control_scaled,1.0,1.0,True,
state-unit-21-17,state,viability_state,'indeterminate','indeterminate',True,nonfinite_scaled_signal
state-unit-21-17,state,viability_reason,'nonfinite_scaled_signal','nonfinite_scaled_signal',True,nonfinite_scaled_signal
state-unit-21-17,state,calcein_control_scaled,nan,nan,True,
state-unit-21-17,state,pi_control_scaled,1.0000000000000002,1.0000000000000002,True,
state-unit-21-18,state,viability_state,'indeterminate','indeterminate',True,nonfinite_scaled_signal
state-unit-21-18,state,viability_reason,'nonfinite_scaled_signal','nonfinite_scaled_signal',True,nonfinite_scaled_signal
state-unit-21-18,state,calcein_control_scaled,nan,nan,True,
state-unit-21-18,state,pi_control_scaled,1.5,1.5,True,
state-unit-21-19,state,viability_state,'indeterminate','indeterminate',True,nonfinite_scaled_signal
state-unit-21-19,state,viability_reason,'nonfinite_scaled_signal','nonfinite_scaled_signal',True,nonfinite_scaled_signal
state-unit-21-19,state,calcein_control_scaled,nan,nan,True,
state-unit-21-19,state,pi_control_scaled,7.0,7.0,True,
state-unit-21-20,state,viability_state,'indeterminate','indeterminate',True,nonfinite_scaled_signal
state-unit-21-20,state,viability_reason,'nonfinite_scaled_signal','nonfinite_scaled_signal',True,nonfinite_scaled_signal
state-unit-21-20,state,calcein_control_scaled,nan,nan,True,
state-unit-21-20,state,pi_control_scaled,inf,inf,True,
state-unit-21-21,state,viability_state,'indeterminate','indeterminate',True,nonfinite_scaled_signal
state-unit-21-21,state,viability_reason,'nonfinite_scaled_signal','nonfinite_scaled_signal',True,nonfinite_scaled_signal
state-unit-21-21,state,calcein_control_scaled,nan,nan,True,
state-unit-21-21,state,pi_control_scaled,nan,nan,True,
state-affine-00-00,state,viability_state,'indeterminate','indeterminate',True,nonfinite_scaled_signal
state-affine-00-00,state,viability_reason,'nonfinite_scaled_signal','nonfinite_scaled_signal',True,nonfinite_scaled_signal
state-affine-00-00,state,calcein_control_scaled,-inf,-inf,True,
state-affine-00-00,state,pi_control_scaled,-inf,-inf,True,
state-affine-00-01,state,viability_state,'indeterminate','indeterminate',True,nonfinite_scaled_signal
state-affine-00-01,state,viability_reason,'nonfinite_scaled_signal','nonfinite_scaled_signal',True,nonfinite_scaled_signal
state-affine-00-01,state,calcein_control_scaled,-inf,-inf,True,
state-affine-00-01,state,pi_control_scaled,-5.0,-5.0,True,
state-affine-00-02,state,viability_state,'indeterminate','indeterminate',True,nonfinite_scaled_signal
state-affine-00-02,state,viability_reason,'nonfinite_scaled_signal','nonfinite_scaled_signal',True,nonfinite_scaled_signal
state-affine-00-02,state,calcein_control_scaled,-inf,-inf,True,
state-affine-00-02,state,pi_control_scaled,-0.5,-0.5,True,
state-affine-00-03,state,viability_state,'indeterminate','indeterminate',True,nonfinite_scaled_signal
state-affine-00-03,state,viability_reason,'nonfinite_scaled_signal','nonfinite_scaled_signal',True,nonfinite_scaled_signal
state-affine-00-03,state,calcein_control_scaled,-inf,-inf,True,
state-affine-00-03,state,pi_control_scaled,0.0,0.0,True,
state-affine-00-04,state,viability_state,'indeterminate','indeterminate',True,nonfinite_scaled_signal
state-affine-00-04,state,viability_reason,'nonfinite_scaled_signal','nonfinite_scaled_signal',True,nonfinite_scaled_signal
state-affine-00-04,state,calcein_control_scaled,-inf,-inf,True,
state-affine-00-04,state,pi_control_scaled,0.0,0.0,True,
state-affine-00-05,state,viability_state,'indeterminate','indeterminate',True,nonfinite_scaled_signal
state-affine-00-05,state,viability_reason,'nonfinite_scaled_signal','nonfinite_scaled_signal',True,nonfinite_scaled_signal
state-affine-00-05,state,calcein_control_scaled,-inf,-inf,True,
state-affine-00-05,state,pi_control_scaled,0.0,0.0,True,
state-affine-00-06,state,viability_state,'indeterminate','indeterminate',True,nonfinite_scaled_signal
state-affine-00-06,state,viability_reason,'nonfinite_scaled_signal','nonfinite_scaled_signal',True,nonfinite_scaled_signal
state-affine-00-06,state,calcein_control_scaled,-inf,-inf,True,
state-affine-00-06,state,pi_control_scaled,0.15,0.15,True,
state-affine-00-07,state,viability_state,'indeterminate','indeterminate',True,nonfinite_scaled_signal
state-affine-00-07,state,viability_reason,'nonfinite_scaled_signal','nonfinite_scaled_signal',True,nonfinite_scaled_signal
state-affine-00-07,state,calcein_control_scaled,-inf,-inf,True,
state-affine-00-07,state,pi_control_scaled,0.29999999999999993,0.29999999999999993,True,
state-affine-00-08,state,viability_state,'indeterminate','indeterminate',True,nonfinite_scaled_signal
state-affine-00-08,state,viability_reason,'nonfinite_scaled_signal','nonfinite_scaled_signal',True,nonfinite_scaled_signal
state-affine-00-08,state,calcein_control_scaled,-inf,-inf,True,
state-affine-00-08,state,pi_control_scaled,0.3,0.3,True,
state-affine-00-09,state,viability_state,'indeterminate','indeterminate',True,nonfinite_scaled_signal
state-affine-00-09,state,viability_reason,'nonfinite_scaled_signal','nonfinite_scaled_signal',True,nonfinite_scaled_signal
state-affine-00-09,state,calcein_control_scaled,-inf,-inf,True,
state-affine-00-09,state,pi_control_scaled,0.30000000000000004,0.30000000000000004,True,
state-affine-00-10,state,viability_state,'indeterminate','indeterminate',True,nonfinite_scaled_signal
state-affine-00-10,state,viability_reason,'nonfinite_scaled_signal','nonfinite_scaled_signal',True,nonfinite_scaled_signal
state-affine-00-10,state,calcein_control_scaled,-inf,-inf,True,
state-affine-00-10,state,pi_control_scaled,0.45,0.45,True,
state-affine-00-11,state,viability_state,'indeterminate','indeterminate',True,nonfinite_scaled_signal
state-affine-00-11,state,viability_reason,'nonfinite_scaled_signal','nonfinite_scaled_signal',True,nonfinite_scaled_signal
state-affine-00-11,state,calcein_control_scaled,-inf,-inf,True,
state-affine-00-11,state,pi_control_scaled,0.5999999999999999,0.5999999999999999,True,
state-affine-00-12,state,viability_state,'indeterminate','indeterminate',True,nonfinite_scaled_signal
state-affine-00-12,state,viability_reason,'nonfinite_scaled_signal','nonfinite_scaled_signal',True,nonfinite_scaled_signal
state-affine-00-12,state,calcein_control_scaled,-inf,-inf,True,
state-affine-00-12,state,pi_control_scaled,0.6,0.6,True,
state-affine-00-13,state,viability_state,'indeterminate','indeterminate',True,nonfinite_scaled_signal
state-affine-00-13,state,viability_reason,'nonfinite_scaled_signal','nonfinite_scaled_signal',True,nonfinite_scaled_signal
state-affine-00-13,state,calcein_control_scaled,-inf,-inf,True,
state-affine-00-13,state,pi_control_scaled,0.6000000000000001,0.6000000000000001,True,
state-affine-00-14,state,viability_state,'indeterminate','indeterminate',True,nonfinite_scaled_signal
state-affine-00-14,state,viability_reason,'nonfinite_scaled_signal','nonfinite_scaled_signal',True,nonfinite_scaled_signal
state-affine-00-14,state,calcein_control_scaled,-inf,-inf,True,
state-affine-00-14,state,pi_control_scaled,0.8,0.8,True,
state-affine-00-15,state,viability_state,'indeterminate','indeterminate',True,nonfinite_scaled_signal
state-affine-00-15,state,viability_reason,'nonfinite_scaled_signal','nonfinite_scaled_signal',True,nonfinite_scaled_signal
state-affine-00-15,state,calcein_control_scaled,-inf,-inf,True,
state-affine-00-15,state,pi_control_scaled,0.9999999999999999,0.9999999999999999,True,
state-affine-00-16,state,viability_state,'indeterminate','indeterminate',True,nonfinite_scaled_signal
state-affine-00-16,state,viability_reason,'nonfinite_scaled_signal','nonfinite_scaled_signal',True,nonfinite_scaled_signal
state-affine-00-16,state,calcein_control_scaled,-inf,-inf,True,
state-affine-00-16,state,pi_control_scaled,1.0,1.0,True,
state-affine-00-17,state,viability_state,'indeterminate','indeterminate',True,nonfinite_scaled_signal
state-affine-00-17,state,viability_reason,'nonfinite_scaled_signal','nonfinite_scaled_signal',True,nonfinite_scaled_signal
state-affine-00-17,state,calcein_control_scaled,-inf,-inf,True,
state-affine-00-17,state,pi_control_scaled,1.0000000000000002,1.0000000000000002,True,
state-affine-00-18,state,viability_state,'indeterminate','indeterminate',True,nonfinite_scaled_signal
state-affine-00-18,state,viability_reason,'nonfinite_scaled_signal','nonfinite_scaled_signal',True,nonfinite_scaled_signal
state-affine-00-18,state,calcein_control_scaled,-inf,-inf,True,
state-affine-00-18,state,pi_control_scaled,1.5,1.5,True,
state-affine-00-19,state,viability_state,'indeterminate','indeterminate',True,nonfinite_scaled_signal
state-affine-00-19,state,viability_reason,'nonfinite_scaled_signal','nonfinite_scaled_signal',True,nonfinite_scaled_signal
state-affine-00-19,state,calcein_control_scaled,-inf,-inf,True,
state-affine-00-19,state,pi_control_scaled,7.0,7.0,True,
state-affine-00-20,state,viability_state,'indeterminate','indeterminate',True,nonfinite_scaled_signal
state-affine-00-20,state,viability_reason,'nonfinite_scaled_signal','nonfinite_scaled_signal',True,nonfinite_scaled_signal
state-affine-00-20,state,calcein_control_scaled,-inf,-inf,True,
state-affine-00-20,state,pi_control_scaled,inf,inf,True,
state-affine-00-21,state,viability_state,'indeterminate','indeterminate',True,nonfinite_scaled_signal
state-affine-00-21,state,viability_reason,'nonfinite_scaled_signal','nonfinite_scaled_signal',True,nonfinite_scaled_signal
state-affine-00-21,state,calcein_control_scaled,-inf,-inf,True,
state-affine-00-21,state,pi_control_scaled,nan,nan,True,
state-affine-01-00,state,viability_state,'indeterminate','indeterminate',True,nonfinite_scaled_signal
state-affine-01-00,state,viability_reason,'nonfinite_scaled_signal','nonfinite_scaled_signal',True,nonfinite_scaled_signal
state-affine-01-00,state,calcein_control_scaled,-5.0,-5.0,True,
state-affine-01-00,state,pi_control_scaled,-inf,-inf,True,
state-affine-01-01,state,viability_state,'indeterminate','indeterminate',True,both_markers_low;outside_control_range
state-affine-01-01,state,viability_reason,'both_markers_low;outside_control_range','both_markers_low;outside_control_range',True,both_markers_low;outside_control_range
state-affine-01-01,state,calcein_control_scaled,-5.0,-5.0,True,
state-affine-01-01,state,pi_control_scaled,-5.0,-5.0,True,
state-affine-01-02,state,viability_state,'indeterminate','indeterminate',True,both_markers_low;outside_control_range
state-affine-01-02,state,viability_reason,'both_markers_low;outside_control_range','both_markers_low;outside_control_range',True,both_markers_low;outside_control_range
state-affine-01-02,state,calcein_control_scaled,-5.0,-5.0,True,
state-affine-01-02,state,pi_control_scaled,-0.5,-0.5,True,
state-affine-01-03,state,viability_state,'indeterminate','indeterminate',True,both_markers_low;outside_control_range
state-affine-01-03,state,viability_reason,'both_markers_low;outside_control_range','both_markers_low;outside_control_range',True,both_markers_low;outside_control_range
state-affine-01-03,state,calcein_control_scaled,-5.0,-5.0,True,
state-affine-01-03,state,pi_control_scaled,0.0,0.0,True,
state-affine-01-04,state,viability_state,'indeterminate','indeterminate',True,both_markers_low;outside_control_range
state-affine-01-04,state,viability_reason,'both_markers_low;outside_control_range','both_markers_low;outside_control_range',True,both_markers_low;outside_control_range
state-affine-01-04,state,calcein_control_scaled,-5.0,-5.0,True,
state-affine-01-04,state,pi_control_scaled,0.0,0.0,True,
state-affine-01-05,state,viability_state,'indeterminate','indeterminate',True,both_markers_low;outside_control_range
state-affine-01-05,state,viability_reason,'both_markers_low;outside_control_range','both_markers_low;outside_control_range',True,both_markers_low;outside_control_range
state-affine-01-05,state,calcein_control_scaled,-5.0,-5.0,True,
state-affine-01-05,state,pi_control_scaled,0.0,0.0,True,
state-affine-01-06,state,viability_state,'indeterminate','indeterminate',True,both_markers_low;outside_control_range
state-affine-01-06,state,viability_reason,'both_markers_low;outside_control_range','both_markers_low;outside_control_range',True,both_markers_low;outside_control_range
state-affine-01-06,state,calcein_control_scaled,-5.0,-5.0,True,
state-affine-01-06,state,pi_control_scaled,0.15,0.15,True,
state-affine-01-07,state,viability_state,'indeterminate','indeterminate',True,both_markers_low;outside_control_range
state-affine-01-07,state,viability_reason,'both_markers_low;outside_control_range','both_markers_low;outside_control_range',True,both_markers_low;outside_control_range
state-affine-01-07,state,calcein_control_scaled,-5.0,-5.0,True,
state-affine-01-07,state,pi_control_scaled,0.29999999999999993,0.29999999999999993,True,
state-affine-01-08,state,viability_state,'mixed_signal','mixed_signal',True,intermediate_or_discordant_marker_signals;outside_control_range
state-affine-01-08,state,viability_reason,'intermediate_or_discordant_marker_signals;outside_control_range','intermediate_or_discordant_marker_signals;outside_control_range',True,intermediate_or_discordant_marker_signals;outside_control_range
state-affine-01-08,state,calcein_control_scaled,-5.0,-5.0,True,
state-affine-01-08,state,pi_control_scaled,0.3,0.3,True,
state-affine-01-09,state,viability_state,'mixed_signal','mixed_signal',True,intermediate_or_discordant_marker_signals;outside_control_range
state-affine-01-09,state,viability_reason,'intermediate_or_discordant_marker_signals;outside_control_range','intermediate_or_discordant_marker_signals;outside_control_range',True,intermediate_or_discordant_marker_signals;outside_control_range
state-affine-01-09,state,calcein_control_scaled,-5.0,-5.0,True,
state-affine-01-09,state,pi_control_scaled,0.30000000000000004,0.30000000000000004,True,
state-affine-01-10,state,viability_state,'mixed_signal','mixed_signal',True,intermediate_or_discordant_marker_signals;outside_control_range
state-affine-01-10,state,viability_reason,'intermediate_or_discordant_marker_signals;outside_control_range','intermediate_or_discordant_marker_signals;outside_control_range',True,intermediate_or_discordant_marker_signals;outside_control_range
state-affine-01-10,state,calcein_control_scaled,-5.0,-5.0,True,
state-affine-01-10,state,pi_control_scaled,0.45,0.45,True,
state-affine-01-11,state,viability_state,'mixed_signal','mixed_signal',True,intermediate_or_discordant_marker_signals;outside_control_range
state-affine-01-11,state,viability_reason,'intermediate_or_discordant_marker_signals;outside_control_range','intermediate_or_discordant_marker_signals;outside_control_range',True,intermediate_or_discordant_marker_signals;outside_control_range
state-affine-01-11,state,calcein_control_scaled,-5.0,-5.0,True,
state-affine-01-11,state,pi_control_scaled,0.5999999999999999,0.5999999999999999,True,
state-affine-01-12,state,viability_state,'compromised_like','compromised_like',True,high_PI_low_calcein;outside_control_range
state-affine-01-12,state,viability_reason,'high_PI_low_calcein;outside_control_range','high_PI_low_calcein;outside_control_range',True,high_PI_low_calcein;outside_control_range
state-affine-01-12,state,calcein_control_scaled,-5.0,-5.0,True,
state-affine-01-12,state,pi_control_scaled,0.6,0.6,True,
state-affine-01-13,state,viability_state,'compromised_like','compromised_like',True,high_PI_low_calcein;outside_control_range
state-affine-01-13,state,viability_reason,'high_PI_low_calcein;outside_control_range','high_PI_low_calcein;outside_control_range',True,high_PI_low_calcein;outside_control_range
state-affine-01-13,state,calcein_control_scaled,-5.0,-5.0,True,
state-affine-01-13,state,pi_control_scaled,0.6000000000000001,0.6000000000000001,True,
state-affine-01-14,state,viability_state,'compromised_like','compromised_like',True,high_PI_low_calcein;outside_control_range
state-affine-01-14,state,viability_reason,'high_PI_low_calcein;outside_control_range','high_PI_low_calcein;outside_control_range',True,high_PI_low_calcein;outside_control_range
state-affine-01-14,state,calcein_control_scaled,-5.0,-5.0,True,
state-affine-01-14,state,pi_control_scaled,0.8,0.8,True,
state-affine-01-15,state,viability_state,'compromised_like','compromised_like',True,high_PI_low_calcein;outside_control_range
state-affine-01-15,state,viability_reason,'high_PI_low_calcein;outside_control_range','high_PI_low_calcein;outside_control_range',True,high_PI_low_calcein;outside_control_range
state-affine-01-15,state,calcein_control_scaled,-5.0,-5.0,True,
state-affine-01-15,state,pi_control_scaled,0.9999999999999999,0.9999999999999999,True,
state-affine-01-16,state,viability_state,'compromised_like','compromised_like',True,high_PI_low_calcein;outside_control_range
state-affine-01-16,state,viability_reason,'high_PI_low_calcein;outside_control_range','high_PI_low_calcein;outside_control_range',True,high_PI_low_calcein;outside_control_range
state-affine-01-16,state,calcein_control_scaled,-5.0,-5.0,True,
state-affine-01-16,state,pi_control_scaled,1.0,1.0,True,
state-affine-01-17,state,viability_state,'compromised_like','compromised_like',True,high_PI_low_calcein;outside_control_range
state-affine-01-17,state,viability_reason,'high_PI_low_calcein;outside_control_range','high_PI_low_calcein;outside_control_range',True,high_PI_low_calcein;outside_control_range
state-affine-01-17,state,calcein_control_scaled,-5.0,-5.0,True,
state-affine-01-17,state,pi_control_scaled,1.0000000000000002,1.0000000000000002,True,
state-affine-01-18,state,viability_state,'compromised_like','compromised_like',True,high_PI_low_calcein;outside_control_range
state-affine-01-18,state,viability_reason,'high_PI_low_calcein;outside_control_range','high_PI_low_calcein;outside_control_range',True,high_PI_low_calcein;outside_control_range
state-affine-01-18,state,calcein_control_scaled,-5.0,-5.0,True,
state-affine-01-18,state,pi_control_scaled,1.5,1.5,True,
state-affine-01-19,state,viability_state,'compromised_like','compromised_like',True,high_PI_low_calcein;outside_control_range
state-affine-01-19,state,viability_reason,'high_PI_low_calcein;outside_control_range','high_PI_low_calcein;outside_control_range',True,high_PI_low_calcein;outside_control_range
state-affine-01-19,state,calcein_control_scaled,-5.0,-5.0,True,
state-affine-01-19,state,pi_control_scaled,7.0,7.0,True,
state-affine-01-20,state,viability_state,'indeterminate','indeterminate',True,nonfinite_scaled_signal
state-affine-01-20,state,viability_reason,'nonfinite_scaled_signal','nonfinite_scaled_signal',True,nonfinite_scaled_signal
state-affine-01-20,state,calcein_control_scaled,-5.0,-5.0,True,
state-affine-01-20,state,pi_control_scaled,inf,inf,True,
state-affine-01-21,state,viability_state,'indeterminate','indeterminate',True,nonfinite_scaled_signal
state-affine-01-21,state,viability_reason,'nonfinite_scaled_signal','nonfinite_scaled_signal',True,nonfinite_scaled_signal
state-affine-01-21,state,calcein_control_scaled,-5.0,-5.0,True,
state-affine-01-21,state,pi_control_scaled,nan,nan,True,
state-affine-02-00,state,viability_state,'indeterminate','indeterminate',True,nonfinite_scaled_signal
state-affine-02-00,state,viability_reason,'nonfinite_scaled_signal','nonfinite_scaled_signal',True,nonfinite_scaled_signal
state-affine-02-00,state,calcein_control_scaled,-0.5,-0.5,True,
state-affine-02-00,state,pi_control_scaled,-inf,-inf,True,
state-affine-02-01,state,viability_state,'indeterminate','indeterminate',True,both_markers_low;outside_control_range
state-affine-02-01,state,viability_reason,'both_markers_low;outside_control_range','both_markers_low;outside_control_range',True,both_markers_low;outside_control_range
state-affine-02-01,state,calcein_control_scaled,-0.5,-0.5,True,
state-affine-02-01,state,pi_control_scaled,-5.0,-5.0,True,
state-affine-02-02,state,viability_state,'indeterminate','indeterminate',True,both_markers_low;outside_control_range
state-affine-02-02,state,viability_reason,'both_markers_low;outside_control_range','both_markers_low;outside_control_range',True,both_markers_low;outside_control_range
state-affine-02-02,state,calcein_control_scaled,-0.5,-0.5,True,
state-affine-02-02,state,pi_control_scaled,-0.5,-0.5,True,
state-affine-02-03,state,viability_state,'indeterminate','indeterminate',True,both_markers_low;outside_control_range
state-affine-02-03,state,viability_reason,'both_markers_low;outside_control_range','both_markers_low;outside_control_range',True,both_markers_low;outside_control_range
state-affine-02-03,state,calcein_control_scaled,-0.5,-0.5,True,
state-affine-02-03,state,pi_control_scaled,0.0,0.0,True,
state-affine-02-04,state,viability_state,'indeterminate','indeterminate',True,both_markers_low;outside_control_range
state-affine-02-04,state,viability_reason,'both_markers_low;outside_control_range','both_markers_low;outside_control_range',True,both_markers_low;outside_control_range
state-affine-02-04,state,calcein_control_scaled,-0.5,-0.5,True,
state-affine-02-04,state,pi_control_scaled,0.0,0.0,True,
state-affine-02-05,state,viability_state,'indeterminate','indeterminate',True,both_markers_low;outside_control_range
state-affine-02-05,state,viability_reason,'both_markers_low;outside_control_range','both_markers_low;outside_control_range',True,both_markers_low;outside_control_range
state-affine-02-05,state,calcein_control_scaled,-0.5,-0.5,True,
state-affine-02-05,state,pi_control_scaled,0.0,0.0,True,
state-affine-02-06,state,viability_state,'indeterminate','indeterminate',True,both_markers_low;outside_control_range
state-affine-02-06,state,viability_reason,'both_markers_low;outside_control_range','both_markers_low;outside_control_range',True,both_markers_low;outside_control_range
state-affine-02-06,state,calcein_control_scaled,-0.5,-0.5,True,
state-affine-02-06,state,pi_control_scaled,0.15,0.15,True,
state-affine-02-07,state,viability_state,'indeterminate','indeterminate',True,both_markers_low;outside_control_range
state-affine-02-07,state,viability_reason,'both_markers_low;outside_control_range','both_markers_low;outside_control_range',True,both_markers_low;outside_control_range
state-affine-02-07,state,calcein_control_scaled,-0.5,-0.5,True,
state-affine-02-07,state,pi_control_scaled,0.29999999999999993,0.29999999999999993,True,
state-affine-02-08,state,viability_state,'mixed_signal','mixed_signal',True,intermediate_or_discordant_marker_signals;outside_control_range
state-affine-02-08,state,viability_reason,'intermediate_or_discordant_marker_signals;outside_control_range','intermediate_or_discordant_marker_signals;outside_control_range',True,intermediate_or_discordant_marker_signals;outside_control_range
state-affine-02-08,state,calcein_control_scaled,-0.5,-0.5,True,
state-affine-02-08,state,pi_control_scaled,0.3,0.3,True,
state-affine-02-09,state,viability_state,'mixed_signal','mixed_signal',True,intermediate_or_discordant_marker_signals;outside_control_range
state-affine-02-09,state,viability_reason,'intermediate_or_discordant_marker_signals;outside_control_range','intermediate_or_discordant_marker_signals;outside_control_range',True,intermediate_or_discordant_marker_signals;outside_control_range
state-affine-02-09,state,calcein_control_scaled,-0.5,-0.5,True,
state-affine-02-09,state,pi_control_scaled,0.30000000000000004,0.30000000000000004,True,
state-affine-02-10,state,viability_state,'mixed_signal','mixed_signal',True,intermediate_or_discordant_marker_signals;outside_control_range
state-affine-02-10,state,viability_reason,'intermediate_or_discordant_marker_signals;outside_control_range','intermediate_or_discordant_marker_signals;outside_control_range',True,intermediate_or_discordant_marker_signals;outside_control_range
state-affine-02-10,state,calcein_control_scaled,-0.5,-0.5,True,
state-affine-02-10,state,pi_control_scaled,0.45,0.45,True,
state-affine-02-11,state,viability_state,'mixed_signal','mixed_signal',True,intermediate_or_discordant_marker_signals;outside_control_range
state-affine-02-11,state,viability_reason,'intermediate_or_discordant_marker_signals;outside_control_range','intermediate_or_discordant_marker_signals;outside_control_range',True,intermediate_or_discordant_marker_signals;outside_control_range
state-affine-02-11,state,calcein_control_scaled,-0.5,-0.5,True,
state-affine-02-11,state,pi_control_scaled,0.5999999999999999,0.5999999999999999,True,
state-affine-02-12,state,viability_state,'compromised_like','compromised_like',True,high_PI_low_calcein;outside_control_range
state-affine-02-12,state,viability_reason,'high_PI_low_calcein;outside_control_range','high_PI_low_calcein;outside_control_range',True,high_PI_low_calcein;outside_control_range
state-affine-02-12,state,calcein_control_scaled,-0.5,-0.5,True,
state-affine-02-12,state,pi_control_scaled,0.6,0.6,True,
state-affine-02-13,state,viability_state,'compromised_like','compromised_like',True,high_PI_low_calcein;outside_control_range
state-affine-02-13,state,viability_reason,'high_PI_low_calcein;outside_control_range','high_PI_low_calcein;outside_control_range',True,high_PI_low_calcein;outside_control_range
state-affine-02-13,state,calcein_control_scaled,-0.5,-0.5,True,
state-affine-02-13,state,pi_control_scaled,0.6000000000000001,0.6000000000000001,True,
state-affine-02-14,state,viability_state,'compromised_like','compromised_like',True,high_PI_low_calcein;outside_control_range
state-affine-02-14,state,viability_reason,'high_PI_low_calcein;outside_control_range','high_PI_low_calcein;outside_control_range',True,high_PI_low_calcein;outside_control_range
state-affine-02-14,state,calcein_control_scaled,-0.5,-0.5,True,
state-affine-02-14,state,pi_control_scaled,0.8,0.8,True,
state-affine-02-15,state,viability_state,'compromised_like','compromised_like',True,high_PI_low_calcein;outside_control_range
state-affine-02-15,state,viability_reason,'high_PI_low_calcein;outside_control_range','high_PI_low_calcein;outside_control_range',True,high_PI_low_calcein;outside_control_range
state-affine-02-15,state,calcein_control_scaled,-0.5,-0.5,True,
state-affine-02-15,state,pi_control_scaled,0.9999999999999999,0.9999999999999999,True,
state-affine-02-16,state,viability_state,'compromised_like','compromised_like',True,high_PI_low_calcein;outside_control_range
state-affine-02-16,state,viability_reason,'high_PI_low_calcein;outside_control_range','high_PI_low_calcein;outside_control_range',True,high_PI_low_calcein;outside_control_range
state-affine-02-16,state,calcein_control_scaled,-0.5,-0.5,True,
state-affine-02-16,state,pi_control_scaled,1.0,1.0,True,
state-affine-02-17,state,viability_state,'compromised_like','compromised_like',True,high_PI_low_calcein;outside_control_range
state-affine-02-17,state,viability_reason,'high_PI_low_calcein;outside_control_range','high_PI_low_calcein;outside_control_range',True,high_PI_low_calcein;outside_control_range
state-affine-02-17,state,calcein_control_scaled,-0.5,-0.5,True,
state-affine-02-17,state,pi_control_scaled,1.0000000000000002,1.0000000000000002,True,
state-affine-02-18,state,viability_state,'compromised_like','compromised_like',True,high_PI_low_calcein;outside_control_range
state-affine-02-18,state,viability_reason,'high_PI_low_calcein;outside_control_range','high_PI_low_calcein;outside_control_range',True,high_PI_low_calcein;outside_control_range
state-affine-02-18,state,calcein_control_scaled,-0.5,-0.5,True,
state-affine-02-18,state,pi_control_scaled,1.5,1.5,True,
state-affine-02-19,state,viability_state,'compromised_like','compromised_like',True,high_PI_low_calcein;outside_control_range
state-affine-02-19,state,viability_reason,'high_PI_low_calcein;outside_control_range','high_PI_low_calcein;outside_control_range',True,high_PI_low_calcein;outside_control_range
state-affine-02-19,state,calcein_control_scaled,-0.5,-0.5,True,
state-affine-02-19,state,pi_control_scaled,7.0,7.0,True,
state-affine-02-20,state,viability_state,'indeterminate','indeterminate',True,nonfinite_scaled_signal
state-affine-02-20,state,viability_reason,'nonfinite_scaled_signal','nonfinite_scaled_signal',True,nonfinite_scaled_signal
state-affine-02-20,state,calcein_control_scaled,-0.5,-0.5,True,
state-affine-02-20,state,pi_control_scaled,inf,inf,True,
state-affine-02-21,state,viability_state,'indeterminate','indeterminate',True,nonfinite_scaled_signal
state-affine-02-21,state,viability_reason,'nonfinite_scaled_signal','nonfinite_scaled_signal',True,nonfinite_scaled_signal
state-affine-02-21,state,calcein_control_scaled,-0.5,-0.5,True,
state-affine-02-21,state,pi_control_scaled,nan,nan,True,
state-affine-03-00,state,viability_state,'indeterminate','indeterminate',True,nonfinite_scaled_signal
state-affine-03-00,state,viability_reason,'nonfinite_scaled_signal','nonfinite_scaled_signal',True,nonfinite_scaled_signal
state-affine-03-00,state,calcein_control_scaled,0.0,0.0,True,
state-affine-03-00,state,pi_control_scaled,-inf,-inf,True,
state-affine-03-01,state,viability_state,'indeterminate','indeterminate',True,both_markers_low;outside_control_range
state-affine-03-01,state,viability_reason,'both_markers_low;outside_control_range','both_markers_low;outside_control_range',True,both_markers_low;outside_control_range
state-affine-03-01,state,calcein_control_scaled,0.0,0.0,True,
state-affine-03-01,state,pi_control_scaled,-5.0,-5.0,True,
state-affine-03-02,state,viability_state,'indeterminate','indeterminate',True,both_markers_low;outside_control_range
state-affine-03-02,state,viability_reason,'both_markers_low;outside_control_range','both_markers_low;outside_control_range',True,both_markers_low;outside_control_range
state-affine-03-02,state,calcein_control_scaled,0.0,0.0,True,
state-affine-03-02,state,pi_control_scaled,-0.5,-0.5,True,
state-affine-03-03,state,viability_state,'indeterminate','indeterminate',True,both_markers_low
state-affine-03-03,state,viability_reason,'both_markers_low','both_markers_low',True,both_markers_low
state-affine-03-03,state,calcein_control_scaled,0.0,0.0,True,
state-affine-03-03,state,pi_control_scaled,0.0,0.0,True,
state-affine-03-04,state,viability_state,'indeterminate','indeterminate',True,both_markers_low
state-affine-03-04,state,viability_reason,'both_markers_low','both_markers_low',True,both_markers_low
state-affine-03-04,state,calcein_control_scaled,0.0,0.0,True,
state-affine-03-04,state,pi_control_scaled,0.0,0.0,True,
state-affine-03-05,state,viability_state,'indeterminate','indeterminate',True,both_markers_low
state-affine-03-05,state,viability_reason,'both_markers_low','both_markers_low',True,both_markers_low
state-affine-03-05,state,calcein_control_scaled,0.0,0.0,True,
state-affine-03-05,state,pi_control_scaled,0.0,0.0,True,
state-affine-03-06,state,viability_state,'indeterminate','indeterminate',True,both_markers_low
state-affine-03-06,state,viability_reason,'both_markers_low','both_markers_low',True,both_markers_low
state-affine-03-06,state,calcein_control_scaled,0.0,0.0,True,
state-affine-03-06,state,pi_control_scaled,0.15,0.15,True,
state-affine-03-07,state,viability_state,'indeterminate','indeterminate',True,both_markers_low
state-affine-03-07,state,viability_reason,'both_markers_low','both_markers_low',True,both_markers_low
state-affine-03-07,state,calcein_control_scaled,0.0,0.0,True,
state-affine-03-07,state,pi_control_scaled,0.29999999999999993,0.29999999999999993,True,
state-affine-03-08,state,viability_state,'mixed_signal','mixed_signal',True,intermediate_or_discordant_marker_signals
state-affine-03-08,state,viability_reason,'intermediate_or_discordant_marker_signals','intermediate_or_discordant_marker_signals',True,intermediate_or_discordant_marker_signals
state-affine-03-08,state,calcein_control_scaled,0.0,0.0,True,
state-affine-03-08,state,pi_control_scaled,0.3,0.3,True,
state-affine-03-09,state,viability_state,'mixed_signal','mixed_signal',True,intermediate_or_discordant_marker_signals
state-affine-03-09,state,viability_reason,'intermediate_or_discordant_marker_signals','intermediate_or_discordant_marker_signals',True,intermediate_or_discordant_marker_signals
state-affine-03-09,state,calcein_control_scaled,0.0,0.0,True,
state-affine-03-09,state,pi_control_scaled,0.30000000000000004,0.30000000000000004,True,
state-affine-03-10,state,viability_state,'mixed_signal','mixed_signal',True,intermediate_or_discordant_marker_signals
state-affine-03-10,state,viability_reason,'intermediate_or_discordant_marker_signals','intermediate_or_discordant_marker_signals',True,intermediate_or_discordant_marker_signals
state-affine-03-10,state,calcein_control_scaled,0.0,0.0,True,
state-affine-03-10,state,pi_control_scaled,0.45,0.45,True,
state-affine-03-11,state,viability_state,'mixed_signal','mixed_signal',True,intermediate_or_discordant_marker_signals
state-affine-03-11,state,viability_reason,'intermediate_or_discordant_marker_signals','intermediate_or_discordant_marker_signals',True,intermediate_or_discordant_marker_signals
state-affine-03-11,state,calcein_control_scaled,0.0,0.0,True,
state-affine-03-11,state,pi_control_scaled,0.5999999999999999,0.5999999999999999,True,
state-affine-03-12,state,viability_state,'compromised_like','compromised_like',True,high_PI_low_calcein
state-affine-03-12,state,viability_reason,'high_PI_low_calcein','high_PI_low_calcein',True,high_PI_low_calcein
state-affine-03-12,state,calcein_control_scaled,0.0,0.0,True,
state-affine-03-12,state,pi_control_scaled,0.6,0.6,True,
state-affine-03-13,state,viability_state,'compromised_like','compromised_like',True,high_PI_low_calcein
state-affine-03-13,state,viability_reason,'high_PI_low_calcein','high_PI_low_calcein',True,high_PI_low_calcein
state-affine-03-13,state,calcein_control_scaled,0.0,0.0,True,
state-affine-03-13,state,pi_control_scaled,0.6000000000000001,0.6000000000000001,True,
state-affine-03-14,state,viability_state,'compromised_like','compromised_like',True,high_PI_low_calcein
state-affine-03-14,state,viability_reason,'high_PI_low_calcein','high_PI_low_calcein',True,high_PI_low_calcein
state-affine-03-14,state,calcein_control_scaled,0.0,0.0,True,
state-affine-03-14,state,pi_control_scaled,0.8,0.8,True,
state-affine-03-15,state,viability_state,'compromised_like','compromised_like',True,high_PI_low_calcein
state-affine-03-15,state,viability_reason,'high_PI_low_calcein','high_PI_low_calcein',True,high_PI_low_calcein
state-affine-03-15,state,calcein_control_scaled,0.0,0.0,True,
state-affine-03-15,state,pi_control_scaled,0.9999999999999999,0.9999999999999999,True,
state-affine-03-16,state,viability_state,'compromised_like','compromised_like',True,high_PI_low_calcein
state-affine-03-16,state,viability_reason,'high_PI_low_calcein','high_PI_low_calcein',True,high_PI_low_calcein
state-affine-03-16,state,calcein_control_scaled,0.0,0.0,True,
state-affine-03-16,state,pi_control_scaled,1.0,1.0,True,
state-affine-03-17,state,viability_state,'compromised_like','compromised_like',True,high_PI_low_calcein;outside_control_range
state-affine-03-17,state,viability_reason,'high_PI_low_calcein;outside_control_range','high_PI_low_calcein;outside_control_range',True,high_PI_low_calcein;outside_control_range
state-affine-03-17,state,calcein_control_scaled,0.0,0.0,True,
state-affine-03-17,state,pi_control_scaled,1.0000000000000002,1.0000000000000002,True,
state-affine-03-18,state,viability_state,'compromised_like','compromised_like',True,high_PI_low_calcein;outside_control_range
state-affine-03-18,state,viability_reason,'high_PI_low_calcein;outside_control_range','high_PI_low_calcein;outside_control_range',True,high_PI_low_calcein;outside_control_range
state-affine-03-18,state,calcein_control_scaled,0.0,0.0,True,
state-affine-03-18,state,pi_control_scaled,1.5,1.5,True,
state-affine-03-19,state,viability_state,'compromised_like','compromised_like',True,high_PI_low_calcein;outside_control_range
state-affine-03-19,state,viability_reason,'high_PI_low_calcein;outside_control_range','high_PI_low_calcein;outside_control_range',True,high_PI_low_calcein;outside_control_range
state-affine-03-19,state,calcein_control_scaled,0.0,0.0,True,
state-affine-03-19,state,pi_control_scaled,7.0,7.0,True,
state-affine-03-20,state,viability_state,'indeterminate','indeterminate',True,nonfinite_scaled_signal
state-affine-03-20,state,viability_reason,'nonfinite_scaled_signal','nonfinite_scaled_signal',True,nonfinite_scaled_signal
state-affine-03-20,state,calcein_control_scaled,0.0,0.0,True,
state-affine-03-20,state,pi_control_scaled,inf,inf,True,
state-affine-03-21,state,viability_state,'indeterminate','indeterminate',True,nonfinite_scaled_signal
state-affine-03-21,state,viability_reason,'nonfinite_scaled_signal','nonfinite_scaled_signal',True,nonfinite_scaled_signal
state-affine-03-21,state,calcein_control_scaled,0.0,0.0,True,
state-affine-03-21,state,pi_control_scaled,nan,nan,True,
state-affine-04-00,state,viability_state,'indeterminate','indeterminate',True,nonfinite_scaled_signal
state-affine-04-00,state,viability_reason,'nonfinite_scaled_signal','nonfinite_scaled_signal',True,nonfinite_scaled_signal
state-affine-04-00,state,calcein_control_scaled,0.0,0.0,True,
state-affine-04-00,state,pi_control_scaled,-inf,-inf,True,
state-affine-04-01,state,viability_state,'indeterminate','indeterminate',True,both_markers_low;outside_control_range
state-affine-04-01,state,viability_reason,'both_markers_low;outside_control_range','both_markers_low;outside_control_range',True,both_markers_low;outside_control_range
state-affine-04-01,state,calcein_control_scaled,0.0,0.0,True,
state-affine-04-01,state,pi_control_scaled,-5.0,-5.0,True,
state-affine-04-02,state,viability_state,'indeterminate','indeterminate',True,both_markers_low;outside_control_range
state-affine-04-02,state,viability_reason,'both_markers_low;outside_control_range','both_markers_low;outside_control_range',True,both_markers_low;outside_control_range
state-affine-04-02,state,calcein_control_scaled,0.0,0.0,True,
state-affine-04-02,state,pi_control_scaled,-0.5,-0.5,True,
state-affine-04-03,state,viability_state,'indeterminate','indeterminate',True,both_markers_low
state-affine-04-03,state,viability_reason,'both_markers_low','both_markers_low',True,both_markers_low
state-affine-04-03,state,calcein_control_scaled,0.0,0.0,True,
state-affine-04-03,state,pi_control_scaled,0.0,0.0,True,
state-affine-04-04,state,viability_state,'indeterminate','indeterminate',True,both_markers_low
state-affine-04-04,state,viability_reason,'both_markers_low','both_markers_low',True,both_markers_low
state-affine-04-04,state,calcein_control_scaled,0.0,0.0,True,
state-affine-04-04,state,pi_control_scaled,0.0,0.0,True,
state-affine-04-05,state,viability_state,'indeterminate','indeterminate',True,both_markers_low
state-affine-04-05,state,viability_reason,'both_markers_low','both_markers_low',True,both_markers_low
state-affine-04-05,state,calcein_control_scaled,0.0,0.0,True,
state-affine-04-05,state,pi_control_scaled,0.0,0.0,True,
state-affine-04-06,state,viability_state,'indeterminate','indeterminate',True,both_markers_low
state-affine-04-06,state,viability_reason,'both_markers_low','both_markers_low',True,both_markers_low
state-affine-04-06,state,calcein_control_scaled,0.0,0.0,True,
state-affine-04-06,state,pi_control_scaled,0.15,0.15,True,
state-affine-04-07,state,viability_state,'indeterminate','indeterminate',True,both_markers_low
state-affine-04-07,state,viability_reason,'both_markers_low','both_markers_low',True,both_markers_low
state-affine-04-07,state,calcein_control_scaled,0.0,0.0,True,
state-affine-04-07,state,pi_control_scaled,0.29999999999999993,0.29999999999999993,True,
state-affine-04-08,state,viability_state,'mixed_signal','mixed_signal',True,intermediate_or_discordant_marker_signals
state-affine-04-08,state,viability_reason,'intermediate_or_discordant_marker_signals','intermediate_or_discordant_marker_signals',True,intermediate_or_discordant_marker_signals
state-affine-04-08,state,calcein_control_scaled,0.0,0.0,True,
state-affine-04-08,state,pi_control_scaled,0.3,0.3,True,
state-affine-04-09,state,viability_state,'mixed_signal','mixed_signal',True,intermediate_or_discordant_marker_signals
state-affine-04-09,state,viability_reason,'intermediate_or_discordant_marker_signals','intermediate_or_discordant_marker_signals',True,intermediate_or_discordant_marker_signals
state-affine-04-09,state,calcein_control_scaled,0.0,0.0,True,
state-affine-04-09,state,pi_control_scaled,0.30000000000000004,0.30000000000000004,True,
state-affine-04-10,state,viability_state,'mixed_signal','mixed_signal',True,intermediate_or_discordant_marker_signals
state-affine-04-10,state,viability_reason,'intermediate_or_discordant_marker_signals','intermediate_or_discordant_marker_signals',True,intermediate_or_discordant_marker_signals
state-affine-04-10,state,calcein_control_scaled,0.0,0.0,True,
state-affine-04-10,state,pi_control_scaled,0.45,0.45,True,
state-affine-04-11,state,viability_state,'mixed_signal','mixed_signal',True,intermediate_or_discordant_marker_signals
state-affine-04-11,state,viability_reason,'intermediate_or_discordant_marker_signals','intermediate_or_discordant_marker_signals',True,intermediate_or_discordant_marker_signals
state-affine-04-11,state,calcein_control_scaled,0.0,0.0,True,
state-affine-04-11,state,pi_control_scaled,0.5999999999999999,0.5999999999999999,True,
state-affine-04-12,state,viability_state,'compromised_like','compromised_like',True,high_PI_low_calcein
state-affine-04-12,state,viability_reason,'high_PI_low_calcein','high_PI_low_calcein',True,high_PI_low_calcein
state-affine-04-12,state,calcein_control_scaled,0.0,0.0,True,
state-affine-04-12,state,pi_control_scaled,0.6,0.6,True,
state-affine-04-13,state,viability_state,'compromised_like','compromised_like',True,high_PI_low_calcein
state-affine-04-13,state,viability_reason,'high_PI_low_calcein','high_PI_low_calcein',True,high_PI_low_calcein
state-affine-04-13,state,calcein_control_scaled,0.0,0.0,True,
state-affine-04-13,state,pi_control_scaled,0.6000000000000001,0.6000000000000001,True,
state-affine-04-14,state,viability_state,'compromised_like','compromised_like',True,high_PI_low_calcein
state-affine-04-14,state,viability_reason,'high_PI_low_calcein','high_PI_low_calcein',True,high_PI_low_calcein
state-affine-04-14,state,calcein_control_scaled,0.0,0.0,True,
state-affine-04-14,state,pi_control_scaled,0.8,0.8,True,
state-affine-04-15,state,viability_state,'compromised_like','compromised_like',True,high_PI_low_calcein
state-affine-04-15,state,viability_reason,'high_PI_low_calcein','high_PI_low_calcein',True,high_PI_low_calcein
state-affine-04-15,state,calcein_control_scaled,0.0,0.0,True,
state-affine-04-15,state,pi_control_scaled,0.9999999999999999,0.9999999999999999,True,
state-affine-04-16,state,viability_state,'compromised_like','compromised_like',True,high_PI_low_calcein
state-affine-04-16,state,viability_reason,'high_PI_low_calcein','high_PI_low_calcein',True,high_PI_low_calcein
state-affine-04-16,state,calcein_control_scaled,0.0,0.0,True,
state-affine-04-16,state,pi_control_scaled,1.0,1.0,True,
state-affine-04-17,state,viability_state,'compromised_like','compromised_like',True,high_PI_low_calcein;outside_control_range
state-affine-04-17,state,viability_reason,'high_PI_low_calcein;outside_control_range','high_PI_low_calcein;outside_control_range',True,high_PI_low_calcein;outside_control_range
state-affine-04-17,state,calcein_control_scaled,0.0,0.0,True,
state-affine-04-17,state,pi_control_scaled,1.0000000000000002,1.0000000000000002,True,
state-affine-04-18,state,viability_state,'compromised_like','compromised_like',True,high_PI_low_calcein;outside_control_range
state-affine-04-18,state,viability_reason,'high_PI_low_calcein;outside_control_range','high_PI_low_calcein;outside_control_range',True,high_PI_low_calcein;outside_control_range
state-affine-04-18,state,calcein_control_scaled,0.0,0.0,True,
state-affine-04-18,state,pi_control_scaled,1.5,1.5,True,
state-affine-04-19,state,viability_state,'compromised_like','compromised_like',True,high_PI_low_calcein;outside_control_range
state-affine-04-19,state,viability_reason,'high_PI_low_calcein;outside_control_range','high_PI_low_calcein;outside_control_range',True,high_PI_low_calcein;outside_control_range
state-affine-04-19,state,calcein_control_scaled,0.0,0.0,True,
state-affine-04-19,state,pi_control_scaled,7.0,7.0,True,
state-affine-04-20,state,viability_state,'indeterminate','indeterminate',True,nonfinite_scaled_signal
state-affine-04-20,state,viability_reason,'nonfinite_scaled_signal','nonfinite_scaled_signal',True,nonfinite_scaled_signal
state-affine-04-20,state,calcein_control_scaled,0.0,0.0,True,
state-affine-04-20,state,pi_control_scaled,inf,inf,True,
state-affine-04-21,state,viability_state,'indeterminate','indeterminate',True,nonfinite_scaled_signal
state-affine-04-21,state,viability_reason,'nonfinite_scaled_signal','nonfinite_scaled_signal',True,nonfinite_scaled_signal
state-affine-04-21,state,calcein_control_scaled,0.0,0.0,True,
state-affine-04-21,state,pi_control_scaled,nan,nan,True,
state-affine-05-00,state,viability_state,'indeterminate','indeterminate',True,nonfinite_scaled_signal
state-affine-05-00,state,viability_reason,'nonfinite_scaled_signal','nonfinite_scaled_signal',True,nonfinite_scaled_signal
state-affine-05-00,state,calcein_control_scaled,0.0,0.0,True,
state-affine-05-00,state,pi_control_scaled,-inf,-inf,True,
state-affine-05-01,state,viability_state,'indeterminate','indeterminate',True,both_markers_low;outside_control_range
state-affine-05-01,state,viability_reason,'both_markers_low;outside_control_range','both_markers_low;outside_control_range',True,both_markers_low;outside_control_range
state-affine-05-01,state,calcein_control_scaled,0.0,0.0,True,
state-affine-05-01,state,pi_control_scaled,-5.0,-5.0,True,
state-affine-05-02,state,viability_state,'indeterminate','indeterminate',True,both_markers_low;outside_control_range
state-affine-05-02,state,viability_reason,'both_markers_low;outside_control_range','both_markers_low;outside_control_range',True,both_markers_low;outside_control_range
state-affine-05-02,state,calcein_control_scaled,0.0,0.0,True,
state-affine-05-02,state,pi_control_scaled,-0.5,-0.5,True,
state-affine-05-03,state,viability_state,'indeterminate','indeterminate',True,both_markers_low
state-affine-05-03,state,viability_reason,'both_markers_low','both_markers_low',True,both_markers_low
state-affine-05-03,state,calcein_control_scaled,0.0,0.0,True,
state-affine-05-03,state,pi_control_scaled,0.0,0.0,True,
state-affine-05-04,state,viability_state,'indeterminate','indeterminate',True,both_markers_low
state-affine-05-04,state,viability_reason,'both_markers_low','both_markers_low',True,both_markers_low
state-affine-05-04,state,calcein_control_scaled,0.0,0.0,True,
state-affine-05-04,state,pi_control_scaled,0.0,0.0,True,
state-affine-05-05,state,viability_state,'indeterminate','indeterminate',True,both_markers_low
state-affine-05-05,state,viability_reason,'both_markers_low','both_markers_low',True,both_markers_low
state-affine-05-05,state,calcein_control_scaled,0.0,0.0,True,
state-affine-05-05,state,pi_control_scaled,0.0,0.0,True,
state-affine-05-06,state,viability_state,'indeterminate','indeterminate',True,both_markers_low
state-affine-05-06,state,viability_reason,'both_markers_low','both_markers_low',True,both_markers_low
state-affine-05-06,state,calcein_control_scaled,0.0,0.0,True,
state-affine-05-06,state,pi_control_scaled,0.15,0.15,True,
state-affine-05-07,state,viability_state,'indeterminate','indeterminate',True,both_markers_low
state-affine-05-07,state,viability_reason,'both_markers_low','both_markers_low',True,both_markers_low
state-affine-05-07,state,calcein_control_scaled,0.0,0.0,True,
state-affine-05-07,state,pi_control_scaled,0.29999999999999993,0.29999999999999993,True,
state-affine-05-08,state,viability_state,'mixed_signal','mixed_signal',True,intermediate_or_discordant_marker_signals
state-affine-05-08,state,viability_reason,'intermediate_or_discordant_marker_signals','intermediate_or_discordant_marker_signals',True,intermediate_or_discordant_marker_signals
state-affine-05-08,state,calcein_control_scaled,0.0,0.0,True,
state-affine-05-08,state,pi_control_scaled,0.3,0.3,True,
state-affine-05-09,state,viability_state,'mixed_signal','mixed_signal',True,intermediate_or_discordant_marker_signals
state-affine-05-09,state,viability_reason,'intermediate_or_discordant_marker_signals','intermediate_or_discordant_marker_signals',True,intermediate_or_discordant_marker_signals
state-affine-05-09,state,calcein_control_scaled,0.0,0.0,True,
state-affine-05-09,state,pi_control_scaled,0.30000000000000004,0.30000000000000004,True,
state-affine-05-10,state,viability_state,'mixed_signal','mixed_signal',True,intermediate_or_discordant_marker_signals
state-affine-05-10,state,viability_reason,'intermediate_or_discordant_marker_signals','intermediate_or_discordant_marker_signals',True,intermediate_or_discordant_marker_signals
state-affine-05-10,state,calcein_control_scaled,0.0,0.0,True,
state-affine-05-10,state,pi_control_scaled,0.45,0.45,True,
state-affine-05-11,state,viability_state,'mixed_signal','mixed_signal',True,intermediate_or_discordant_marker_signals
state-affine-05-11,state,viability_reason,'intermediate_or_discordant_marker_signals','intermediate_or_discordant_marker_signals',True,intermediate_or_discordant_marker_signals
state-affine-05-11,state,calcein_control_scaled,0.0,0.0,True,
state-affine-05-11,state,pi_control_scaled,0.5999999999999999,0.5999999999999999,True,
state-affine-05-12,state,viability_state,'compromised_like','compromised_like',True,high_PI_low_calcein
state-affine-05-12,state,viability_reason,'high_PI_low_calcein','high_PI_low_calcein',True,high_PI_low_calcein
state-affine-05-12,state,calcein_control_scaled,0.0,0.0,True,
state-affine-05-12,state,pi_control_scaled,0.6,0.6,True,
state-affine-05-13,state,viability_state,'compromised_like','compromised_like',True,high_PI_low_calcein
state-affine-05-13,state,viability_reason,'high_PI_low_calcein','high_PI_low_calcein',True,high_PI_low_calcein
state-affine-05-13,state,calcein_control_scaled,0.0,0.0,True,
state-affine-05-13,state,pi_control_scaled,0.6000000000000001,0.6000000000000001,True,
state-affine-05-14,state,viability_state,'compromised_like','compromised_like',True,high_PI_low_calcein
state-affine-05-14,state,viability_reason,'high_PI_low_calcein','high_PI_low_calcein',True,high_PI_low_calcein
state-affine-05-14,state,calcein_control_scaled,0.0,0.0,True,
state-affine-05-14,state,pi_control_scaled,0.8,0.8,True,
state-affine-05-15,state,viability_state,'compromised_like','compromised_like',True,high_PI_low_calcein
state-affine-05-15,state,viability_reason,'high_PI_low_calcein','high_PI_low_calcein',True,high_PI_low_calcein
state-affine-05-15,state,calcein_control_scaled,0.0,0.0,True,
state-affine-05-15,state,pi_control_scaled,0.9999999999999999,0.9999999999999999,True,
state-affine-05-16,state,viability_state,'compromised_like','compromised_like',True,high_PI_low_calcein
state-affine-05-16,state,viability_reason,'high_PI_low_calcein','high_PI_low_calcein',True,high_PI_low_calcein
state-affine-05-16,state,calcein_control_scaled,0.0,0.0,True,
state-affine-05-16,state,pi_control_scaled,1.0,1.0,True,
state-affine-05-17,state,viability_state,'compromised_like','compromised_like',True,high_PI_low_calcein;outside_control_range
state-affine-05-17,state,viability_reason,'high_PI_low_calcein;outside_control_range','high_PI_low_calcein;outside_control_range',True,high_PI_low_calcein;outside_control_range
state-affine-05-17,state,calcein_control_scaled,0.0,0.0,True,
state-affine-05-17,state,pi_control_scaled,1.0000000000000002,1.0000000000000002,True,
state-affine-05-18,state,viability_state,'compromised_like','compromised_like',True,high_PI_low_calcein;outside_control_range
state-affine-05-18,state,viability_reason,'high_PI_low_calcein;outside_control_range','high_PI_low_calcein;outside_control_range',True,high_PI_low_calcein;outside_control_range
state-affine-05-18,state,calcein_control_scaled,0.0,0.0,True,
state-affine-05-18,state,pi_control_scaled,1.5,1.5,True,
state-affine-05-19,state,viability_state,'compromised_like','compromised_like',True,high_PI_low_calcein;outside_control_range
state-affine-05-19,state,viability_reason,'high_PI_low_calcein;outside_control_range','high_PI_low_calcein;outside_control_range',True,high_PI_low_calcein;outside_control_range
state-affine-05-19,state,calcein_control_scaled,0.0,0.0,True,
state-affine-05-19,state,pi_control_scaled,7.0,7.0,True,
state-affine-05-20,state,viability_state,'indeterminate','indeterminate',True,nonfinite_scaled_signal
state-affine-05-20,state,viability_reason,'nonfinite_scaled_signal','nonfinite_scaled_signal',True,nonfinite_scaled_signal
state-affine-05-20,state,calcein_control_scaled,0.0,0.0,True,
state-affine-05-20,state,pi_control_scaled,inf,inf,True,
state-affine-05-21,state,viability_state,'indeterminate','indeterminate',True,nonfinite_scaled_signal
state-affine-05-21,state,viability_reason,'nonfinite_scaled_signal','nonfinite_scaled_signal',True,nonfinite_scaled_signal
state-affine-05-21,state,calcein_control_scaled,0.0,0.0,True,
state-affine-05-21,state,pi_control_scaled,nan,nan,True,
state-affine-06-00,state,viability_state,'indeterminate','indeterminate',True,nonfinite_scaled_signal
state-affine-06-00,state,viability_reason,'nonfinite_scaled_signal','nonfinite_scaled_signal',True,nonfinite_scaled_signal
state-affine-06-00,state,calcein_control_scaled,0.15,0.15,True,
state-affine-06-00,state,pi_control_scaled,-inf,-inf,True,
state-affine-06-01,state,viability_state,'indeterminate','indeterminate',True,both_markers_low;outside_control_range
state-affine-06-01,state,viability_reason,'both_markers_low;outside_control_range','both_markers_low;outside_control_range',True,both_markers_low;outside_control_range
state-affine-06-01,state,calcein_control_scaled,0.15,0.15,True,
state-affine-06-01,state,pi_control_scaled,-5.0,-5.0,True,
state-affine-06-02,state,viability_state,'indeterminate','indeterminate',True,both_markers_low;outside_control_range
state-affine-06-02,state,viability_reason,'both_markers_low;outside_control_range','both_markers_low;outside_control_range',True,both_markers_low;outside_control_range
state-affine-06-02,state,calcein_control_scaled,0.15,0.15,True,
state-affine-06-02,state,pi_control_scaled,-0.5,-0.5,True,
state-affine-06-03,state,viability_state,'indeterminate','indeterminate',True,both_markers_low
state-affine-06-03,state,viability_reason,'both_markers_low','both_markers_low',True,both_markers_low
state-affine-06-03,state,calcein_control_scaled,0.15,0.15,True,
state-affine-06-03,state,pi_control_scaled,0.0,0.0,True,
state-affine-06-04,state,viability_state,'indeterminate','indeterminate',True,both_markers_low
state-affine-06-04,state,viability_reason,'both_markers_low','both_markers_low',True,both_markers_low
state-affine-06-04,state,calcein_control_scaled,0.15,0.15,True,
state-affine-06-04,state,pi_control_scaled,0.0,0.0,True,
state-affine-06-05,state,viability_state,'indeterminate','indeterminate',True,both_markers_low
state-affine-06-05,state,viability_reason,'both_markers_low','both_markers_low',True,both_markers_low
state-affine-06-05,state,calcein_control_scaled,0.15,0.15,True,
state-affine-06-05,state,pi_control_scaled,0.0,0.0,True,
state-affine-06-06,state,viability_state,'indeterminate','indeterminate',True,both_markers_low
state-affine-06-06,state,viability_reason,'both_markers_low','both_markers_low',True,both_markers_low
state-affine-06-06,state,calcein_control_scaled,0.15,0.15,True,
state-affine-06-06,state,pi_control_scaled,0.15,0.15,True,
state-affine-06-07,state,viability_state,'indeterminate','indeterminate',True,both_markers_low
state-affine-06-07,state,viability_reason,'both_markers_low','both_markers_low',True,both_markers_low
state-affine-06-07,state,calcein_control_scaled,0.15,0.15,True,
state-affine-06-07,state,pi_control_scaled,0.29999999999999993,0.29999999999999993,True,
state-affine-06-08,state,viability_state,'mixed_signal','mixed_signal',True,intermediate_or_discordant_marker_signals
state-affine-06-08,state,viability_reason,'intermediate_or_discordant_marker_signals','intermediate_or_discordant_marker_signals',True,intermediate_or_discordant_marker_signals
state-affine-06-08,state,calcein_control_scaled,0.15,0.15,True,
state-affine-06-08,state,pi_control_scaled,0.3,0.3,True,
state-affine-06-09,state,viability_state,'mixed_signal','mixed_signal',True,intermediate_or_discordant_marker_signals
state-affine-06-09,state,viability_reason,'intermediate_or_discordant_marker_signals','intermediate_or_discordant_marker_signals',True,intermediate_or_discordant_marker_signals
state-affine-06-09,state,calcein_control_scaled,0.15,0.15,True,
state-affine-06-09,state,pi_control_scaled,0.30000000000000004,0.30000000000000004,True,
state-affine-06-10,state,viability_state,'mixed_signal','mixed_signal',True,intermediate_or_discordant_marker_signals
state-affine-06-10,state,viability_reason,'intermediate_or_discordant_marker_signals','intermediate_or_discordant_marker_signals',True,intermediate_or_discordant_marker_signals
state-affine-06-10,state,calcein_control_scaled,0.15,0.15,True,
state-affine-06-10,state,pi_control_scaled,0.45,0.45,True,
state-affine-06-11,state,viability_state,'mixed_signal','mixed_signal',True,intermediate_or_discordant_marker_signals
state-affine-06-11,state,viability_reason,'intermediate_or_discordant_marker_signals','intermediate_or_discordant_marker_signals',True,intermediate_or_discordant_marker_signals
state-affine-06-11,state,calcein_control_scaled,0.15,0.15,True,
state-affine-06-11,state,pi_control_scaled,0.5999999999999999,0.5999999999999999,True,
state-affine-06-12,state,viability_state,'compromised_like','compromised_like',True,high_PI_low_calcein
state-affine-06-12,state,viability_reason,'high_PI_low_calcein','high_PI_low_calcein',True,high_PI_low_calcein
state-affine-06-12,state,calcein_control_scaled,0.15,0.15,True,
state-affine-06-12,state,pi_control_scaled,0.6,0.6,True,
state-affine-06-13,state,viability_state,'compromised_like','compromised_like',True,high_PI_low_calcein
state-affine-06-13,state,viability_reason,'high_PI_low_calcein','high_PI_low_calcein',True,high_PI_low_calcein
state-affine-06-13,state,calcein_control_scaled,0.15,0.15,True,
state-affine-06-13,state,pi_control_scaled,0.6000000000000001,0.6000000000000001,True,
state-affine-06-14,state,viability_state,'compromised_like','compromised_like',True,high_PI_low_calcein
state-affine-06-14,state,viability_reason,'high_PI_low_calcein','high_PI_low_calcein',True,high_PI_low_calcein
state-affine-06-14,state,calcein_control_scaled,0.15,0.15,True,
state-affine-06-14,state,pi_control_scaled,0.8,0.8,True,
state-affine-06-15,state,viability_state,'compromised_like','compromised_like',True,high_PI_low_calcein
state-affine-06-15,state,viability_reason,'high_PI_low_calcein','high_PI_low_calcein',True,high_PI_low_calcein
state-affine-06-15,state,calcein_control_scaled,0.15,0.15,True,
state-affine-06-15,state,pi_control_scaled,0.9999999999999999,0.9999999999999999,True,
state-affine-06-16,state,viability_state,'compromised_like','compromised_like',True,high_PI_low_calcein
state-affine-06-16,state,viability_reason,'high_PI_low_calcein','high_PI_low_calcein',True,high_PI_low_calcein
state-affine-06-16,state,calcein_control_scaled,0.15,0.15,True,
state-affine-06-16,state,pi_control_scaled,1.0,1.0,True,
state-affine-06-17,state,viability_state,'compromised_like','compromised_like',True,high_PI_low_calcein;outside_control_range
state-affine-06-17,state,viability_reason,'high_PI_low_calcein;outside_control_range','high_PI_low_calcein;outside_control_range',True,high_PI_low_calcein;outside_control_range
state-affine-06-17,state,calcein_control_scaled,0.15,0.15,True,
state-affine-06-17,state,pi_control_scaled,1.0000000000000002,1.0000000000000002,True,
state-affine-06-18,state,viability_state,'compromised_like','compromised_like',True,high_PI_low_calcein;outside_control_range
state-affine-06-18,state,viability_reason,'high_PI_low_calcein;outside_control_range','high_PI_low_calcein;outside_control_range',True,high_PI_low_calcein;outside_control_range
state-affine-06-18,state,calcein_control_scaled,0.15,0.15,True,
state-affine-06-18,state,pi_control_scaled,1.5,1.5,True,
state-affine-06-19,state,viability_state,'compromised_like','compromised_like',True,high_PI_low_calcein;outside_control_range
state-affine-06-19,state,viability_reason,'high_PI_low_calcein;outside_control_range','high_PI_low_calcein;outside_control_range',True,high_PI_low_calcein;outside_control_range
state-affine-06-19,state,calcein_control_scaled,0.15,0.15,True,
state-affine-06-19,state,pi_control_scaled,7.0,7.0,True,
state-affine-06-20,state,viability_state,'indeterminate','indeterminate',True,nonfinite_scaled_signal
state-affine-06-20,state,viability_reason,'nonfinite_scaled_signal','nonfinite_scaled_signal',True,nonfinite_scaled_signal
state-affine-06-20,state,calcein_control_scaled,0.15,0.15,True,
state-affine-06-20,state,pi_control_scaled,inf,inf,True,
state-affine-06-21,state,viability_state,'indeterminate','indeterminate',True,nonfinite_scaled_signal
state-affine-06-21,state,viability_reason,'nonfinite_scaled_signal','nonfinite_scaled_signal',True,nonfinite_scaled_signal
state-affine-06-21,state,calcein_control_scaled,0.15,0.15,True,
state-affine-06-21,state,pi_control_scaled,nan,nan,True,
state-affine-07-00,state,viability_state,'indeterminate','indeterminate',True,nonfinite_scaled_signal
state-affine-07-00,state,viability_reason,'nonfinite_scaled_signal','nonfinite_scaled_signal',True,nonfinite_scaled_signal
state-affine-07-00,state,calcein_control_scaled,0.29999999999999993,0.29999999999999993,True,
state-affine-07-00,state,pi_control_scaled,-inf,-inf,True,
state-affine-07-01,state,viability_state,'indeterminate','indeterminate',True,both_markers_low;outside_control_range
state-affine-07-01,state,viability_reason,'both_markers_low;outside_control_range','both_markers_low;outside_control_range',True,both_markers_low;outside_control_range
state-affine-07-01,state,calcein_control_scaled,0.29999999999999993,0.29999999999999993,True,
state-affine-07-01,state,pi_control_scaled,-5.0,-5.0,True,
state-affine-07-02,state,viability_state,'indeterminate','indeterminate',True,both_markers_low;outside_control_range
state-affine-07-02,state,viability_reason,'both_markers_low;outside_control_range','both_markers_low;outside_control_range',True,both_markers_low;outside_control_range
state-affine-07-02,state,calcein_control_scaled,0.29999999999999993,0.29999999999999993,True,
state-affine-07-02,state,pi_control_scaled,-0.5,-0.5,True,
state-affine-07-03,state,viability_state,'indeterminate','indeterminate',True,both_markers_low
state-affine-07-03,state,viability_reason,'both_markers_low','both_markers_low',True,both_markers_low
state-affine-07-03,state,calcein_control_scaled,0.29999999999999993,0.29999999999999993,True,
state-affine-07-03,state,pi_control_scaled,0.0,0.0,True,
state-affine-07-04,state,viability_state,'indeterminate','indeterminate',True,both_markers_low
state-affine-07-04,state,viability_reason,'both_markers_low','both_markers_low',True,both_markers_low
state-affine-07-04,state,calcein_control_scaled,0.29999999999999993,0.29999999999999993,True,
state-affine-07-04,state,pi_control_scaled,0.0,0.0,True,
state-affine-07-05,state,viability_state,'indeterminate','indeterminate',True,both_markers_low
state-affine-07-05,state,viability_reason,'both_markers_low','both_markers_low',True,both_markers_low
state-affine-07-05,state,calcein_control_scaled,0.29999999999999993,0.29999999999999993,True,
state-affine-07-05,state,pi_control_scaled,0.0,0.0,True,
state-affine-07-06,state,viability_state,'indeterminate','indeterminate',True,both_markers_low
state-affine-07-06,state,viability_reason,'both_markers_low','both_markers_low',True,both_markers_low
state-affine-07-06,state,calcein_control_scaled,0.29999999999999993,0.29999999999999993,True,
state-affine-07-06,state,pi_control_scaled,0.15,0.15,True,
state-affine-07-07,state,viability_state,'indeterminate','indeterminate',True,both_markers_low
state-affine-07-07,state,viability_reason,'both_markers_low','both_markers_low',True,both_markers_low
state-affine-07-07,state,calcein_control_scaled,0.29999999999999993,0.29999999999999993,True,
state-affine-07-07,state,pi_control_scaled,0.29999999999999993,0.29999999999999993,True,
state-affine-07-08,state,viability_state,'mixed_signal','mixed_signal',True,intermediate_or_discordant_marker_signals
state-affine-07-08,state,viability_reason,'intermediate_or_discordant_marker_signals','intermediate_or_discordant_marker_signals',True,intermediate_or_discordant_marker_signals
state-affine-07-08,state,calcein_control_scaled,0.29999999999999993,0.29999999999999993,True,
state-affine-07-08,state,pi_control_scaled,0.3,0.3,True,
state-affine-07-09,state,viability_state,'mixed_signal','mixed_signal',True,intermediate_or_discordant_marker_signals
state-affine-07-09,state,viability_reason,'intermediate_or_discordant_marker_signals','intermediate_or_discordant_marker_signals',True,intermediate_or_discordant_marker_signals
state-affine-07-09,state,calcein_control_scaled,0.29999999999999993,0.29999999999999993,True,
state-affine-07-09,state,pi_control_scaled,0.30000000000000004,0.30000000000000004,True,
state-affine-07-10,state,viability_state,'mixed_signal','mixed_signal',True,intermediate_or_discordant_marker_signals
state-affine-07-10,state,viability_reason,'intermediate_or_discordant_marker_signals','intermediate_or_discordant_marker_signals',True,intermediate_or_discordant_marker_signals
state-affine-07-10,state,calcein_control_scaled,0.29999999999999993,0.29999999999999993,True,
state-affine-07-10,state,pi_control_scaled,0.45,0.45,True,
state-affine-07-11,state,viability_state,'mixed_signal','mixed_signal',True,intermediate_or_discordant_marker_signals
state-affine-07-11,state,viability_reason,'intermediate_or_discordant_marker_signals','intermediate_or_discordant_marker_signals',True,intermediate_or_discordant_marker_signals
state-affine-07-11,state,calcein_control_scaled,0.29999999999999993,0.29999999999999993,True,
state-affine-07-11,state,pi_control_scaled,0.5999999999999999,0.5999999999999999,True,
state-affine-07-12,state,viability_state,'compromised_like','compromised_like',True,high_PI_low_calcein
state-affine-07-12,state,viability_reason,'high_PI_low_calcein','high_PI_low_calcein',True,high_PI_low_calcein
state-affine-07-12,state,calcein_control_scaled,0.29999999999999993,0.29999999999999993,True,
state-affine-07-12,state,pi_control_scaled,0.6,0.6,True,
state-affine-07-13,state,viability_state,'compromised_like','compromised_like',True,high_PI_low_calcein
state-affine-07-13,state,viability_reason,'high_PI_low_calcein','high_PI_low_calcein',True,high_PI_low_calcein
state-affine-07-13,state,calcein_control_scaled,0.29999999999999993,0.29999999999999993,True,
state-affine-07-13,state,pi_control_scaled,0.6000000000000001,0.6000000000000001,True,
state-affine-07-14,state,viability_state,'compromised_like','compromised_like',True,high_PI_low_calcein
state-affine-07-14,state,viability_reason,'high_PI_low_calcein','high_PI_low_calcein',True,high_PI_low_calcein
state-affine-07-14,state,calcein_control_scaled,0.29999999999999993,0.29999999999999993,True,
state-affine-07-14,state,pi_control_scaled,0.8,0.8,True,
state-affine-07-15,state,viability_state,'compromised_like','compromised_like',True,high_PI_low_calcein
state-affine-07-15,state,viability_reason,'high_PI_low_calcein','high_PI_low_calcein',True,high_PI_low_calcein
state-affine-07-15,state,calcein_control_scaled,0.29999999999999993,0.29999999999999993,True,
state-affine-07-15,state,pi_control_scaled,0.9999999999999999,0.9999999999999999,True,
state-affine-07-16,state,viability_state,'compromised_like','compromised_like',True,high_PI_low_calcein
state-affine-07-16,state,viability_reason,'high_PI_low_calcein','high_PI_low_calcein',True,high_PI_low_calcein
state-affine-07-16,state,calcein_control_scaled,0.29999999999999993,0.29999999999999993,True,
state-affine-07-16,state,pi_control_scaled,1.0,1.0,True,
state-affine-07-17,state,viability_state,'compromised_like','compromised_like',True,high_PI_low_calcein;outside_control_range
state-affine-07-17,state,viability_reason,'high_PI_low_calcein;outside_control_range','high_PI_low_calcein;outside_control_range',True,high_PI_low_calcein;outside_control_range
state-affine-07-17,state,calcein_control_scaled,0.29999999999999993,0.29999999999999993,True,
state-affine-07-17,state,pi_control_scaled,1.0000000000000002,1.0000000000000002,True,
state-affine-07-18,state,viability_state,'compromised_like','compromised_like',True,high_PI_low_calcein;outside_control_range
state-affine-07-18,state,viability_reason,'high_PI_low_calcein;outside_control_range','high_PI_low_calcein;outside_control_range',True,high_PI_low_calcein;outside_control_range
state-affine-07-18,state,calcein_control_scaled,0.29999999999999993,0.29999999999999993,True,
state-affine-07-18,state,pi_control_scaled,1.5,1.5,True,
state-affine-07-19,state,viability_state,'compromised_like','compromised_like',True,high_PI_low_calcein;outside_control_range
state-affine-07-19,state,viability_reason,'high_PI_low_calcein;outside_control_range','high_PI_low_calcein;outside_control_range',True,high_PI_low_calcein;outside_control_range
state-affine-07-19,state,calcein_control_scaled,0.29999999999999993,0.29999999999999993,True,
state-affine-07-19,state,pi_control_scaled,7.0,7.0,True,
state-affine-07-20,state,viability_state,'indeterminate','indeterminate',True,nonfinite_scaled_signal
state-affine-07-20,state,viability_reason,'nonfinite_scaled_signal','nonfinite_scaled_signal',True,nonfinite_scaled_signal
state-affine-07-20,state,calcein_control_scaled,0.29999999999999993,0.29999999999999993,True,
state-affine-07-20,state,pi_control_scaled,inf,inf,True,
state-affine-07-21,state,viability_state,'indeterminate','indeterminate',True,nonfinite_scaled_signal
state-affine-07-21,state,viability_reason,'nonfinite_scaled_signal','nonfinite_scaled_signal',True,nonfinite_scaled_signal
state-affine-07-21,state,calcein_control_scaled,0.29999999999999993,0.29999999999999993,True,
state-affine-07-21,state,pi_control_scaled,nan,nan,True,
state-affine-08-00,state,viability_state,'indeterminate','indeterminate',True,nonfinite_scaled_signal
state-affine-08-00,state,viability_reason,'nonfinite_scaled_signal','nonfinite_scaled_signal',True,nonfinite_scaled_signal
state-affine-08-00,state,calcein_control_scaled,0.3,0.3,True,
state-affine-08-00,state,pi_control_scaled,-inf,-inf,True,
state-affine-08-01,state,viability_state,'mixed_signal','mixed_signal',True,intermediate_or_discordant_marker_signals;outside_control_range
state-affine-08-01,state,viability_reason,'intermediate_or_discordant_marker_signals;outside_control_range','intermediate_or_discordant_marker_signals;outside_control_range',True,intermediate_or_discordant_marker_signals;outside_control_range
state-affine-08-01,state,calcein_control_scaled,0.3,0.3,True,
state-affine-08-01,state,pi_control_scaled,-5.0,-5.0,True,
state-affine-08-02,state,viability_state,'mixed_signal','mixed_signal',True,intermediate_or_discordant_marker_signals;outside_control_range
state-affine-08-02,state,viability_reason,'intermediate_or_discordant_marker_signals;outside_control_range','intermediate_or_discordant_marker_signals;outside_control_range',True,intermediate_or_discordant_marker_signals;outside_control_range
state-affine-08-02,state,calcein_control_scaled,0.3,0.3,True,
state-affine-08-02,state,pi_control_scaled,-0.5,-0.5,True,
state-affine-08-03,state,viability_state,'mixed_signal','mixed_signal',True,intermediate_or_discordant_marker_signals
state-affine-08-03,state,viability_reason,'intermediate_or_discordant_marker_signals','intermediate_or_discordant_marker_signals',True,intermediate_or_discordant_marker_signals
state-affine-08-03,state,calcein_control_scaled,0.3,0.3,True,
state-affine-08-03,state,pi_control_scaled,0.0,0.0,True,
state-affine-08-04,state,viability_state,'mixed_signal','mixed_signal',True,intermediate_or_discordant_marker_signals
state-affine-08-04,state,viability_reason,'intermediate_or_discordant_marker_signals','intermediate_or_discordant_marker_signals',True,intermediate_or_discordant_marker_signals
state-affine-08-04,state,calcein_control_scaled,0.3,0.3,True,
state-affine-08-04,state,pi_control_scaled,0.0,0.0,True,
state-affine-08-05,state,viability_state,'mixed_signal','mixed_signal',True,intermediate_or_discordant_marker_signals
state-affine-08-05,state,viability_reason,'intermediate_or_discordant_marker_signals','intermediate_or_discordant_marker_signals',True,intermediate_or_discordant_marker_signals
state-affine-08-05,state,calcein_control_scaled,0.3,0.3,True,
state-affine-08-05,state,pi_control_scaled,0.0,0.0,True,
state-affine-08-06,state,viability_state,'mixed_signal','mixed_signal',True,intermediate_or_discordant_marker_signals
state-affine-08-06,state,viability_reason,'intermediate_or_discordant_marker_signals','intermediate_or_discordant_marker_signals',True,intermediate_or_discordant_marker_signals
state-affine-08-06,state,calcein_control_scaled,0.3,0.3,True,
state-affine-08-06,state,pi_control_scaled,0.15,0.15,True,
state-affine-08-07,state,viability_state,'mixed_signal','mixed_signal',True,intermediate_or_discordant_marker_signals
state-affine-08-07,state,viability_reason,'intermediate_or_discordant_marker_signals','intermediate_or_discordant_marker_signals',True,intermediate_or_discordant_marker_signals
state-affine-08-07,state,calcein_control_scaled,0.3,0.3,True,
state-affine-08-07,state,pi_control_scaled,0.29999999999999993,0.29999999999999993,True,
state-affine-08-08,state,viability_state,'mixed_signal','mixed_signal',True,intermediate_or_discordant_marker_signals
state-affine-08-08,state,viability_reason,'intermediate_or_discordant_marker_signals','intermediate_or_discordant_marker_signals',True,intermediate_or_discordant_marker_signals
state-affine-08-08,state,calcein_control_scaled,0.3,0.3,True,
state-affine-08-08,state,pi_control_scaled,0.3,0.3,True,
state-affine-08-09,state,viability_state,'mixed_signal','mixed_signal',True,intermediate_or_discordant_marker_signals
state-affine-08-09,state,viability_reason,'intermediate_or_discordant_marker_signals','intermediate_or_discordant_marker_signals',True,intermediate_or_discordant_marker_signals
state-affine-08-09,state,calcein_control_scaled,0.3,0.3,True,
state-affine-08-09,state,pi_control_scaled,0.30000000000000004,0.30000000000000004,True,
state-affine-08-10,state,viability_state,'mixed_signal','mixed_signal',True,intermediate_or_discordant_marker_signals
state-affine-08-10,state,viability_reason,'intermediate_or_discordant_marker_signals','intermediate_or_discordant_marker_signals',True,intermediate_or_discordant_marker_signals
state-affine-08-10,state,calcein_control_scaled,0.3,0.3,True,
state-affine-08-10,state,pi_control_scaled,0.45,0.45,True,
state-affine-08-11,state,viability_state,'mixed_signal','mixed_signal',True,intermediate_or_discordant_marker_signals
state-affine-08-11,state,viability_reason,'intermediate_or_discordant_marker_signals','intermediate_or_discordant_marker_signals',True,intermediate_or_discordant_marker_signals
state-affine-08-11,state,calcein_control_scaled,0.3,0.3,True,
state-affine-08-11,state,pi_control_scaled,0.5999999999999999,0.5999999999999999,True,
state-affine-08-12,state,viability_state,'compromised_like','compromised_like',True,high_PI_low_calcein
state-affine-08-12,state,viability_reason,'high_PI_low_calcein','high_PI_low_calcein',True,high_PI_low_calcein
state-affine-08-12,state,calcein_control_scaled,0.3,0.3,True,
state-affine-08-12,state,pi_control_scaled,0.6,0.6,True,
state-affine-08-13,state,viability_state,'compromised_like','compromised_like',True,high_PI_low_calcein
state-affine-08-13,state,viability_reason,'high_PI_low_calcein','high_PI_low_calcein',True,high_PI_low_calcein
state-affine-08-13,state,calcein_control_scaled,0.3,0.3,True,
state-affine-08-13,state,pi_control_scaled,0.6000000000000001,0.6000000000000001,True,
state-affine-08-14,state,viability_state,'compromised_like','compromised_like',True,high_PI_low_calcein
state-affine-08-14,state,viability_reason,'high_PI_low_calcein','high_PI_low_calcein',True,high_PI_low_calcein
state-affine-08-14,state,calcein_control_scaled,0.3,0.3,True,
state-affine-08-14,state,pi_control_scaled,0.8,0.8,True,
state-affine-08-15,state,viability_state,'compromised_like','compromised_like',True,high_PI_low_calcein
state-affine-08-15,state,viability_reason,'high_PI_low_calcein','high_PI_low_calcein',True,high_PI_low_calcein
state-affine-08-15,state,calcein_control_scaled,0.3,0.3,True,
state-affine-08-15,state,pi_control_scaled,0.9999999999999999,0.9999999999999999,True,
state-affine-08-16,state,viability_state,'compromised_like','compromised_like',True,high_PI_low_calcein
state-affine-08-16,state,viability_reason,'high_PI_low_calcein','high_PI_low_calcein',True,high_PI_low_calcein
state-affine-08-16,state,calcein_control_scaled,0.3,0.3,True,
state-affine-08-16,state,pi_control_scaled,1.0,1.0,True,
state-affine-08-17,state,viability_state,'compromised_like','compromised_like',True,high_PI_low_calcein;outside_control_range
state-affine-08-17,state,viability_reason,'high_PI_low_calcein;outside_control_range','high_PI_low_calcein;outside_control_range',True,high_PI_low_calcein;outside_control_range
state-affine-08-17,state,calcein_control_scaled,0.3,0.3,True,
state-affine-08-17,state,pi_control_scaled,1.0000000000000002,1.0000000000000002,True,
state-affine-08-18,state,viability_state,'compromised_like','compromised_like',True,high_PI_low_calcein;outside_control_range
state-affine-08-18,state,viability_reason,'high_PI_low_calcein;outside_control_range','high_PI_low_calcein;outside_control_range',True,high_PI_low_calcein;outside_control_range
state-affine-08-18,state,calcein_control_scaled,0.3,0.3,True,
state-affine-08-18,state,pi_control_scaled,1.5,1.5,True,
state-affine-08-19,state,viability_state,'compromised_like','compromised_like',True,high_PI_low_calcein;outside_control_range
state-affine-08-19,state,viability_reason,'high_PI_low_calcein;outside_control_range','high_PI_low_calcein;outside_control_range',True,high_PI_low_calcein;outside_control_range
state-affine-08-19,state,calcein_control_scaled,0.3,0.3,True,
state-affine-08-19,state,pi_control_scaled,7.0,7.0,True,
state-affine-08-20,state,viability_state,'indeterminate','indeterminate',True,nonfinite_scaled_signal
state-affine-08-20,state,viability_reason,'nonfinite_scaled_signal','nonfinite_scaled_signal',True,nonfinite_scaled_signal
state-affine-08-20,state,calcein_control_scaled,0.3,0.3,True,
state-affine-08-20,state,pi_control_scaled,inf,inf,True,
state-affine-08-21,state,viability_state,'indeterminate','indeterminate',True,nonfinite_scaled_signal
state-affine-08-21,state,viability_reason,'nonfinite_scaled_signal','nonfinite_scaled_signal',True,nonfinite_scaled_signal
state-affine-08-21,state,calcein_control_scaled,0.3,0.3,True,
state-affine-08-21,state,pi_control_scaled,nan,nan,True,
state-affine-09-00,state,viability_state,'indeterminate','indeterminate',True,nonfinite_scaled_signal
state-affine-09-00,state,viability_reason,'nonfinite_scaled_signal','nonfinite_scaled_signal',True,nonfinite_scaled_signal
state-affine-09-00,state,calcein_control_scaled,0.30000000000000004,0.30000000000000004,True,
state-affine-09-00,state,pi_control_scaled,-inf,-inf,True,
state-affine-09-01,state,viability_state,'mixed_signal','mixed_signal',True,intermediate_or_discordant_marker_signals;outside_control_range
state-affine-09-01,state,viability_reason,'intermediate_or_discordant_marker_signals;outside_control_range','intermediate_or_discordant_marker_signals;outside_control_range',True,intermediate_or_discordant_marker_signals;outside_control_range
state-affine-09-01,state,calcein_control_scaled,0.30000000000000004,0.30000000000000004,True,
state-affine-09-01,state,pi_control_scaled,-5.0,-5.0,True,
state-affine-09-02,state,viability_state,'mixed_signal','mixed_signal',True,intermediate_or_discordant_marker_signals;outside_control_range
state-affine-09-02,state,viability_reason,'intermediate_or_discordant_marker_signals;outside_control_range','intermediate_or_discordant_marker_signals;outside_control_range',True,intermediate_or_discordant_marker_signals;outside_control_range
state-affine-09-02,state,calcein_control_scaled,0.30000000000000004,0.30000000000000004,True,
state-affine-09-02,state,pi_control_scaled,-0.5,-0.5,True,
state-affine-09-03,state,viability_state,'mixed_signal','mixed_signal',True,intermediate_or_discordant_marker_signals
state-affine-09-03,state,viability_reason,'intermediate_or_discordant_marker_signals','intermediate_or_discordant_marker_signals',True,intermediate_or_discordant_marker_signals
state-affine-09-03,state,calcein_control_scaled,0.30000000000000004,0.30000000000000004,True,
state-affine-09-03,state,pi_control_scaled,0.0,0.0,True,
state-affine-09-04,state,viability_state,'mixed_signal','mixed_signal',True,intermediate_or_discordant_marker_signals
state-affine-09-04,state,viability_reason,'intermediate_or_discordant_marker_signals','intermediate_or_discordant_marker_signals',True,intermediate_or_discordant_marker_signals
state-affine-09-04,state,calcein_control_scaled,0.30000000000000004,0.30000000000000004,True,
state-affine-09-04,state,pi_control_scaled,0.0,0.0,True,
state-affine-09-05,state,viability_state,'mixed_signal','mixed_signal',True,intermediate_or_discordant_marker_signals
state-affine-09-05,state,viability_reason,'intermediate_or_discordant_marker_signals','intermediate_or_discordant_marker_signals',True,intermediate_or_discordant_marker_signals
state-affine-09-05,state,calcein_control_scaled,0.30000000000000004,0.30000000000000004,True,
state-affine-09-05,state,pi_control_scaled,0.0,0.0,True,
state-affine-09-06,state,viability_state,'mixed_signal','mixed_signal',True,intermediate_or_discordant_marker_signals
state-affine-09-06,state,viability_reason,'intermediate_or_discordant_marker_signals','intermediate_or_discordant_marker_signals',True,intermediate_or_discordant_marker_signals
state-affine-09-06,state,calcein_control_scaled,0.30000000000000004,0.30000000000000004,True,
state-affine-09-06,state,pi_control_scaled,0.15,0.15,True,
state-affine-09-07,state,viability_state,'mixed_signal','mixed_signal',True,intermediate_or_discordant_marker_signals
state-affine-09-07,state,viability_reason,'intermediate_or_discordant_marker_signals','intermediate_or_discordant_marker_signals',True,intermediate_or_discordant_marker_signals
state-affine-09-07,state,calcein_control_scaled,0.30000000000000004,0.30000000000000004,True,
state-affine-09-07,state,pi_control_scaled,0.29999999999999993,0.29999999999999993,True,
state-affine-09-08,state,viability_state,'mixed_signal','mixed_signal',True,intermediate_or_discordant_marker_signals
state-affine-09-08,state,viability_reason,'intermediate_or_discordant_marker_signals','intermediate_or_discordant_marker_signals',True,intermediate_or_discordant_marker_signals
state-affine-09-08,state,calcein_control_scaled,0.30000000000000004,0.30000000000000004,True,
state-affine-09-08,state,pi_control_scaled,0.3,0.3,True,
state-affine-09-09,state,viability_state,'mixed_signal','mixed_signal',True,intermediate_or_discordant_marker_signals
state-affine-09-09,state,viability_reason,'intermediate_or_discordant_marker_signals','intermediate_or_discordant_marker_signals',True,intermediate_or_discordant_marker_signals
state-affine-09-09,state,calcein_control_scaled,0.30000000000000004,0.30000000000000004,True,
state-affine-09-09,state,pi_control_scaled,0.30000000000000004,0.30000000000000004,True,
state-affine-09-10,state,viability_state,'mixed_signal','mixed_signal',True,intermediate_or_discordant_marker_signals
state-affine-09-10,state,viability_reason,'intermediate_or_discordant_marker_signals','intermediate_or_discordant_marker_signals',True,intermediate_or_discordant_marker_signals
state-affine-09-10,state,calcein_control_scaled,0.30000000000000004,0.30000000000000004,True,
state-affine-09-10,state,pi_control_scaled,0.45,0.45,True,
state-affine-09-11,state,viability_state,'mixed_signal','mixed_signal',True,intermediate_or_discordant_marker_signals
state-affine-09-11,state,viability_reason,'intermediate_or_discordant_marker_signals','intermediate_or_discordant_marker_signals',True,intermediate_or_discordant_marker_signals
state-affine-09-11,state,calcein_control_scaled,0.30000000000000004,0.30000000000000004,True,
state-affine-09-11,state,pi_control_scaled,0.5999999999999999,0.5999999999999999,True,
state-affine-09-12,state,viability_state,'mixed_signal','mixed_signal',True,intermediate_or_discordant_marker_signals
state-affine-09-12,state,viability_reason,'intermediate_or_discordant_marker_signals','intermediate_or_discordant_marker_signals',True,intermediate_or_discordant_marker_signals
state-affine-09-12,state,calcein_control_scaled,0.30000000000000004,0.30000000000000004,True,
state-affine-09-12,state,pi_control_scaled,0.6,0.6,True,
state-affine-09-13,state,viability_state,'mixed_signal','mixed_signal',True,intermediate_or_discordant_marker_signals
state-affine-09-13,state,viability_reason,'intermediate_or_discordant_marker_signals','intermediate_or_discordant_marker_signals',True,intermediate_or_discordant_marker_signals
state-affine-09-13,state,calcein_control_scaled,0.30000000000000004,0.30000000000000004,True,
state-affine-09-13,state,pi_control_scaled,0.6000000000000001,0.6000000000000001,True,
state-affine-09-14,state,viability_state,'mixed_signal','mixed_signal',True,intermediate_or_discordant_marker_signals
state-affine-09-14,state,viability_reason,'intermediate_or_discordant_marker_signals','intermediate_or_discordant_marker_signals',True,intermediate_or_discordant_marker_signals
state-affine-09-14,state,calcein_control_scaled,0.30000000000000004,0.30000000000000004,True,
state-affine-09-14,state,pi_control_scaled,0.8,0.8,True,
state-affine-09-15,state,viability_state,'mixed_signal','mixed_signal',True,intermediate_or_discordant_marker_signals
state-affine-09-15,state,viability_reason,'intermediate_or_discordant_marker_signals','intermediate_or_discordant_marker_signals',True,intermediate_or_discordant_marker_signals
state-affine-09-15,state,calcein_control_scaled,0.30000000000000004,0.30000000000000004,True,
state-affine-09-15,state,pi_control_scaled,0.9999999999999999,0.9999999999999999,True,
state-affine-09-16,state,viability_state,'mixed_signal','mixed_signal',True,intermediate_or_discordant_marker_signals
state-affine-09-16,state,viability_reason,'intermediate_or_discordant_marker_signals','intermediate_or_discordant_marker_signals',True,intermediate_or_discordant_marker_signals
state-affine-09-16,state,calcein_control_scaled,0.30000000000000004,0.30000000000000004,True,
state-affine-09-16,state,pi_control_scaled,1.0,1.0,True,
state-affine-09-17,state,viability_state,'mixed_signal','mixed_signal',True,intermediate_or_discordant_marker_signals;outside_control_range
state-affine-09-17,state,viability_reason,'intermediate_or_discordant_marker_signals;outside_control_range','intermediate_or_discordant_marker_signals;outside_control_range',True,intermediate_or_discordant_marker_signals;outside_control_range
state-affine-09-17,state,calcein_control_scaled,0.30000000000000004,0.30000000000000004,True,
state-affine-09-17,state,pi_control_scaled,1.0000000000000002,1.0000000000000002,True,
state-affine-09-18,state,viability_state,'mixed_signal','mixed_signal',True,intermediate_or_discordant_marker_signals;outside_control_range
state-affine-09-18,state,viability_reason,'intermediate_or_discordant_marker_signals;outside_control_range','intermediate_or_discordant_marker_signals;outside_control_range',True,intermediate_or_discordant_marker_signals;outside_control_range
state-affine-09-18,state,calcein_control_scaled,0.30000000000000004,0.30000000000000004,True,
state-affine-09-18,state,pi_control_scaled,1.5,1.5,True,
state-affine-09-19,state,viability_state,'mixed_signal','mixed_signal',True,intermediate_or_discordant_marker_signals;outside_control_range
state-affine-09-19,state,viability_reason,'intermediate_or_discordant_marker_signals;outside_control_range','intermediate_or_discordant_marker_signals;outside_control_range',True,intermediate_or_discordant_marker_signals;outside_control_range
state-affine-09-19,state,calcein_control_scaled,0.30000000000000004,0.30000000000000004,True,
state-affine-09-19,state,pi_control_scaled,7.0,7.0,True,
state-affine-09-20,state,viability_state,'indeterminate','indeterminate',True,nonfinite_scaled_signal
state-affine-09-20,state,viability_reason,'nonfinite_scaled_signal','nonfinite_scaled_signal',True,nonfinite_scaled_signal
state-affine-09-20,state,calcein_control_scaled,0.30000000000000004,0.30000000000000004,True,
state-affine-09-20,state,pi_control_scaled,inf,inf,True,
state-affine-09-21,state,viability_state,'indeterminate','indeterminate',True,nonfinite_scaled_signal
state-affine-09-21,state,viability_reason,'nonfinite_scaled_signal','nonfinite_scaled_signal',True,nonfinite_scaled_signal
state-affine-09-21,state,calcein_control_scaled,0.30000000000000004,0.30000000000000004,True,
state-affine-09-21,state,pi_control_scaled,nan,nan,True,
state-affine-10-00,state,viability_state,'indeterminate','indeterminate',True,nonfinite_scaled_signal
state-affine-10-00,state,viability_reason,'nonfinite_scaled_signal','nonfinite_scaled_signal',True,nonfinite_scaled_signal
state-affine-10-00,state,calcein_control_scaled,0.45,0.45,True,
state-affine-10-00,state,pi_control_scaled,-inf,-inf,True,
state-affine-10-01,state,viability_state,'mixed_signal','mixed_signal',True,intermediate_or_discordant_marker_signals;outside_control_range
state-affine-10-01,state,viability_reason,'intermediate_or_discordant_marker_signals;outside_control_range','intermediate_or_discordant_marker_signals;outside_control_range',True,intermediate_or_discordant_marker_signals;outside_control_range
state-affine-10-01,state,calcein_control_scaled,0.45,0.45,True,
state-affine-10-01,state,pi_control_scaled,-5.0,-5.0,True,
state-affine-10-02,state,viability_state,'mixed_signal','mixed_signal',True,intermediate_or_discordant_marker_signals;outside_control_range
state-affine-10-02,state,viability_reason,'intermediate_or_discordant_marker_signals;outside_control_range','intermediate_or_discordant_marker_signals;outside_control_range',True,intermediate_or_discordant_marker_signals;outside_control_range
state-affine-10-02,state,calcein_control_scaled,0.45,0.45,True,
state-affine-10-02,state,pi_control_scaled,-0.5,-0.5,True,
state-affine-10-03,state,viability_state,'mixed_signal','mixed_signal',True,intermediate_or_discordant_marker_signals
state-affine-10-03,state,viability_reason,'intermediate_or_discordant_marker_signals','intermediate_or_discordant_marker_signals',True,intermediate_or_discordant_marker_signals
state-affine-10-03,state,calcein_control_scaled,0.45,0.45,True,
state-affine-10-03,state,pi_control_scaled,0.0,0.0,True,
state-affine-10-04,state,viability_state,'mixed_signal','mixed_signal',True,intermediate_or_discordant_marker_signals
state-affine-10-04,state,viability_reason,'intermediate_or_discordant_marker_signals','intermediate_or_discordant_marker_signals',True,intermediate_or_discordant_marker_signals
state-affine-10-04,state,calcein_control_scaled,0.45,0.45,True,
state-affine-10-04,state,pi_control_scaled,0.0,0.0,True,
state-affine-10-05,state,viability_state,'mixed_signal','mixed_signal',True,intermediate_or_discordant_marker_signals
state-affine-10-05,state,viability_reason,'intermediate_or_discordant_marker_signals','intermediate_or_discordant_marker_signals',True,intermediate_or_discordant_marker_signals
state-affine-10-05,state,calcein_control_scaled,0.45,0.45,True,
state-affine-10-05,state,pi_control_scaled,0.0,0.0,True,
state-affine-10-06,state,viability_state,'mixed_signal','mixed_signal',True,intermediate_or_discordant_marker_signals
state-affine-10-06,state,viability_reason,'intermediate_or_discordant_marker_signals','intermediate_or_discordant_marker_signals',True,intermediate_or_discordant_marker_signals
state-affine-10-06,state,calcein_control_scaled,0.45,0.45,True,
state-affine-10-06,state,pi_control_scaled,0.15,0.15,True,
state-affine-10-07,state,viability_state,'mixed_signal','mixed_signal',True,intermediate_or_discordant_marker_signals
state-affine-10-07,state,viability_reason,'intermediate_or_discordant_marker_signals','intermediate_or_discordant_marker_signals',True,intermediate_or_discordant_marker_signals
state-affine-10-07,state,calcein_control_scaled,0.45,0.45,True,
state-affine-10-07,state,pi_control_scaled,0.29999999999999993,0.29999999999999993,True,
state-affine-10-08,state,viability_state,'mixed_signal','mixed_signal',True,intermediate_or_discordant_marker_signals
state-affine-10-08,state,viability_reason,'intermediate_or_discordant_marker_signals','intermediate_or_discordant_marker_signals',True,intermediate_or_discordant_marker_signals
state-affine-10-08,state,calcein_control_scaled,0.45,0.45,True,
state-affine-10-08,state,pi_control_scaled,0.3,0.3,True,
state-affine-10-09,state,viability_state,'mixed_signal','mixed_signal',True,intermediate_or_discordant_marker_signals
state-affine-10-09,state,viability_reason,'intermediate_or_discordant_marker_signals','intermediate_or_discordant_marker_signals',True,intermediate_or_discordant_marker_signals
state-affine-10-09,state,calcein_control_scaled,0.45,0.45,True,
state-affine-10-09,state,pi_control_scaled,0.30000000000000004,0.30000000000000004,True,
state-affine-10-10,state,viability_state,'mixed_signal','mixed_signal',True,intermediate_or_discordant_marker_signals
state-affine-10-10,state,viability_reason,'intermediate_or_discordant_marker_signals','intermediate_or_discordant_marker_signals',True,intermediate_or_discordant_marker_signals
state-affine-10-10,state,calcein_control_scaled,0.45,0.45,True,
state-affine-10-10,state,pi_control_scaled,0.45,0.45,True,
state-affine-10-11,state,viability_state,'mixed_signal','mixed_signal',True,intermediate_or_discordant_marker_signals
state-affine-10-11,state,viability_reason,'intermediate_or_discordant_marker_signals','intermediate_or_discordant_marker_signals',True,intermediate_or_discordant_marker_signals
state-affine-10-11,state,calcein_control_scaled,0.45,0.45,True,
state-affine-10-11,state,pi_control_scaled,0.5999999999999999,0.5999999999999999,True,
state-affine-10-12,state,viability_state,'mixed_signal','mixed_signal',True,intermediate_or_discordant_marker_signals
state-affine-10-12,state,viability_reason,'intermediate_or_discordant_marker_signals','intermediate_or_discordant_marker_signals',True,intermediate_or_discordant_marker_signals
state-affine-10-12,state,calcein_control_scaled,0.45,0.45,True,
state-affine-10-12,state,pi_control_scaled,0.6,0.6,True,
state-affine-10-13,state,viability_state,'mixed_signal','mixed_signal',True,intermediate_or_discordant_marker_signals
state-affine-10-13,state,viability_reason,'intermediate_or_discordant_marker_signals','intermediate_or_discordant_marker_signals',True,intermediate_or_discordant_marker_signals
state-affine-10-13,state,calcein_control_scaled,0.45,0.45,True,
state-affine-10-13,state,pi_control_scaled,0.6000000000000001,0.6000000000000001,True,
state-affine-10-14,state,viability_state,'mixed_signal','mixed_signal',True,intermediate_or_discordant_marker_signals
state-affine-10-14,state,viability_reason,'intermediate_or_discordant_marker_signals','intermediate_or_discordant_marker_signals',True,intermediate_or_discordant_marker_signals
state-affine-10-14,state,calcein_control_scaled,0.45,0.45,True,
state-affine-10-14,state,pi_control_scaled,0.8,0.8,True,
state-affine-10-15,state,viability_state,'mixed_signal','mixed_signal',True,intermediate_or_discordant_marker_signals
state-affine-10-15,state,viability_reason,'intermediate_or_discordant_marker_signals','intermediate_or_discordant_marker_signals',True,intermediate_or_discordant_marker_signals
state-affine-10-15,state,calcein_control_scaled,0.45,0.45,True,
state-affine-10-15,state,pi_control_scaled,0.9999999999999999,0.9999999999999999,True,
state-affine-10-16,state,viability_state,'mixed_signal','mixed_signal',True,intermediate_or_discordant_marker_signals
state-affine-10-16,state,viability_reason,'intermediate_or_discordant_marker_signals','intermediate_or_discordant_marker_signals',True,intermediate_or_discordant_marker_signals
state-affine-10-16,state,calcein_control_scaled,0.45,0.45,True,
state-affine-10-16,state,pi_control_scaled,1.0,1.0,True,
state-affine-10-17,state,viability_state,'mixed_signal','mixed_signal',True,intermediate_or_discordant_marker_signals;outside_control_range
state-affine-10-17,state,viability_reason,'intermediate_or_discordant_marker_signals;outside_control_range','intermediate_or_discordant_marker_signals;outside_control_range',True,intermediate_or_discordant_marker_signals;outside_control_range
state-affine-10-17,state,calcein_control_scaled,0.45,0.45,True,
state-affine-10-17,state,pi_control_scaled,1.0000000000000002,1.0000000000000002,True,
state-affine-10-18,state,viability_state,'mixed_signal','mixed_signal',True,intermediate_or_discordant_marker_signals;outside_control_range
state-affine-10-18,state,viability_reason,'intermediate_or_discordant_marker_signals;outside_control_range','intermediate_or_discordant_marker_signals;outside_control_range',True,intermediate_or_discordant_marker_signals;outside_control_range
state-affine-10-18,state,calcein_control_scaled,0.45,0.45,True,
state-affine-10-18,state,pi_control_scaled,1.5,1.5,True,
state-affine-10-19,state,viability_state,'mixed_signal','mixed_signal',True,intermediate_or_discordant_marker_signals;outside_control_range
state-affine-10-19,state,viability_reason,'intermediate_or_discordant_marker_signals;outside_control_range','intermediate_or_discordant_marker_signals;outside_control_range',True,intermediate_or_discordant_marker_signals;outside_control_range
state-affine-10-19,state,calcein_control_scaled,0.45,0.45,True,
state-affine-10-19,state,pi_control_scaled,7.0,7.0,True,
state-affine-10-20,state,viability_state,'indeterminate','indeterminate',True,nonfinite_scaled_signal
state-affine-10-20,state,viability_reason,'nonfinite_scaled_signal','nonfinite_scaled_signal',True,nonfinite_scaled_signal
state-affine-10-20,state,calcein_control_scaled,0.45,0.45,True,
state-affine-10-20,state,pi_control_scaled,inf,inf,True,
state-affine-10-21,state,viability_state,'indeterminate','indeterminate',True,nonfinite_scaled_signal
state-affine-10-21,state,viability_reason,'nonfinite_scaled_signal','nonfinite_scaled_signal',True,nonfinite_scaled_signal
state-affine-10-21,state,calcein_control_scaled,0.45,0.45,True,
state-affine-10-21,state,pi_control_scaled,nan,nan,True,
state-affine-11-00,state,viability_state,'indeterminate','indeterminate',True,nonfinite_scaled_signal
state-affine-11-00,state,viability_reason,'nonfinite_scaled_signal','nonfinite_scaled_signal',True,nonfinite_scaled_signal
state-affine-11-00,state,calcein_control_scaled,0.5999999999999999,0.5999999999999999,True,
state-affine-11-00,state,pi_control_scaled,-inf,-inf,True,
state-affine-11-01,state,viability_state,'mixed_signal','mixed_signal',True,intermediate_or_discordant_marker_signals;outside_control_range
state-affine-11-01,state,viability_reason,'intermediate_or_discordant_marker_signals;outside_control_range','intermediate_or_discordant_marker_signals;outside_control_range',True,intermediate_or_discordant_marker_signals;outside_control_range
state-affine-11-01,state,calcein_control_scaled,0.5999999999999999,0.5999999999999999,True,
state-affine-11-01,state,pi_control_scaled,-5.0,-5.0,True,
state-affine-11-02,state,viability_state,'mixed_signal','mixed_signal',True,intermediate_or_discordant_marker_signals;outside_control_range
state-affine-11-02,state,viability_reason,'intermediate_or_discordant_marker_signals;outside_control_range','intermediate_or_discordant_marker_signals;outside_control_range',True,intermediate_or_discordant_marker_signals;outside_control_range
state-affine-11-02,state,calcein_control_scaled,0.5999999999999999,0.5999999999999999,True,
state-affine-11-02,state,pi_control_scaled,-0.5,-0.5,True,
state-affine-11-03,state,viability_state,'mixed_signal','mixed_signal',True,intermediate_or_discordant_marker_signals
state-affine-11-03,state,viability_reason,'intermediate_or_discordant_marker_signals','intermediate_or_discordant_marker_signals',True,intermediate_or_discordant_marker_signals
state-affine-11-03,state,calcein_control_scaled,0.5999999999999999,0.5999999999999999,True,
state-affine-11-03,state,pi_control_scaled,0.0,0.0,True,
state-affine-11-04,state,viability_state,'mixed_signal','mixed_signal',True,intermediate_or_discordant_marker_signals
state-affine-11-04,state,viability_reason,'intermediate_or_discordant_marker_signals','intermediate_or_discordant_marker_signals',True,intermediate_or_discordant_marker_signals
state-affine-11-04,state,calcein_control_scaled,0.5999999999999999,0.5999999999999999,True,
state-affine-11-04,state,pi_control_scaled,0.0,0.0,True,
state-affine-11-05,state,viability_state,'mixed_signal','mixed_signal',True,intermediate_or_discordant_marker_signals
state-affine-11-05,state,viability_reason,'intermediate_or_discordant_marker_signals','intermediate_or_discordant_marker_signals',True,intermediate_or_discordant_marker_signals
state-affine-11-05,state,calcein_control_scaled,0.5999999999999999,0.5999999999999999,True,
state-affine-11-05,state,pi_control_scaled,0.0,0.0,True,
state-affine-11-06,state,viability_state,'mixed_signal','mixed_signal',True,intermediate_or_discordant_marker_signals
state-affine-11-06,state,viability_reason,'intermediate_or_discordant_marker_signals','intermediate_or_discordant_marker_signals',True,intermediate_or_discordant_marker_signals
state-affine-11-06,state,calcein_control_scaled,0.5999999999999999,0.5999999999999999,True,
state-affine-11-06,state,pi_control_scaled,0.15,0.15,True,
state-affine-11-07,state,viability_state,'mixed_signal','mixed_signal',True,intermediate_or_discordant_marker_signals
state-affine-11-07,state,viability_reason,'intermediate_or_discordant_marker_signals','intermediate_or_discordant_marker_signals',True,intermediate_or_discordant_marker_signals
state-affine-11-07,state,calcein_control_scaled,0.5999999999999999,0.5999999999999999,True,
state-affine-11-07,state,pi_control_scaled,0.29999999999999993,0.29999999999999993,True,
state-affine-11-08,state,viability_state,'mixed_signal','mixed_signal',True,intermediate_or_discordant_marker_signals
state-affine-11-08,state,viability_reason,'intermediate_or_discordant_marker_signals','intermediate_or_discordant_marker_signals',True,intermediate_or_discordant_marker_signals
state-affine-11-08,state,calcein_control_scaled,0.5999999999999999,0.5999999999999999,True,
state-affine-11-08,state,pi_control_scaled,0.3,0.3,True,
state-affine-11-09,state,viability_state,'mixed_signal','mixed_signal',True,intermediate_or_discordant_marker_signals
state-affine-11-09,state,viability_reason,'intermediate_or_discordant_marker_signals','intermediate_or_discordant_marker_signals',True,intermediate_or_discordant_marker_signals
state-affine-11-09,state,calcein_control_scaled,0.5999999999999999,0.5999999999999999,True,
state-affine-11-09,state,pi_control_scaled,0.30000000000000004,0.30000000000000004,True,
state-affine-11-10,state,viability_state,'mixed_signal','mixed_signal',True,intermediate_or_discordant_marker_signals
state-affine-11-10,state,viability_reason,'intermediate_or_discordant_marker_signals','intermediate_or_discordant_marker_signals',True,intermediate_or_discordant_marker_signals
state-affine-11-10,state,calcein_control_scaled,0.5999999999999999,0.5999999999999999,True,
state-affine-11-10,state,pi_control_scaled,0.45,0.45,True,
state-affine-11-11,state,viability_state,'mixed_signal','mixed_signal',True,intermediate_or_discordant_marker_signals
state-affine-11-11,state,viability_reason,'intermediate_or_discordant_marker_signals','intermediate_or_discordant_marker_signals',True,intermediate_or_discordant_marker_signals
state-affine-11-11,state,calcein_control_scaled,0.5999999999999999,0.5999999999999999,True,
state-affine-11-11,state,pi_control_scaled,0.5999999999999999,0.5999999999999999,True,
state-affine-11-12,state,viability_state,'mixed_signal','mixed_signal',True,intermediate_or_discordant_marker_signals
state-affine-11-12,state,viability_reason,'intermediate_or_discordant_marker_signals','intermediate_or_discordant_marker_signals',True,intermediate_or_discordant_marker_signals
state-affine-11-12,state,calcein_control_scaled,0.5999999999999999,0.5999999999999999,True,
state-affine-11-12,state,pi_control_scaled,0.6,0.6,True,
state-affine-11-13,state,viability_state,'mixed_signal','mixed_signal',True,intermediate_or_discordant_marker_signals
state-affine-11-13,state,viability_reason,'intermediate_or_discordant_marker_signals','intermediate_or_discordant_marker_signals',True,intermediate_or_discordant_marker_signals
state-affine-11-13,state,calcein_control_scaled,0.5999999999999999,0.5999999999999999,True,
state-affine-11-13,state,pi_control_scaled,0.6000000000000001,0.6000000000000001,True,
state-affine-11-14,state,viability_state,'mixed_signal','mixed_signal',True,intermediate_or_discordant_marker_signals
state-affine-11-14,state,viability_reason,'intermediate_or_discordant_marker_signals','intermediate_or_discordant_marker_signals',True,intermediate_or_discordant_marker_signals
state-affine-11-14,state,calcein_control_scaled,0.5999999999999999,0.5999999999999999,True,
state-affine-11-14,state,pi_control_scaled,0.8,0.8,True,
state-affine-11-15,state,viability_state,'mixed_signal','mixed_signal',True,intermediate_or_discordant_marker_signals
state-affine-11-15,state,viability_reason,'intermediate_or_discordant_marker_signals','intermediate_or_discordant_marker_signals',True,intermediate_or_discordant_marker_signals
state-affine-11-15,state,calcein_control_scaled,0.5999999999999999,0.5999999999999999,True,
state-affine-11-15,state,pi_control_scaled,0.9999999999999999,0.9999999999999999,True,
state-affine-11-16,state,viability_state,'mixed_signal','mixed_signal',True,intermediate_or_discordant_marker_signals
state-affine-11-16,state,viability_reason,'intermediate_or_discordant_marker_signals','intermediate_or_discordant_marker_signals',True,intermediate_or_discordant_marker_signals
state-affine-11-16,state,calcein_control_scaled,0.5999999999999999,0.5999999999999999,True,
state-affine-11-16,state,pi_control_scaled,1.0,1.0,True,
state-affine-11-17,state,viability_state,'mixed_signal','mixed_signal',True,intermediate_or_discordant_marker_signals;outside_control_range
state-affine-11-17,state,viability_reason,'intermediate_or_discordant_marker_signals;outside_control_range','intermediate_or_discordant_marker_signals;outside_control_range',True,intermediate_or_discordant_marker_signals;outside_control_range
state-affine-11-17,state,calcein_control_scaled,0.5999999999999999,0.5999999999999999,True,
state-affine-11-17,state,pi_control_scaled,1.0000000000000002,1.0000000000000002,True,
state-affine-11-18,state,viability_state,'mixed_signal','mixed_signal',True,intermediate_or_discordant_marker_signals;outside_control_range
state-affine-11-18,state,viability_reason,'intermediate_or_discordant_marker_signals;outside_control_range','intermediate_or_discordant_marker_signals;outside_control_range',True,intermediate_or_discordant_marker_signals;outside_control_range
state-affine-11-18,state,calcein_control_scaled,0.5999999999999999,0.5999999999999999,True,
state-affine-11-18,state,pi_control_scaled,1.5,1.5,True,
state-affine-11-19,state,viability_state,'mixed_signal','mixed_signal',True,intermediate_or_discordant_marker_signals;outside_control_range
state-affine-11-19,state,viability_reason,'intermediate_or_discordant_marker_signals;outside_control_range','intermediate_or_discordant_marker_signals;outside_control_range',True,intermediate_or_discordant_marker_signals;outside_control_range
state-affine-11-19,state,calcein_control_scaled,0.5999999999999999,0.5999999999999999,True,
state-affine-11-19,state,pi_control_scaled,7.0,7.0,True,
state-affine-11-20,state,viability_state,'indeterminate','indeterminate',True,nonfinite_scaled_signal
state-affine-11-20,state,viability_reason,'nonfinite_scaled_signal','nonfinite_scaled_signal',True,nonfinite_scaled_signal
state-affine-11-20,state,calcein_control_scaled,0.5999999999999999,0.5999999999999999,True,
state-affine-11-20,state,pi_control_scaled,inf,inf,True,
state-affine-11-21,state,viability_state,'indeterminate','indeterminate',True,nonfinite_scaled_signal
state-affine-11-21,state,viability_reason,'nonfinite_scaled_signal','nonfinite_scaled_signal',True,nonfinite_scaled_signal
state-affine-11-21,state,calcein_control_scaled,0.5999999999999999,0.5999999999999999,True,
state-affine-11-21,state,pi_control_scaled,nan,nan,True,
state-affine-12-00,state,viability_state,'indeterminate','indeterminate',True,nonfinite_scaled_signal
state-affine-12-00,state,viability_reason,'nonfinite_scaled_signal','nonfinite_scaled_signal',True,nonfinite_scaled_signal
state-affine-12-00,state,calcein_control_scaled,0.6,0.6,True,
state-affine-12-00,state,pi_control_scaled,-inf,-inf,True,
state-affine-12-01,state,viability_state,'viable_like','viable_like',True,high_calcein_low_PI;outside_control_range
state-affine-12-01,state,viability_reason,'high_calcein_low_PI;outside_control_range','high_calcein_low_PI;outside_control_range',True,high_calcein_low_PI;outside_control_range
state-affine-12-01,state,calcein_control_scaled,0.6,0.6,True,
state-affine-12-01,state,pi_control_scaled,-5.0,-5.0,True,
state-affine-12-02,state,viability_state,'viable_like','viable_like',True,high_calcein_low_PI;outside_control_range
state-affine-12-02,state,viability_reason,'high_calcein_low_PI;outside_control_range','high_calcein_low_PI;outside_control_range',True,high_calcein_low_PI;outside_control_range
state-affine-12-02,state,calcein_control_scaled,0.6,0.6,True,
state-affine-12-02,state,pi_control_scaled,-0.5,-0.5,True,
state-affine-12-03,state,viability_state,'viable_like','viable_like',True,high_calcein_low_PI
state-affine-12-03,state,viability_reason,'high_calcein_low_PI','high_calcein_low_PI',True,high_calcein_low_PI
state-affine-12-03,state,calcein_control_scaled,0.6,0.6,True,
state-affine-12-03,state,pi_control_scaled,0.0,0.0,True,
state-affine-12-04,state,viability_state,'viable_like','viable_like',True,high_calcein_low_PI
state-affine-12-04,state,viability_reason,'high_calcein_low_PI','high_calcein_low_PI',True,high_calcein_low_PI
state-affine-12-04,state,calcein_control_scaled,0.6,0.6,True,
state-affine-12-04,state,pi_control_scaled,0.0,0.0,True,
state-affine-12-05,state,viability_state,'viable_like','viable_like',True,high_calcein_low_PI
state-affine-12-05,state,viability_reason,'high_calcein_low_PI','high_calcein_low_PI',True,high_calcein_low_PI
state-affine-12-05,state,calcein_control_scaled,0.6,0.6,True,
state-affine-12-05,state,pi_control_scaled,0.0,0.0,True,
state-affine-12-06,state,viability_state,'viable_like','viable_like',True,high_calcein_low_PI
state-affine-12-06,state,viability_reason,'high_calcein_low_PI','high_calcein_low_PI',True,high_calcein_low_PI
state-affine-12-06,state,calcein_control_scaled,0.6,0.6,True,
state-affine-12-06,state,pi_control_scaled,0.15,0.15,True,
state-affine-12-07,state,viability_state,'viable_like','viable_like',True,high_calcein_low_PI
state-affine-12-07,state,viability_reason,'high_calcein_low_PI','high_calcein_low_PI',True,high_calcein_low_PI
state-affine-12-07,state,calcein_control_scaled,0.6,0.6,True,
state-affine-12-07,state,pi_control_scaled,0.29999999999999993,0.29999999999999993,True,
state-affine-12-08,state,viability_state,'viable_like','viable_like',True,high_calcein_low_PI
state-affine-12-08,state,viability_reason,'high_calcein_low_PI','high_calcein_low_PI',True,high_calcein_low_PI
state-affine-12-08,state,calcein_control_scaled,0.6,0.6,True,
state-affine-12-08,state,pi_control_scaled,0.3,0.3,True,
state-affine-12-09,state,viability_state,'mixed_signal','mixed_signal',True,intermediate_or_discordant_marker_signals
state-affine-12-09,state,viability_reason,'intermediate_or_discordant_marker_signals','intermediate_or_discordant_marker_signals',True,intermediate_or_discordant_marker_signals
state-affine-12-09,state,calcein_control_scaled,0.6,0.6,True,
state-affine-12-09,state,pi_control_scaled,0.30000000000000004,0.30000000000000004,True,
state-affine-12-10,state,viability_state,'mixed_signal','mixed_signal',True,intermediate_or_discordant_marker_signals
state-affine-12-10,state,viability_reason,'intermediate_or_discordant_marker_signals','intermediate_or_discordant_marker_signals',True,intermediate_or_discordant_marker_signals
state-affine-12-10,state,calcein_control_scaled,0.6,0.6,True,
state-affine-12-10,state,pi_control_scaled,0.45,0.45,True,
state-affine-12-11,state,viability_state,'mixed_signal','mixed_signal',True,intermediate_or_discordant_marker_signals
state-affine-12-11,state,viability_reason,'intermediate_or_discordant_marker_signals','intermediate_or_discordant_marker_signals',True,intermediate_or_discordant_marker_signals
state-affine-12-11,state,calcein_control_scaled,0.6,0.6,True,
state-affine-12-11,state,pi_control_scaled,0.5999999999999999,0.5999999999999999,True,
state-affine-12-12,state,viability_state,'mixed_signal','mixed_signal',True,intermediate_or_discordant_marker_signals
state-affine-12-12,state,viability_reason,'intermediate_or_discordant_marker_signals','intermediate_or_discordant_marker_signals',True,intermediate_or_discordant_marker_signals
state-affine-12-12,state,calcein_control_scaled,0.6,0.6,True,
state-affine-12-12,state,pi_control_scaled,0.6,0.6,True,
state-affine-12-13,state,viability_state,'mixed_signal','mixed_signal',True,intermediate_or_discordant_marker_signals
state-affine-12-13,state,viability_reason,'intermediate_or_discordant_marker_signals','intermediate_or_discordant_marker_signals',True,intermediate_or_discordant_marker_signals
state-affine-12-13,state,calcein_control_scaled,0.6,0.6,True,
state-affine-12-13,state,pi_control_scaled,0.6000000000000001,0.6000000000000001,True,
state-affine-12-14,state,viability_state,'mixed_signal','mixed_signal',True,intermediate_or_discordant_marker_signals
state-affine-12-14,state,viability_reason,'intermediate_or_discordant_marker_signals','intermediate_or_discordant_marker_signals',True,intermediate_or_discordant_marker_signals
state-affine-12-14,state,calcein_control_scaled,0.6,0.6,True,
state-affine-12-14,state,pi_control_scaled,0.8,0.8,True,
state-affine-12-15,state,viability_state,'mixed_signal','mixed_signal',True,intermediate_or_discordant_marker_signals
state-affine-12-15,state,viability_reason,'intermediate_or_discordant_marker_signals','intermediate_or_discordant_marker_signals',True,intermediate_or_discordant_marker_signals
state-affine-12-15,state,calcein_control_scaled,0.6,0.6,True,
state-affine-12-15,state,pi_control_scaled,0.9999999999999999,0.9999999999999999,True,
state-affine-12-16,state,viability_state,'mixed_signal','mixed_signal',True,intermediate_or_discordant_marker_signals
state-affine-12-16,state,viability_reason,'intermediate_or_discordant_marker_signals','intermediate_or_discordant_marker_signals',True,intermediate_or_discordant_marker_signals
state-affine-12-16,state,calcein_control_scaled,0.6,0.6,True,
state-affine-12-16,state,pi_control_scaled,1.0,1.0,True,
state-affine-12-17,state,viability_state,'mixed_signal','mixed_signal',True,intermediate_or_discordant_marker_signals;outside_control_range
state-affine-12-17,state,viability_reason,'intermediate_or_discordant_marker_signals;outside_control_range','intermediate_or_discordant_marker_signals;outside_control_range',True,intermediate_or_discordant_marker_signals;outside_control_range
state-affine-12-17,state,calcein_control_scaled,0.6,0.6,True,
state-affine-12-17,state,pi_control_scaled,1.0000000000000002,1.0000000000000002,True,
state-affine-12-18,state,viability_state,'mixed_signal','mixed_signal',True,intermediate_or_discordant_marker_signals;outside_control_range
state-affine-12-18,state,viability_reason,'intermediate_or_discordant_marker_signals;outside_control_range','intermediate_or_discordant_marker_signals;outside_control_range',True,intermediate_or_discordant_marker_signals;outside_control_range
state-affine-12-18,state,calcein_control_scaled,0.6,0.6,True,
state-affine-12-18,state,pi_control_scaled,1.5,1.5,True,
state-affine-12-19,state,viability_state,'mixed_signal','mixed_signal',True,intermediate_or_discordant_marker_signals;outside_control_range
state-affine-12-19,state,viability_reason,'intermediate_or_discordant_marker_signals;outside_control_range','intermediate_or_discordant_marker_signals;outside_control_range',True,intermediate_or_discordant_marker_signals;outside_control_range
state-affine-12-19,state,calcein_control_scaled,0.6,0.6,True,
state-affine-12-19,state,pi_control_scaled,7.0,7.0,True,
state-affine-12-20,state,viability_state,'indeterminate','indeterminate',True,nonfinite_scaled_signal
state-affine-12-20,state,viability_reason,'nonfinite_scaled_signal','nonfinite_scaled_signal',True,nonfinite_scaled_signal
state-affine-12-20,state,calcein_control_scaled,0.6,0.6,True,
state-affine-12-20,state,pi_control_scaled,inf,inf,True,
state-affine-12-21,state,viability_state,'indeterminate','indeterminate',True,nonfinite_scaled_signal
state-affine-12-21,state,viability_reason,'nonfinite_scaled_signal','nonfinite_scaled_signal',True,nonfinite_scaled_signal
state-affine-12-21,state,calcein_control_scaled,0.6,0.6,True,
state-affine-12-21,state,pi_control_scaled,nan,nan,True,
state-affine-13-00,state,viability_state,'indeterminate','indeterminate',True,nonfinite_scaled_signal
state-affine-13-00,state,viability_reason,'nonfinite_scaled_signal','nonfinite_scaled_signal',True,nonfinite_scaled_signal
state-affine-13-00,state,calcein_control_scaled,0.6000000000000001,0.6000000000000001,True,
state-affine-13-00,state,pi_control_scaled,-inf,-inf,True,
state-affine-13-01,state,viability_state,'viable_like','viable_like',True,high_calcein_low_PI;outside_control_range
state-affine-13-01,state,viability_reason,'high_calcein_low_PI;outside_control_range','high_calcein_low_PI;outside_control_range',True,high_calcein_low_PI;outside_control_range
state-affine-13-01,state,calcein_control_scaled,0.6000000000000001,0.6000000000000001,True,
state-affine-13-01,state,pi_control_scaled,-5.0,-5.0,True,
state-affine-13-02,state,viability_state,'viable_like','viable_like',True,high_calcein_low_PI;outside_control_range
state-affine-13-02,state,viability_reason,'high_calcein_low_PI;outside_control_range','high_calcein_low_PI;outside_control_range',True,high_calcein_low_PI;outside_control_range
state-affine-13-02,state,calcein_control_scaled,0.6000000000000001,0.6000000000000001,True,
state-affine-13-02,state,pi_control_scaled,-0.5,-0.5,True,
state-affine-13-03,state,viability_state,'viable_like','viable_like',True,high_calcein_low_PI
state-affine-13-03,state,viability_reason,'high_calcein_low_PI','high_calcein_low_PI',True,high_calcein_low_PI
state-affine-13-03,state,calcein_control_scaled,0.6000000000000001,0.6000000000000001,True,
state-affine-13-03,state,pi_control_scaled,0.0,0.0,True,
state-affine-13-04,state,viability_state,'viable_like','viable_like',True,high_calcein_low_PI
state-affine-13-04,state,viability_reason,'high_calcein_low_PI','high_calcein_low_PI',True,high_calcein_low_PI
state-affine-13-04,state,calcein_control_scaled,0.6000000000000001,0.6000000000000001,True,
state-affine-13-04,state,pi_control_scaled,0.0,0.0,True,
state-affine-13-05,state,viability_state,'viable_like','viable_like',True,high_calcein_low_PI
state-affine-13-05,state,viability_reason,'high_calcein_low_PI','high_calcein_low_PI',True,high_calcein_low_PI
state-affine-13-05,state,calcein_control_scaled,0.6000000000000001,0.6000000000000001,True,
state-affine-13-05,state,pi_control_scaled,0.0,0.0,True,
state-affine-13-06,state,viability_state,'viable_like','viable_like',True,high_calcein_low_PI
state-affine-13-06,state,viability_reason,'high_calcein_low_PI','high_calcein_low_PI',True,high_calcein_low_PI
state-affine-13-06,state,calcein_control_scaled,0.6000000000000001,0.6000000000000001,True,
state-affine-13-06,state,pi_control_scaled,0.15,0.15,True,
state-affine-13-07,state,viability_state,'viable_like','viable_like',True,high_calcein_low_PI
state-affine-13-07,state,viability_reason,'high_calcein_low_PI','high_calcein_low_PI',True,high_calcein_low_PI
state-affine-13-07,state,calcein_control_scaled,0.6000000000000001,0.6000000000000001,True,
state-affine-13-07,state,pi_control_scaled,0.29999999999999993,0.29999999999999993,True,
state-affine-13-08,state,viability_state,'viable_like','viable_like',True,high_calcein_low_PI
state-affine-13-08,state,viability_reason,'high_calcein_low_PI','high_calcein_low_PI',True,high_calcein_low_PI
state-affine-13-08,state,calcein_control_scaled,0.6000000000000001,0.6000000000000001,True,
state-affine-13-08,state,pi_control_scaled,0.3,0.3,True,
state-affine-13-09,state,viability_state,'mixed_signal','mixed_signal',True,intermediate_or_discordant_marker_signals
state-affine-13-09,state,viability_reason,'intermediate_or_discordant_marker_signals','intermediate_or_discordant_marker_signals',True,intermediate_or_discordant_marker_signals
state-affine-13-09,state,calcein_control_scaled,0.6000000000000001,0.6000000000000001,True,
state-affine-13-09,state,pi_control_scaled,0.30000000000000004,0.30000000000000004,True,
state-affine-13-10,state,viability_state,'mixed_signal','mixed_signal',True,intermediate_or_discordant_marker_signals
state-affine-13-10,state,viability_reason,'intermediate_or_discordant_marker_signals','intermediate_or_discordant_marker_signals',True,intermediate_or_discordant_marker_signals
state-affine-13-10,state,calcein_control_scaled,0.6000000000000001,0.6000000000000001,True,
state-affine-13-10,state,pi_control_scaled,0.45,0.45,True,
state-affine-13-11,state,viability_state,'mixed_signal','mixed_signal',True,intermediate_or_discordant_marker_signals
state-affine-13-11,state,viability_reason,'intermediate_or_discordant_marker_signals','intermediate_or_discordant_marker_signals',True,intermediate_or_discordant_marker_signals
state-affine-13-11,state,calcein_control_scaled,0.6000000000000001,0.6000000000000001,True,
state-affine-13-11,state,pi_control_scaled,0.5999999999999999,0.5999999999999999,True,
state-affine-13-12,state,viability_state,'mixed_signal','mixed_signal',True,intermediate_or_discordant_marker_signals
state-affine-13-12,state,viability_reason,'intermediate_or_discordant_marker_signals','intermediate_or_discordant_marker_signals',True,intermediate_or_discordant_marker_signals
state-affine-13-12,state,calcein_control_scaled,0.6000000000000001,0.6000000000000001,True,
state-affine-13-12,state,pi_control_scaled,0.6,0.6,True,
state-affine-13-13,state,viability_state,'mixed_signal','mixed_signal',True,intermediate_or_discordant_marker_signals
state-affine-13-13,state,viability_reason,'intermediate_or_discordant_marker_signals','intermediate_or_discordant_marker_signals',True,intermediate_or_discordant_marker_signals
state-affine-13-13,state,calcein_control_scaled,0.6000000000000001,0.6000000000000001,True,
state-affine-13-13,state,pi_control_scaled,0.6000000000000001,0.6000000000000001,True,
state-affine-13-14,state,viability_state,'mixed_signal','mixed_signal',True,intermediate_or_discordant_marker_signals
state-affine-13-14,state,viability_reason,'intermediate_or_discordant_marker_signals','intermediate_or_discordant_marker_signals',True,intermediate_or_discordant_marker_signals
state-affine-13-14,state,calcein_control_scaled,0.6000000000000001,0.6000000000000001,True,
state-affine-13-14,state,pi_control_scaled,0.8,0.8,True,
state-affine-13-15,state,viability_state,'mixed_signal','mixed_signal',True,intermediate_or_discordant_marker_signals
state-affine-13-15,state,viability_reason,'intermediate_or_discordant_marker_signals','intermediate_or_discordant_marker_signals',True,intermediate_or_discordant_marker_signals
state-affine-13-15,state,calcein_control_scaled,0.6000000000000001,0.6000000000000001,True,
state-affine-13-15,state,pi_control_scaled,0.9999999999999999,0.9999999999999999,True,
state-affine-13-16,state,viability_state,'mixed_signal','mixed_signal',True,intermediate_or_discordant_marker_signals
state-affine-13-16,state,viability_reason,'intermediate_or_discordant_marker_signals','intermediate_or_discordant_marker_signals',True,intermediate_or_discordant_marker_signals
state-affine-13-16,state,calcein_control_scaled,0.6000000000000001,0.6000000000000001,True,
state-affine-13-16,state,pi_control_scaled,1.0,1.0,True,
state-affine-13-17,state,viability_state,'mixed_signal','mixed_signal',True,intermediate_or_discordant_marker_signals;outside_control_range
state-affine-13-17,state,viability_reason,'intermediate_or_discordant_marker_signals;outside_control_range','intermediate_or_discordant_marker_signals;outside_control_range',True,intermediate_or_discordant_marker_signals;outside_control_range
state-affine-13-17,state,calcein_control_scaled,0.6000000000000001,0.6000000000000001,True,
state-affine-13-17,state,pi_control_scaled,1.0000000000000002,1.0000000000000002,True,
state-affine-13-18,state,viability_state,'mixed_signal','mixed_signal',True,intermediate_or_discordant_marker_signals;outside_control_range
state-affine-13-18,state,viability_reason,'intermediate_or_discordant_marker_signals;outside_control_range','intermediate_or_discordant_marker_signals;outside_control_range',True,intermediate_or_discordant_marker_signals;outside_control_range
state-affine-13-18,state,calcein_control_scaled,0.6000000000000001,0.6000000000000001,True,
state-affine-13-18,state,pi_control_scaled,1.5,1.5,True,
state-affine-13-19,state,viability_state,'mixed_signal','mixed_signal',True,intermediate_or_discordant_marker_signals;outside_control_range
state-affine-13-19,state,viability_reason,'intermediate_or_discordant_marker_signals;outside_control_range','intermediate_or_discordant_marker_signals;outside_control_range',True,intermediate_or_discordant_marker_signals;outside_control_range
state-affine-13-19,state,calcein_control_scaled,0.6000000000000001,0.6000000000000001,True,
state-affine-13-19,state,pi_control_scaled,7.0,7.0,True,
state-affine-13-20,state,viability_state,'indeterminate','indeterminate',True,nonfinite_scaled_signal
state-affine-13-20,state,viability_reason,'nonfinite_scaled_signal','nonfinite_scaled_signal',True,nonfinite_scaled_signal
state-affine-13-20,state,calcein_control_scaled,0.6000000000000001,0.6000000000000001,True,
state-affine-13-20,state,pi_control_scaled,inf,inf,True,
state-affine-13-21,state,viability_state,'indeterminate','indeterminate',True,nonfinite_scaled_signal
state-affine-13-21,state,viability_reason,'nonfinite_scaled_signal','nonfinite_scaled_signal',True,nonfinite_scaled_signal
state-affine-13-21,state,calcein_control_scaled,0.6000000000000001,0.6000000000000001,True,
state-affine-13-21,state,pi_control_scaled,nan,nan,True,
state-affine-14-00,state,viability_state,'indeterminate','indeterminate',True,nonfinite_scaled_signal
state-affine-14-00,state,viability_reason,'nonfinite_scaled_signal','nonfinite_scaled_signal',True,nonfinite_scaled_signal
state-affine-14-00,state,calcein_control_scaled,0.8,0.8,True,
state-affine-14-00,state,pi_control_scaled,-inf,-inf,True,
state-affine-14-01,state,viability_state,'viable_like','viable_like',True,high_calcein_low_PI;outside_control_range
state-affine-14-01,state,viability_reason,'high_calcein_low_PI;outside_control_range','high_calcein_low_PI;outside_control_range',True,high_calcein_low_PI;outside_control_range
state-affine-14-01,state,calcein_control_scaled,0.8,0.8,True,
state-affine-14-01,state,pi_control_scaled,-5.0,-5.0,True,
state-affine-14-02,state,viability_state,'viable_like','viable_like',True,high_calcein_low_PI;outside_control_range
state-affine-14-02,state,viability_reason,'high_calcein_low_PI;outside_control_range','high_calcein_low_PI;outside_control_range',True,high_calcein_low_PI;outside_control_range
state-affine-14-02,state,calcein_control_scaled,0.8,0.8,True,
state-affine-14-02,state,pi_control_scaled,-0.5,-0.5,True,
state-affine-14-03,state,viability_state,'viable_like','viable_like',True,high_calcein_low_PI
state-affine-14-03,state,viability_reason,'high_calcein_low_PI','high_calcein_low_PI',True,high_calcein_low_PI
state-affine-14-03,state,calcein_control_scaled,0.8,0.8,True,
state-affine-14-03,state,pi_control_scaled,0.0,0.0,True,
state-affine-14-04,state,viability_state,'viable_like','viable_like',True,high_calcein_low_PI
state-affine-14-04,state,viability_reason,'high_calcein_low_PI','high_calcein_low_PI',True,high_calcein_low_PI
state-affine-14-04,state,calcein_control_scaled,0.8,0.8,True,
state-affine-14-04,state,pi_control_scaled,0.0,0.0,True,
state-affine-14-05,state,viability_state,'viable_like','viable_like',True,high_calcein_low_PI
state-affine-14-05,state,viability_reason,'high_calcein_low_PI','high_calcein_low_PI',True,high_calcein_low_PI
state-affine-14-05,state,calcein_control_scaled,0.8,0.8,True,
state-affine-14-05,state,pi_control_scaled,0.0,0.0,True,
state-affine-14-06,state,viability_state,'viable_like','viable_like',True,high_calcein_low_PI
state-affine-14-06,state,viability_reason,'high_calcein_low_PI','high_calcein_low_PI',True,high_calcein_low_PI
state-affine-14-06,state,calcein_control_scaled,0.8,0.8,True,
state-affine-14-06,state,pi_control_scaled,0.15,0.15,True,
state-affine-14-07,state,viability_state,'viable_like','viable_like',True,high_calcein_low_PI
state-affine-14-07,state,viability_reason,'high_calcein_low_PI','high_calcein_low_PI',True,high_calcein_low_PI
state-affine-14-07,state,calcein_control_scaled,0.8,0.8,True,
state-affine-14-07,state,pi_control_scaled,0.29999999999999993,0.29999999999999993,True,
state-affine-14-08,state,viability_state,'viable_like','viable_like',True,high_calcein_low_PI
state-affine-14-08,state,viability_reason,'high_calcein_low_PI','high_calcein_low_PI',True,high_calcein_low_PI
state-affine-14-08,state,calcein_control_scaled,0.8,0.8,True,
state-affine-14-08,state,pi_control_scaled,0.3,0.3,True,
state-affine-14-09,state,viability_state,'mixed_signal','mixed_signal',True,intermediate_or_discordant_marker_signals
state-affine-14-09,state,viability_reason,'intermediate_or_discordant_marker_signals','intermediate_or_discordant_marker_signals',True,intermediate_or_discordant_marker_signals
state-affine-14-09,state,calcein_control_scaled,0.8,0.8,True,
state-affine-14-09,state,pi_control_scaled,0.30000000000000004,0.30000000000000004,True,
state-affine-14-10,state,viability_state,'mixed_signal','mixed_signal',True,intermediate_or_discordant_marker_signals
state-affine-14-10,state,viability_reason,'intermediate_or_discordant_marker_signals','intermediate_or_discordant_marker_signals',True,intermediate_or_discordant_marker_signals
state-affine-14-10,state,calcein_control_scaled,0.8,0.8,True,
state-affine-14-10,state,pi_control_scaled,0.45,0.45,True,
state-affine-14-11,state,viability_state,'mixed_signal','mixed_signal',True,intermediate_or_discordant_marker_signals
state-affine-14-11,state,viability_reason,'intermediate_or_discordant_marker_signals','intermediate_or_discordant_marker_signals',True,intermediate_or_discordant_marker_signals
state-affine-14-11,state,calcein_control_scaled,0.8,0.8,True,
state-affine-14-11,state,pi_control_scaled,0.5999999999999999,0.5999999999999999,True,
state-affine-14-12,state,viability_state,'mixed_signal','mixed_signal',True,intermediate_or_discordant_marker_signals
state-affine-14-12,state,viability_reason,'intermediate_or_discordant_marker_signals','intermediate_or_discordant_marker_signals',True,intermediate_or_discordant_marker_signals
state-affine-14-12,state,calcein_control_scaled,0.8,0.8,True,
state-affine-14-12,state,pi_control_scaled,0.6,0.6,True,
state-affine-14-13,state,viability_state,'mixed_signal','mixed_signal',True,intermediate_or_discordant_marker_signals
state-affine-14-13,state,viability_reason,'intermediate_or_discordant_marker_signals','intermediate_or_discordant_marker_signals',True,intermediate_or_discordant_marker_signals
state-affine-14-13,state,calcein_control_scaled,0.8,0.8,True,
state-affine-14-13,state,pi_control_scaled,0.6000000000000001,0.6000000000000001,True,
state-affine-14-14,state,viability_state,'mixed_signal','mixed_signal',True,intermediate_or_discordant_marker_signals
state-affine-14-14,state,viability_reason,'intermediate_or_discordant_marker_signals','intermediate_or_discordant_marker_signals',True,intermediate_or_discordant_marker_signals
state-affine-14-14,state,calcein_control_scaled,0.8,0.8,True,
state-affine-14-14,state,pi_control_scaled,0.8,0.8,True,
state-affine-14-15,state,viability_state,'mixed_signal','mixed_signal',True,intermediate_or_discordant_marker_signals
state-affine-14-15,state,viability_reason,'intermediate_or_discordant_marker_signals','intermediate_or_discordant_marker_signals',True,intermediate_or_discordant_marker_signals
state-affine-14-15,state,calcein_control_scaled,0.8,0.8,True,
state-affine-14-15,state,pi_control_scaled,0.9999999999999999,0.9999999999999999,True,
state-affine-14-16,state,viability_state,'mixed_signal','mixed_signal',True,intermediate_or_discordant_marker_signals
state-affine-14-16,state,viability_reason,'intermediate_or_discordant_marker_signals','intermediate_or_discordant_marker_signals',True,intermediate_or_discordant_marker_signals
state-affine-14-16,state,calcein_control_scaled,0.8,0.8,True,
state-affine-14-16,state,pi_control_scaled,1.0,1.0,True,
state-affine-14-17,state,viability_state,'mixed_signal','mixed_signal',True,intermediate_or_discordant_marker_signals;outside_control_range
state-affine-14-17,state,viability_reason,'intermediate_or_discordant_marker_signals;outside_control_range','intermediate_or_discordant_marker_signals;outside_control_range',True,intermediate_or_discordant_marker_signals;outside_control_range
state-affine-14-17,state,calcein_control_scaled,0.8,0.8,True,
state-affine-14-17,state,pi_control_scaled,1.0000000000000002,1.0000000000000002,True,
state-affine-14-18,state,viability_state,'mixed_signal','mixed_signal',True,intermediate_or_discordant_marker_signals;outside_control_range
state-affine-14-18,state,viability_reason,'intermediate_or_discordant_marker_signals;outside_control_range','intermediate_or_discordant_marker_signals;outside_control_range',True,intermediate_or_discordant_marker_signals;outside_control_range
state-affine-14-18,state,calcein_control_scaled,0.8,0.8,True,
state-affine-14-18,state,pi_control_scaled,1.5,1.5,True,
state-affine-14-19,state,viability_state,'mixed_signal','mixed_signal',True,intermediate_or_discordant_marker_signals;outside_control_range
state-affine-14-19,state,viability_reason,'intermediate_or_discordant_marker_signals;outside_control_range','intermediate_or_discordant_marker_signals;outside_control_range',True,intermediate_or_discordant_marker_signals;outside_control_range
state-affine-14-19,state,calcein_control_scaled,0.8,0.8,True,
state-affine-14-19,state,pi_control_scaled,7.0,7.0,True,
state-affine-14-20,state,viability_state,'indeterminate','indeterminate',True,nonfinite_scaled_signal
state-affine-14-20,state,viability_reason,'nonfinite_scaled_signal','nonfinite_scaled_signal',True,nonfinite_scaled_signal
state-affine-14-20,state,calcein_control_scaled,0.8,0.8,True,
state-affine-14-20,state,pi_control_scaled,inf,inf,True,
state-affine-14-21,state,viability_state,'indeterminate','indeterminate',True,nonfinite_scaled_signal
state-affine-14-21,state,viability_reason,'nonfinite_scaled_signal','nonfinite_scaled_signal',True,nonfinite_scaled_signal
state-affine-14-21,state,calcein_control_scaled,0.8,0.8,True,
state-affine-14-21,state,pi_control_scaled,nan,nan,True,
state-affine-15-00,state,viability_state,'indeterminate','indeterminate',True,nonfinite_scaled_signal
state-affine-15-00,state,viability_reason,'nonfinite_scaled_signal','nonfinite_scaled_signal',True,nonfinite_scaled_signal
state-affine-15-00,state,calcein_control_scaled,1.0,1.0,True,
state-affine-15-00,state,pi_control_scaled,-inf,-inf,True,
state-affine-15-01,state,viability_state,'viable_like','viable_like',True,high_calcein_low_PI;outside_control_range
state-affine-15-01,state,viability_reason,'high_calcein_low_PI;outside_control_range','high_calcein_low_PI;outside_control_range',True,high_calcein_low_PI;outside_control_range
state-affine-15-01,state,calcein_control_scaled,1.0,1.0,True,
state-affine-15-01,state,pi_control_scaled,-5.0,-5.0,True,
state-affine-15-02,state,viability_state,'viable_like','viable_like',True,high_calcein_low_PI;outside_control_range
state-affine-15-02,state,viability_reason,'high_calcein_low_PI;outside_control_range','high_calcein_low_PI;outside_control_range',True,high_calcein_low_PI;outside_control_range
state-affine-15-02,state,calcein_control_scaled,1.0,1.0,True,
state-affine-15-02,state,pi_control_scaled,-0.5,-0.5,True,
state-affine-15-03,state,viability_state,'viable_like','viable_like',True,high_calcein_low_PI
state-affine-15-03,state,viability_reason,'high_calcein_low_PI','high_calcein_low_PI',True,high_calcein_low_PI
state-affine-15-03,state,calcein_control_scaled,1.0,1.0,True,
state-affine-15-03,state,pi_control_scaled,0.0,0.0,True,
state-affine-15-04,state,viability_state,'viable_like','viable_like',True,high_calcein_low_PI
state-affine-15-04,state,viability_reason,'high_calcein_low_PI','high_calcein_low_PI',True,high_calcein_low_PI
state-affine-15-04,state,calcein_control_scaled,1.0,1.0,True,
state-affine-15-04,state,pi_control_scaled,0.0,0.0,True,
state-affine-15-05,state,viability_state,'viable_like','viable_like',True,high_calcein_low_PI
state-affine-15-05,state,viability_reason,'high_calcein_low_PI','high_calcein_low_PI',True,high_calcein_low_PI
state-affine-15-05,state,calcein_control_scaled,1.0,1.0,True,
state-affine-15-05,state,pi_control_scaled,0.0,0.0,True,
state-affine-15-06,state,viability_state,'viable_like','viable_like',True,high_calcein_low_PI
state-affine-15-06,state,viability_reason,'high_calcein_low_PI','high_calcein_low_PI',True,high_calcein_low_PI
state-affine-15-06,state,calcein_control_scaled,1.0,1.0,True,
state-affine-15-06,state,pi_control_scaled,0.15,0.15,True,
state-affine-15-07,state,viability_state,'viable_like','viable_like',True,high_calcein_low_PI
state-affine-15-07,state,viability_reason,'high_calcein_low_PI','high_calcein_low_PI',True,high_calcein_low_PI
state-affine-15-07,state,calcein_control_scaled,1.0,1.0,True,
state-affine-15-07,state,pi_control_scaled,0.29999999999999993,0.29999999999999993,True,
state-affine-15-08,state,viability_state,'viable_like','viable_like',True,high_calcein_low_PI
state-affine-15-08,state,viability_reason,'high_calcein_low_PI','high_calcein_low_PI',True,high_calcein_low_PI
state-affine-15-08,state,calcein_control_scaled,1.0,1.0,True,
state-affine-15-08,state,pi_control_scaled,0.3,0.3,True,
state-affine-15-09,state,viability_state,'mixed_signal','mixed_signal',True,intermediate_or_discordant_marker_signals
state-affine-15-09,state,viability_reason,'intermediate_or_discordant_marker_signals','intermediate_or_discordant_marker_signals',True,intermediate_or_discordant_marker_signals
state-affine-15-09,state,calcein_control_scaled,1.0,1.0,True,
state-affine-15-09,state,pi_control_scaled,0.30000000000000004,0.30000000000000004,True,
state-affine-15-10,state,viability_state,'mixed_signal','mixed_signal',True,intermediate_or_discordant_marker_signals
state-affine-15-10,state,viability_reason,'intermediate_or_discordant_marker_signals','intermediate_or_discordant_marker_signals',True,intermediate_or_discordant_marker_signals
state-affine-15-10,state,calcein_control_scaled,1.0,1.0,True,
state-affine-15-10,state,pi_control_scaled,0.45,0.45,True,
state-affine-15-11,state,viability_state,'mixed_signal','mixed_signal',True,intermediate_or_discordant_marker_signals
state-affine-15-11,state,viability_reason,'intermediate_or_discordant_marker_signals','intermediate_or_discordant_marker_signals',True,intermediate_or_discordant_marker_signals
state-affine-15-11,state,calcein_control_scaled,1.0,1.0,True,
state-affine-15-11,state,pi_control_scaled,0.5999999999999999,0.5999999999999999,True,
state-affine-15-12,state,viability_state,'mixed_signal','mixed_signal',True,intermediate_or_discordant_marker_signals
state-affine-15-12,state,viability_reason,'intermediate_or_discordant_marker_signals','intermediate_or_discordant_marker_signals',True,intermediate_or_discordant_marker_signals
state-affine-15-12,state,calcein_control_scaled,1.0,1.0,True,
state-affine-15-12,state,pi_control_scaled,0.6,0.6,True,
state-affine-15-13,state,viability_state,'mixed_signal','mixed_signal',True,intermediate_or_discordant_marker_signals
state-affine-15-13,state,viability_reason,'intermediate_or_discordant_marker_signals','intermediate_or_discordant_marker_signals',True,intermediate_or_discordant_marker_signals
state-affine-15-13,state,calcein_control_scaled,1.0,1.0,True,
state-affine-15-13,state,pi_control_scaled,0.6000000000000001,0.6000000000000001,True,
state-affine-15-14,state,viability_state,'mixed_signal','mixed_signal',True,intermediate_or_discordant_marker_signals
state-affine-15-14,state,viability_reason,'intermediate_or_discordant_marker_signals','intermediate_or_discordant_marker_signals',True,intermediate_or_discordant_marker_signals
state-affine-15-14,state,calcein_control_scaled,1.0,1.0,True,
state-affine-15-14,state,pi_control_scaled,0.8,0.8,True,
state-affine-15-15,state,viability_state,'mixed_signal','mixed_signal',True,intermediate_or_discordant_marker_signals
state-affine-15-15,state,viability_reason,'intermediate_or_discordant_marker_signals','intermediate_or_discordant_marker_signals',True,intermediate_or_discordant_marker_signals
state-affine-15-15,state,calcein_control_scaled,1.0,1.0,True,
state-affine-15-15,state,pi_control_scaled,0.9999999999999999,0.9999999999999999,True,
state-affine-15-16,state,viability_state,'mixed_signal','mixed_signal',True,intermediate_or_discordant_marker_signals
state-affine-15-16,state,viability_reason,'intermediate_or_discordant_marker_signals','intermediate_or_discordant_marker_signals',True,intermediate_or_discordant_marker_signals
state-affine-15-16,state,calcein_control_scaled,1.0,1.0,True,
state-affine-15-16,state,pi_control_scaled,1.0,1.0,True,
state-affine-15-17,state,viability_state,'mixed_signal','mixed_signal',True,intermediate_or_discordant_marker_signals;outside_control_range
state-affine-15-17,state,viability_reason,'intermediate_or_discordant_marker_signals;outside_control_range','intermediate_or_discordant_marker_signals;outside_control_range',True,intermediate_or_discordant_marker_signals;outside_control_range
state-affine-15-17,state,calcein_control_scaled,1.0,1.0,True,
state-affine-15-17,state,pi_control_scaled,1.0000000000000002,1.0000000000000002,True,
state-affine-15-18,state,viability_state,'mixed_signal','mixed_signal',True,intermediate_or_discordant_marker_signals;outside_control_range
state-affine-15-18,state,viability_reason,'intermediate_or_discordant_marker_signals;outside_control_range','intermediate_or_discordant_marker_signals;outside_control_range',True,intermediate_or_discordant_marker_signals;outside_control_range
state-affine-15-18,state,calcein_control_scaled,1.0,1.0,True,
state-affine-15-18,state,pi_control_scaled,1.5,1.5,True,
state-affine-15-19,state,viability_state,'mixed_signal','mixed_signal',True,intermediate_or_discordant_marker_signals;outside_control_range
state-affine-15-19,state,viability_reason,'intermediate_or_discordant_marker_signals;outside_control_range','intermediate_or_discordant_marker_signals;outside_control_range',True,intermediate_or_discordant_marker_signals;outside_control_range
state-affine-15-19,state,calcein_control_scaled,1.0,1.0,True,
state-affine-15-19,state,pi_control_scaled,7.0,7.0,True,
state-affine-15-20,state,viability_state,'indeterminate','indeterminate',True,nonfinite_scaled_signal
state-affine-15-20,state,viability_reason,'nonfinite_scaled_signal','nonfinite_scaled_signal',True,nonfinite_scaled_signal
state-affine-15-20,state,calcein_control_scaled,1.0,1.0,True,
state-affine-15-20,state,pi_control_scaled,inf,inf,True,
state-affine-15-21,state,viability_state,'indeterminate','indeterminate',True,nonfinite_scaled_signal
state-affine-15-21,state,viability_reason,'nonfinite_scaled_signal','nonfinite_scaled_signal',True,nonfinite_scaled_signal
state-affine-15-21,state,calcein_control_scaled,1.0,1.0,True,
state-affine-15-21,state,pi_control_scaled,nan,nan,True,
state-affine-16-00,state,viability_state,'indeterminate','indeterminate',True,nonfinite_scaled_signal
state-affine-16-00,state,viability_reason,'nonfinite_scaled_signal','nonfinite_scaled_signal',True,nonfinite_scaled_signal
state-affine-16-00,state,calcein_control_scaled,1.0,1.0,True,
state-affine-16-00,state,pi_control_scaled,-inf,-inf,True,
state-affine-16-01,state,viability_state,'viable_like','viable_like',True,high_calcein_low_PI;outside_control_range
state-affine-16-01,state,viability_reason,'high_calcein_low_PI;outside_control_range','high_calcein_low_PI;outside_control_range',True,high_calcein_low_PI;outside_control_range
state-affine-16-01,state,calcein_control_scaled,1.0,1.0,True,
state-affine-16-01,state,pi_control_scaled,-5.0,-5.0,True,
state-affine-16-02,state,viability_state,'viable_like','viable_like',True,high_calcein_low_PI;outside_control_range
state-affine-16-02,state,viability_reason,'high_calcein_low_PI;outside_control_range','high_calcein_low_PI;outside_control_range',True,high_calcein_low_PI;outside_control_range
state-affine-16-02,state,calcein_control_scaled,1.0,1.0,True,
state-affine-16-02,state,pi_control_scaled,-0.5,-0.5,True,
state-affine-16-03,state,viability_state,'viable_like','viable_like',True,high_calcein_low_PI
state-affine-16-03,state,viability_reason,'high_calcein_low_PI','high_calcein_low_PI',True,high_calcein_low_PI
state-affine-16-03,state,calcein_control_scaled,1.0,1.0,True,
state-affine-16-03,state,pi_control_scaled,0.0,0.0,True,
state-affine-16-04,state,viability_state,'viable_like','viable_like',True,high_calcein_low_PI
state-affine-16-04,state,viability_reason,'high_calcein_low_PI','high_calcein_low_PI',True,high_calcein_low_PI
state-affine-16-04,state,calcein_control_scaled,1.0,1.0,True,
state-affine-16-04,state,pi_control_scaled,0.0,0.0,True,
state-affine-16-05,state,viability_state,'viable_like','viable_like',True,high_calcein_low_PI
state-affine-16-05,state,viability_reason,'high_calcein_low_PI','high_calcein_low_PI',True,high_calcein_low_PI
state-affine-16-05,state,calcein_control_scaled,1.0,1.0,True,
state-affine-16-05,state,pi_control_scaled,0.0,0.0,True,
state-affine-16-06,state,viability_state,'viable_like','viable_like',True,high_calcein_low_PI
state-affine-16-06,state,viability_reason,'high_calcein_low_PI','high_calcein_low_PI',True,high_calcein_low_PI
state-affine-16-06,state,calcein_control_scaled,1.0,1.0,True,
state-affine-16-06,state,pi_control_scaled,0.15,0.15,True,
state-affine-16-07,state,viability_state,'viable_like','viable_like',True,high_calcein_low_PI
state-affine-16-07,state,viability_reason,'high_calcein_low_PI','high_calcein_low_PI',True,high_calcein_low_PI
state-affine-16-07,state,calcein_control_scaled,1.0,1.0,True,
state-affine-16-07,state,pi_control_scaled,0.29999999999999993,0.29999999999999993,True,
state-affine-16-08,state,viability_state,'viable_like','viable_like',True,high_calcein_low_PI
state-affine-16-08,state,viability_reason,'high_calcein_low_PI','high_calcein_low_PI',True,high_calcein_low_PI
state-affine-16-08,state,calcein_control_scaled,1.0,1.0,True,
state-affine-16-08,state,pi_control_scaled,0.3,0.3,True,
state-affine-16-09,state,viability_state,'mixed_signal','mixed_signal',True,intermediate_or_discordant_marker_signals
state-affine-16-09,state,viability_reason,'intermediate_or_discordant_marker_signals','intermediate_or_discordant_marker_signals',True,intermediate_or_discordant_marker_signals
state-affine-16-09,state,calcein_control_scaled,1.0,1.0,True,
state-affine-16-09,state,pi_control_scaled,0.30000000000000004,0.30000000000000004,True,
state-affine-16-10,state,viability_state,'mixed_signal','mixed_signal',True,intermediate_or_discordant_marker_signals
state-affine-16-10,state,viability_reason,'intermediate_or_discordant_marker_signals','intermediate_or_discordant_marker_signals',True,intermediate_or_discordant_marker_signals
state-affine-16-10,state,calcein_control_scaled,1.0,1.0,True,
state-affine-16-10,state,pi_control_scaled,0.45,0.45,True,
state-affine-16-11,state,viability_state,'mixed_signal','mixed_signal',True,intermediate_or_discordant_marker_signals
state-affine-16-11,state,viability_reason,'intermediate_or_discordant_marker_signals','intermediate_or_discordant_marker_signals',True,intermediate_or_discordant_marker_signals
state-affine-16-11,state,calcein_control_scaled,1.0,1.0,True,
state-affine-16-11,state,pi_control_scaled,0.5999999999999999,0.5999999999999999,True,
state-affine-16-12,state,viability_state,'mixed_signal','mixed_signal',True,intermediate_or_discordant_marker_signals
state-affine-16-12,state,viability_reason,'intermediate_or_discordant_marker_signals','intermediate_or_discordant_marker_signals',True,intermediate_or_discordant_marker_signals
state-affine-16-12,state,calcein_control_scaled,1.0,1.0,True,
state-affine-16-12,state,pi_control_scaled,0.6,0.6,True,
state-affine-16-13,state,viability_state,'mixed_signal','mixed_signal',True,intermediate_or_discordant_marker_signals
state-affine-16-13,state,viability_reason,'intermediate_or_discordant_marker_signals','intermediate_or_discordant_marker_signals',True,intermediate_or_discordant_marker_signals
state-affine-16-13,state,calcein_control_scaled,1.0,1.0,True,
state-affine-16-13,state,pi_control_scaled,0.6000000000000001,0.6000000000000001,True,
state-affine-16-14,state,viability_state,'mixed_signal','mixed_signal',True,intermediate_or_discordant_marker_signals
state-affine-16-14,state,viability_reason,'intermediate_or_discordant_marker_signals','intermediate_or_discordant_marker_signals',True,intermediate_or_discordant_marker_signals
state-affine-16-14,state,calcein_control_scaled,1.0,1.0,True,
state-affine-16-14,state,pi_control_scaled,0.8,0.8,True,
state-affine-16-15,state,viability_state,'mixed_signal','mixed_signal',True,intermediate_or_discordant_marker_signals
state-affine-16-15,state,viability_reason,'intermediate_or_discordant_marker_signals','intermediate_or_discordant_marker_signals',True,intermediate_or_discordant_marker_signals
state-affine-16-15,state,calcein_control_scaled,1.0,1.0,True,
state-affine-16-15,state,pi_control_scaled,0.9999999999999999,0.9999999999999999,True,
state-affine-16-16,state,viability_state,'mixed_signal','mixed_signal',True,intermediate_or_discordant_marker_signals
state-affine-16-16,state,viability_reason,'intermediate_or_discordant_marker_signals','intermediate_or_discordant_marker_signals',True,intermediate_or_discordant_marker_signals
state-affine-16-16,state,calcein_control_scaled,1.0,1.0,True,
state-affine-16-16,state,pi_control_scaled,1.0,1.0,True,
state-affine-16-17,state,viability_state,'mixed_signal','mixed_signal',True,intermediate_or_discordant_marker_signals;outside_control_range
state-affine-16-17,state,viability_reason,'intermediate_or_discordant_marker_signals;outside_control_range','intermediate_or_discordant_marker_signals;outside_control_range',True,intermediate_or_discordant_marker_signals;outside_control_range
state-affine-16-17,state,calcein_control_scaled,1.0,1.0,True,
state-affine-16-17,state,pi_control_scaled,1.0000000000000002,1.0000000000000002,True,
state-affine-16-18,state,viability_state,'mixed_signal','mixed_signal',True,intermediate_or_discordant_marker_signals;outside_control_range
state-affine-16-18,state,viability_reason,'intermediate_or_discordant_marker_signals;outside_control_range','intermediate_or_discordant_marker_signals;outside_control_range',True,intermediate_or_discordant_marker_signals;outside_control_range
state-affine-16-18,state,calcein_control_scaled,1.0,1.0,True,
state-affine-16-18,state,pi_control_scaled,1.5,1.5,True,
state-affine-16-19,state,viability_state,'mixed_signal','mixed_signal',True,intermediate_or_discordant_marker_signals;outside_control_range
state-affine-16-19,state,viability_reason,'intermediate_or_discordant_marker_signals;outside_control_range','intermediate_or_discordant_marker_signals;outside_control_range',True,intermediate_or_discordant_marker_signals;outside_control_range
state-affine-16-19,state,calcein_control_scaled,1.0,1.0,True,
state-affine-16-19,state,pi_control_scaled,7.0,7.0,True,
state-affine-16-20,state,viability_state,'indeterminate','indeterminate',True,nonfinite_scaled_signal
state-affine-16-20,state,viability_reason,'nonfinite_scaled_signal','nonfinite_scaled_signal',True,nonfinite_scaled_signal
state-affine-16-20,state,calcein_control_scaled,1.0,1.0,True,
state-affine-16-20,state,pi_control_scaled,inf,inf,True,
state-affine-16-21,state,viability_state,'indeterminate','indeterminate',True,nonfinite_scaled_signal
state-affine-16-21,state,viability_reason,'nonfinite_scaled_signal','nonfinite_scaled_signal',True,nonfinite_scaled_signal
state-affine-16-21,state,calcein_control_scaled,1.0,1.0,True,
state-affine-16-21,state,pi_control_scaled,nan,nan,True,
state-affine-17-00,state,viability_state,'indeterminate','indeterminate',True,nonfinite_scaled_signal
state-affine-17-00,state,viability_reason,'nonfinite_scaled_signal','nonfinite_scaled_signal',True,nonfinite_scaled_signal
state-affine-17-00,state,calcein_control_scaled,1.0000000000000002,1.0000000000000002,True,
state-affine-17-00,state,pi_control_scaled,-inf,-inf,True,
state-affine-17-01,state,viability_state,'viable_like','viable_like',True,high_calcein_low_PI;outside_control_range
state-affine-17-01,state,viability_reason,'high_calcein_low_PI;outside_control_range','high_calcein_low_PI;outside_control_range',True,high_calcein_low_PI;outside_control_range
state-affine-17-01,state,calcein_control_scaled,1.0000000000000002,1.0000000000000002,True,
state-affine-17-01,state,pi_control_scaled,-5.0,-5.0,True,
state-affine-17-02,state,viability_state,'viable_like','viable_like',True,high_calcein_low_PI;outside_control_range
state-affine-17-02,state,viability_reason,'high_calcein_low_PI;outside_control_range','high_calcein_low_PI;outside_control_range',True,high_calcein_low_PI;outside_control_range
state-affine-17-02,state,calcein_control_scaled,1.0000000000000002,1.0000000000000002,True,
state-affine-17-02,state,pi_control_scaled,-0.5,-0.5,True,
state-affine-17-03,state,viability_state,'viable_like','viable_like',True,high_calcein_low_PI;outside_control_range
state-affine-17-03,state,viability_reason,'high_calcein_low_PI;outside_control_range','high_calcein_low_PI;outside_control_range',True,high_calcein_low_PI;outside_control_range
state-affine-17-03,state,calcein_control_scaled,1.0000000000000002,1.0000000000000002,True,
state-affine-17-03,state,pi_control_scaled,0.0,0.0,True,
state-affine-17-04,state,viability_state,'viable_like','viable_like',True,high_calcein_low_PI;outside_control_range
state-affine-17-04,state,viability_reason,'high_calcein_low_PI;outside_control_range','high_calcein_low_PI;outside_control_range',True,high_calcein_low_PI;outside_control_range
state-affine-17-04,state,calcein_control_scaled,1.0000000000000002,1.0000000000000002,True,
state-affine-17-04,state,pi_control_scaled,0.0,0.0,True,
state-affine-17-05,state,viability_state,'viable_like','viable_like',True,high_calcein_low_PI;outside_control_range
state-affine-17-05,state,viability_reason,'high_calcein_low_PI;outside_control_range','high_calcein_low_PI;outside_control_range',True,high_calcein_low_PI;outside_control_range
state-affine-17-05,state,calcein_control_scaled,1.0000000000000002,1.0000000000000002,True,
state-affine-17-05,state,pi_control_scaled,0.0,0.0,True,
state-affine-17-06,state,viability_state,'viable_like','viable_like',True,high_calcein_low_PI;outside_control_range
state-affine-17-06,state,viability_reason,'high_calcein_low_PI;outside_control_range','high_calcein_low_PI;outside_control_range',True,high_calcein_low_PI;outside_control_range
state-affine-17-06,state,calcein_control_scaled,1.0000000000000002,1.0000000000000002,True,
state-affine-17-06,state,pi_control_scaled,0.15,0.15,True,
state-affine-17-07,state,viability_state,'viable_like','viable_like',True,high_calcein_low_PI;outside_control_range
state-affine-17-07,state,viability_reason,'high_calcein_low_PI;outside_control_range','high_calcein_low_PI;outside_control_range',True,high_calcein_low_PI;outside_control_range
state-affine-17-07,state,calcein_control_scaled,1.0000000000000002,1.0000000000000002,True,
state-affine-17-07,state,pi_control_scaled,0.29999999999999993,0.29999999999999993,True,
state-affine-17-08,state,viability_state,'viable_like','viable_like',True,high_calcein_low_PI;outside_control_range
state-affine-17-08,state,viability_reason,'high_calcein_low_PI;outside_control_range','high_calcein_low_PI;outside_control_range',True,high_calcein_low_PI;outside_control_range
state-affine-17-08,state,calcein_control_scaled,1.0000000000000002,1.0000000000000002,True,
state-affine-17-08,state,pi_control_scaled,0.3,0.3,True,
state-affine-17-09,state,viability_state,'mixed_signal','mixed_signal',True,intermediate_or_discordant_marker_signals;outside_control_range
state-affine-17-09,state,viability_reason,'intermediate_or_discordant_marker_signals;outside_control_range','intermediate_or_discordant_marker_signals;outside_control_range',True,intermediate_or_discordant_marker_signals;outside_control_range
state-affine-17-09,state,calcein_control_scaled,1.0000000000000002,1.0000000000000002,True,
state-affine-17-09,state,pi_control_scaled,0.30000000000000004,0.30000000000000004,True,
state-affine-17-10,state,viability_state,'mixed_signal','mixed_signal',True,intermediate_or_discordant_marker_signals;outside_control_range
state-affine-17-10,state,viability_reason,'intermediate_or_discordant_marker_signals;outside_control_range','intermediate_or_discordant_marker_signals;outside_control_range',True,intermediate_or_discordant_marker_signals;outside_control_range
state-affine-17-10,state,calcein_control_scaled,1.0000000000000002,1.0000000000000002,True,
state-affine-17-10,state,pi_control_scaled,0.45,0.45,True,
state-affine-17-11,state,viability_state,'mixed_signal','mixed_signal',True,intermediate_or_discordant_marker_signals;outside_control_range
state-affine-17-11,state,viability_reason,'intermediate_or_discordant_marker_signals;outside_control_range','intermediate_or_discordant_marker_signals;outside_control_range',True,intermediate_or_discordant_marker_signals;outside_control_range
state-affine-17-11,state,calcein_control_scaled,1.0000000000000002,1.0000000000000002,True,
state-affine-17-11,state,pi_control_scaled,0.5999999999999999,0.5999999999999999,True,
state-affine-17-12,state,viability_state,'mixed_signal','mixed_signal',True,intermediate_or_discordant_marker_signals;outside_control_range
state-affine-17-12,state,viability_reason,'intermediate_or_discordant_marker_signals;outside_control_range','intermediate_or_discordant_marker_signals;outside_control_range',True,intermediate_or_discordant_marker_signals;outside_control_range
state-affine-17-12,state,calcein_control_scaled,1.0000000000000002,1.0000000000000002,True,
state-affine-17-12,state,pi_control_scaled,0.6,0.6,True,
state-affine-17-13,state,viability_state,'mixed_signal','mixed_signal',True,intermediate_or_discordant_marker_signals;outside_control_range
state-affine-17-13,state,viability_reason,'intermediate_or_discordant_marker_signals;outside_control_range','intermediate_or_discordant_marker_signals;outside_control_range',True,intermediate_or_discordant_marker_signals;outside_control_range
state-affine-17-13,state,calcein_control_scaled,1.0000000000000002,1.0000000000000002,True,
state-affine-17-13,state,pi_control_scaled,0.6000000000000001,0.6000000000000001,True,
state-affine-17-14,state,viability_state,'mixed_signal','mixed_signal',True,intermediate_or_discordant_marker_signals;outside_control_range
state-affine-17-14,state,viability_reason,'intermediate_or_discordant_marker_signals;outside_control_range','intermediate_or_discordant_marker_signals;outside_control_range',True,intermediate_or_discordant_marker_signals;outside_control_range
state-affine-17-14,state,calcein_control_scaled,1.0000000000000002,1.0000000000000002,True,
state-affine-17-14,state,pi_control_scaled,0.8,0.8,True,
state-affine-17-15,state,viability_state,'mixed_signal','mixed_signal',True,intermediate_or_discordant_marker_signals;outside_control_range
state-affine-17-15,state,viability_reason,'intermediate_or_discordant_marker_signals;outside_control_range','intermediate_or_discordant_marker_signals;outside_control_range',True,intermediate_or_discordant_marker_signals;outside_control_range
state-affine-17-15,state,calcein_control_scaled,1.0000000000000002,1.0000000000000002,True,
state-affine-17-15,state,pi_control_scaled,0.9999999999999999,0.9999999999999999,True,
state-affine-17-16,state,viability_state,'mixed_signal','mixed_signal',True,intermediate_or_discordant_marker_signals;outside_control_range
state-affine-17-16,state,viability_reason,'intermediate_or_discordant_marker_signals;outside_control_range','intermediate_or_discordant_marker_signals;outside_control_range',True,intermediate_or_discordant_marker_signals;outside_control_range
state-affine-17-16,state,calcein_control_scaled,1.0000000000000002,1.0000000000000002,True,
state-affine-17-16,state,pi_control_scaled,1.0,1.0,True,
state-affine-17-17,state,viability_state,'mixed_signal','mixed_signal',True,intermediate_or_discordant_marker_signals;outside_control_range
state-affine-17-17,state,viability_reason,'intermediate_or_discordant_marker_signals;outside_control_range','intermediate_or_discordant_marker_signals;outside_control_range',True,intermediate_or_discordant_marker_signals;outside_control_range
state-affine-17-17,state,calcein_control_scaled,1.0000000000000002,1.0000000000000002,True,
state-affine-17-17,state,pi_control_scaled,1.0000000000000002,1.0000000000000002,True,
state-affine-17-18,state,viability_state,'mixed_signal','mixed_signal',True,intermediate_or_discordant_marker_signals;outside_control_range
state-affine-17-18,state,viability_reason,'intermediate_or_discordant_marker_signals;outside_control_range','intermediate_or_discordant_marker_signals;outside_control_range',True,intermediate_or_discordant_marker_signals;outside_control_range
state-affine-17-18,state,calcein_control_scaled,1.0000000000000002,1.0000000000000002,True,
state-affine-17-18,state,pi_control_scaled,1.5,1.5,True,
state-affine-17-19,state,viability_state,'mixed_signal','mixed_signal',True,intermediate_or_discordant_marker_signals;outside_control_range
state-affine-17-19,state,viability_reason,'intermediate_or_discordant_marker_signals;outside_control_range','intermediate_or_discordant_marker_signals;outside_control_range',True,intermediate_or_discordant_marker_signals;outside_control_range
state-affine-17-19,state,calcein_control_scaled,1.0000000000000002,1.0000000000000002,True,
state-affine-17-19,state,pi_control_scaled,7.0,7.0,True,
state-affine-17-20,state,viability_state,'indeterminate','indeterminate',True,nonfinite_scaled_signal
state-affine-17-20,state,viability_reason,'nonfinite_scaled_signal','nonfinite_scaled_signal',True,nonfinite_scaled_signal
state-affine-17-20,state,calcein_control_scaled,1.0000000000000002,1.0000000000000002,True,
state-affine-17-20,state,pi_control_scaled,inf,inf,True,
state-affine-17-21,state,viability_state,'indeterminate','indeterminate',True,nonfinite_scaled_signal
state-affine-17-21,state,viability_reason,'nonfinite_scaled_signal','nonfinite_scaled_signal',True,nonfinite_scaled_signal
state-affine-17-21,state,calcein_control_scaled,1.0000000000000002,1.0000000000000002,True,
state-affine-17-21,state,pi_control_scaled,nan,nan,True,
state-affine-18-00,state,viability_state,'indeterminate','indeterminate',True,nonfinite_scaled_signal
state-affine-18-00,state,viability_reason,'nonfinite_scaled_signal','nonfinite_scaled_signal',True,nonfinite_scaled_signal
state-affine-18-00,state,calcein_control_scaled,1.5,1.5,True,
state-affine-18-00,state,pi_control_scaled,-inf,-inf,True,
state-affine-18-01,state,viability_state,'viable_like','viable_like',True,high_calcein_low_PI;outside_control_range
state-affine-18-01,state,viability_reason,'high_calcein_low_PI;outside_control_range','high_calcein_low_PI;outside_control_range',True,high_calcein_low_PI;outside_control_range
state-affine-18-01,state,calcein_control_scaled,1.5,1.5,True,
state-affine-18-01,state,pi_control_scaled,-5.0,-5.0,True,
state-affine-18-02,state,viability_state,'viable_like','viable_like',True,high_calcein_low_PI;outside_control_range
state-affine-18-02,state,viability_reason,'high_calcein_low_PI;outside_control_range','high_calcein_low_PI;outside_control_range',True,high_calcein_low_PI;outside_control_range
state-affine-18-02,state,calcein_control_scaled,1.5,1.5,True,
state-affine-18-02,state,pi_control_scaled,-0.5,-0.5,True,
state-affine-18-03,state,viability_state,'viable_like','viable_like',True,high_calcein_low_PI;outside_control_range
state-affine-18-03,state,viability_reason,'high_calcein_low_PI;outside_control_range','high_calcein_low_PI;outside_control_range',True,high_calcein_low_PI;outside_control_range
state-affine-18-03,state,calcein_control_scaled,1.5,1.5,True,
state-affine-18-03,state,pi_control_scaled,0.0,0.0,True,
state-affine-18-04,state,viability_state,'viable_like','viable_like',True,high_calcein_low_PI;outside_control_range
state-affine-18-04,state,viability_reason,'high_calcein_low_PI;outside_control_range','high_calcein_low_PI;outside_control_range',True,high_calcein_low_PI;outside_control_range
state-affine-18-04,state,calcein_control_scaled,1.5,1.5,True,
state-affine-18-04,state,pi_control_scaled,0.0,0.0,True,
state-affine-18-05,state,viability_state,'viable_like','viable_like',True,high_calcein_low_PI;outside_control_range
state-affine-18-05,state,viability_reason,'high_calcein_low_PI;outside_control_range','high_calcein_low_PI;outside_control_range',True,high_calcein_low_PI;outside_control_range
state-affine-18-05,state,calcein_control_scaled,1.5,1.5,True,
state-affine-18-05,state,pi_control_scaled,0.0,0.0,True,
state-affine-18-06,state,viability_state,'viable_like','viable_like',True,high_calcein_low_PI;outside_control_range
state-affine-18-06,state,viability_reason,'high_calcein_low_PI;outside_control_range','high_calcein_low_PI;outside_control_range',True,high_calcein_low_PI;outside_control_range
state-affine-18-06,state,calcein_control_scaled,1.5,1.5,True,
state-affine-18-06,state,pi_control_scaled,0.15,0.15,True,
state-affine-18-07,state,viability_state,'viable_like','viable_like',True,high_calcein_low_PI;outside_control_range
state-affine-18-07,state,viability_reason,'high_calcein_low_PI;outside_control_range','high_calcein_low_PI;outside_control_range',True,high_calcein_low_PI;outside_control_range
state-affine-18-07,state,calcein_control_scaled,1.5,1.5,True,
state-affine-18-07,state,pi_control_scaled,0.29999999999999993,0.29999999999999993,True,
state-affine-18-08,state,viability_state,'viable_like','viable_like',True,high_calcein_low_PI;outside_control_range
state-affine-18-08,state,viability_reason,'high_calcein_low_PI;outside_control_range','high_calcein_low_PI;outside_control_range',True,high_calcein_low_PI;outside_control_range
state-affine-18-08,state,calcein_control_scaled,1.5,1.5,True,
state-affine-18-08,state,pi_control_scaled,0.3,0.3,True,
state-affine-18-09,state,viability_state,'mixed_signal','mixed_signal',True,intermediate_or_discordant_marker_signals;outside_control_range
state-affine-18-09,state,viability_reason,'intermediate_or_discordant_marker_signals;outside_control_range','intermediate_or_discordant_marker_signals;outside_control_range',True,intermediate_or_discordant_marker_signals;outside_control_range
state-affine-18-09,state,calcein_control_scaled,1.5,1.5,True,
state-affine-18-09,state,pi_control_scaled,0.30000000000000004,0.30000000000000004,True,
state-affine-18-10,state,viability_state,'mixed_signal','mixed_signal',True,intermediate_or_discordant_marker_signals;outside_control_range
state-affine-18-10,state,viability_reason,'intermediate_or_discordant_marker_signals;outside_control_range','intermediate_or_discordant_marker_signals;outside_control_range',True,intermediate_or_discordant_marker_signals;outside_control_range
state-affine-18-10,state,calcein_control_scaled,1.5,1.5,True,
state-affine-18-10,state,pi_control_scaled,0.45,0.45,True,
state-affine-18-11,state,viability_state,'mixed_signal','mixed_signal',True,intermediate_or_discordant_marker_signals;outside_control_range
state-affine-18-11,state,viability_reason,'intermediate_or_discordant_marker_signals;outside_control_range','intermediate_or_discordant_marker_signals;outside_control_range',True,intermediate_or_discordant_marker_signals;outside_control_range
state-affine-18-11,state,calcein_control_scaled,1.5,1.5,True,
state-affine-18-11,state,pi_control_scaled,0.5999999999999999,0.5999999999999999,True,
state-affine-18-12,state,viability_state,'mixed_signal','mixed_signal',True,intermediate_or_discordant_marker_signals;outside_control_range
state-affine-18-12,state,viability_reason,'intermediate_or_discordant_marker_signals;outside_control_range','intermediate_or_discordant_marker_signals;outside_control_range',True,intermediate_or_discordant_marker_signals;outside_control_range
state-affine-18-12,state,calcein_control_scaled,1.5,1.5,True,
state-affine-18-12,state,pi_control_scaled,0.6,0.6,True,
state-affine-18-13,state,viability_state,'mixed_signal','mixed_signal',True,intermediate_or_discordant_marker_signals;outside_control_range
state-affine-18-13,state,viability_reason,'intermediate_or_discordant_marker_signals;outside_control_range','intermediate_or_discordant_marker_signals;outside_control_range',True,intermediate_or_discordant_marker_signals;outside_control_range
state-affine-18-13,state,calcein_control_scaled,1.5,1.5,True,
state-affine-18-13,state,pi_control_scaled,0.6000000000000001,0.6000000000000001,True,
state-affine-18-14,state,viability_state,'mixed_signal','mixed_signal',True,intermediate_or_discordant_marker_signals;outside_control_range
state-affine-18-14,state,viability_reason,'intermediate_or_discordant_marker_signals;outside_control_range','intermediate_or_discordant_marker_signals;outside_control_range',True,intermediate_or_discordant_marker_signals;outside_control_range
state-affine-18-14,state,calcein_control_scaled,1.5,1.5,True,
state-affine-18-14,state,pi_control_scaled,0.8,0.8,True,
state-affine-18-15,state,viability_state,'mixed_signal','mixed_signal',True,intermediate_or_discordant_marker_signals;outside_control_range
state-affine-18-15,state,viability_reason,'intermediate_or_discordant_marker_signals;outside_control_range','intermediate_or_discordant_marker_signals;outside_control_range',True,intermediate_or_discordant_marker_signals;outside_control_range
state-affine-18-15,state,calcein_control_scaled,1.5,1.5,True,
state-affine-18-15,state,pi_control_scaled,0.9999999999999999,0.9999999999999999,True,
state-affine-18-16,state,viability_state,'mixed_signal','mixed_signal',True,intermediate_or_discordant_marker_signals;outside_control_range
state-affine-18-16,state,viability_reason,'intermediate_or_discordant_marker_signals;outside_control_range','intermediate_or_discordant_marker_signals;outside_control_range',True,intermediate_or_discordant_marker_signals;outside_control_range
state-affine-18-16,state,calcein_control_scaled,1.5,1.5,True,
state-affine-18-16,state,pi_control_scaled,1.0,1.0,True,
state-affine-18-17,state,viability_state,'mixed_signal','mixed_signal',True,intermediate_or_discordant_marker_signals;outside_control_range
state-affine-18-17,state,viability_reason,'intermediate_or_discordant_marker_signals;outside_control_range','intermediate_or_discordant_marker_signals;outside_control_range',True,intermediate_or_discordant_marker_signals;outside_control_range
state-affine-18-17,state,calcein_control_scaled,1.5,1.5,True,
state-affine-18-17,state,pi_control_scaled,1.0000000000000002,1.0000000000000002,True,
state-affine-18-18,state,viability_state,'mixed_signal','mixed_signal',True,intermediate_or_discordant_marker_signals;outside_control_range
state-affine-18-18,state,viability_reason,'intermediate_or_discordant_marker_signals;outside_control_range','intermediate_or_discordant_marker_signals;outside_control_range',True,intermediate_or_discordant_marker_signals;outside_control_range
state-affine-18-18,state,calcein_control_scaled,1.5,1.5,True,
state-affine-18-18,state,pi_control_scaled,1.5,1.5,True,
state-affine-18-19,state,viability_state,'mixed_signal','mixed_signal',True,intermediate_or_discordant_marker_signals;outside_control_range
state-affine-18-19,state,viability_reason,'intermediate_or_discordant_marker_signals;outside_control_range','intermediate_or_discordant_marker_signals;outside_control_range',True,intermediate_or_discordant_marker_signals;outside_control_range
state-affine-18-19,state,calcein_control_scaled,1.5,1.5,True,
state-affine-18-19,state,pi_control_scaled,7.0,7.0,True,
state-affine-18-20,state,viability_state,'indeterminate','indeterminate',True,nonfinite_scaled_signal
state-affine-18-20,state,viability_reason,'nonfinite_scaled_signal','nonfinite_scaled_signal',True,nonfinite_scaled_signal
state-affine-18-20,state,calcein_control_scaled,1.5,1.5,True,
state-affine-18-20,state,pi_control_scaled,inf,inf,True,
state-affine-18-21,state,viability_state,'indeterminate','indeterminate',True,nonfinite_scaled_signal
state-affine-18-21,state,viability_reason,'nonfinite_scaled_signal','nonfinite_scaled_signal',True,nonfinite_scaled_signal
state-affine-18-21,state,calcein_control_scaled,1.5,1.5,True,
state-affine-18-21,state,pi_control_scaled,nan,nan,True,
state-affine-19-00,state,viability_state,'indeterminate','indeterminate',True,nonfinite_scaled_signal
state-affine-19-00,state,viability_reason,'nonfinite_scaled_signal','nonfinite_scaled_signal',True,nonfinite_scaled_signal
state-affine-19-00,state,calcein_control_scaled,7.0,7.0,True,
state-affine-19-00,state,pi_control_scaled,-inf,-inf,True,
state-affine-19-01,state,viability_state,'viable_like','viable_like',True,high_calcein_low_PI;outside_control_range
state-affine-19-01,state,viability_reason,'high_calcein_low_PI;outside_control_range','high_calcein_low_PI;outside_control_range',True,high_calcein_low_PI;outside_control_range
state-affine-19-01,state,calcein_control_scaled,7.0,7.0,True,
state-affine-19-01,state,pi_control_scaled,-5.0,-5.0,True,
state-affine-19-02,state,viability_state,'viable_like','viable_like',True,high_calcein_low_PI;outside_control_range
state-affine-19-02,state,viability_reason,'high_calcein_low_PI;outside_control_range','high_calcein_low_PI;outside_control_range',True,high_calcein_low_PI;outside_control_range
state-affine-19-02,state,calcein_control_scaled,7.0,7.0,True,
state-affine-19-02,state,pi_control_scaled,-0.5,-0.5,True,
state-affine-19-03,state,viability_state,'viable_like','viable_like',True,high_calcein_low_PI;outside_control_range
state-affine-19-03,state,viability_reason,'high_calcein_low_PI;outside_control_range','high_calcein_low_PI;outside_control_range',True,high_calcein_low_PI;outside_control_range
state-affine-19-03,state,calcein_control_scaled,7.0,7.0,True,
state-affine-19-03,state,pi_control_scaled,0.0,0.0,True,
state-affine-19-04,state,viability_state,'viable_like','viable_like',True,high_calcein_low_PI;outside_control_range
state-affine-19-04,state,viability_reason,'high_calcein_low_PI;outside_control_range','high_calcein_low_PI;outside_control_range',True,high_calcein_low_PI;outside_control_range
state-affine-19-04,state,calcein_control_scaled,7.0,7.0,True,
state-affine-19-04,state,pi_control_scaled,0.0,0.0,True,
state-affine-19-05,state,viability_state,'viable_like','viable_like',True,high_calcein_low_PI;outside_control_range
state-affine-19-05,state,viability_reason,'high_calcein_low_PI;outside_control_range','high_calcein_low_PI;outside_control_range',True,high_calcein_low_PI;outside_control_range
state-affine-19-05,state,calcein_control_scaled,7.0,7.0,True,
state-affine-19-05,state,pi_control_scaled,0.0,0.0,True,
state-affine-19-06,state,viability_state,'viable_like','viable_like',True,high_calcein_low_PI;outside_control_range
state-affine-19-06,state,viability_reason,'high_calcein_low_PI;outside_control_range','high_calcein_low_PI;outside_control_range',True,high_calcein_low_PI;outside_control_range
state-affine-19-06,state,calcein_control_scaled,7.0,7.0,True,
state-affine-19-06,state,pi_control_scaled,0.15,0.15,True,
state-affine-19-07,state,viability_state,'viable_like','viable_like',True,high_calcein_low_PI;outside_control_range
state-affine-19-07,state,viability_reason,'high_calcein_low_PI;outside_control_range','high_calcein_low_PI;outside_control_range',True,high_calcein_low_PI;outside_control_range
state-affine-19-07,state,calcein_control_scaled,7.0,7.0,True,
state-affine-19-07,state,pi_control_scaled,0.29999999999999993,0.29999999999999993,True,
state-affine-19-08,state,viability_state,'viable_like','viable_like',True,high_calcein_low_PI;outside_control_range
state-affine-19-08,state,viability_reason,'high_calcein_low_PI;outside_control_range','high_calcein_low_PI;outside_control_range',True,high_calcein_low_PI;outside_control_range
state-affine-19-08,state,calcein_control_scaled,7.0,7.0,True,
state-affine-19-08,state,pi_control_scaled,0.3,0.3,True,
state-affine-19-09,state,viability_state,'mixed_signal','mixed_signal',True,intermediate_or_discordant_marker_signals;outside_control_range
state-affine-19-09,state,viability_reason,'intermediate_or_discordant_marker_signals;outside_control_range','intermediate_or_discordant_marker_signals;outside_control_range',True,intermediate_or_discordant_marker_signals;outside_control_range
state-affine-19-09,state,calcein_control_scaled,7.0,7.0,True,
state-affine-19-09,state,pi_control_scaled,0.30000000000000004,0.30000000000000004,True,
state-affine-19-10,state,viability_state,'mixed_signal','mixed_signal',True,intermediate_or_discordant_marker_signals;outside_control_range
state-affine-19-10,state,viability_reason,'intermediate_or_discordant_marker_signals;outside_control_range','intermediate_or_discordant_marker_signals;outside_control_range',True,intermediate_or_discordant_marker_signals;outside_control_range
state-affine-19-10,state,calcein_control_scaled,7.0,7.0,True,
state-affine-19-10,state,pi_control_scaled,0.45,0.45,True,
state-affine-19-11,state,viability_state,'mixed_signal','mixed_signal',True,intermediate_or_discordant_marker_signals;outside_control_range
state-affine-19-11,state,viability_reason,'intermediate_or_discordant_marker_signals;outside_control_range','intermediate_or_discordant_marker_signals;outside_control_range',True,intermediate_or_discordant_marker_signals;outside_control_range
state-affine-19-11,state,calcein_control_scaled,7.0,7.0,True,
state-affine-19-11,state,pi_control_scaled,0.5999999999999999,0.5999999999999999,True,
state-affine-19-12,state,viability_state,'mixed_signal','mixed_signal',True,intermediate_or_discordant_marker_signals;outside_control_range
state-affine-19-12,state,viability_reason,'intermediate_or_discordant_marker_signals;outside_control_range','intermediate_or_discordant_marker_signals;outside_control_range',True,intermediate_or_discordant_marker_signals;outside_control_range
state-affine-19-12,state,calcein_control_scaled,7.0,7.0,True,
state-affine-19-12,state,pi_control_scaled,0.6,0.6,True,
state-affine-19-13,state,viability_state,'mixed_signal','mixed_signal',True,intermediate_or_discordant_marker_signals;outside_control_range
state-affine-19-13,state,viability_reason,'intermediate_or_discordant_marker_signals;outside_control_range','intermediate_or_discordant_marker_signals;outside_control_range',True,intermediate_or_discordant_marker_signals;outside_control_range
state-affine-19-13,state,calcein_control_scaled,7.0,7.0,True,
state-affine-19-13,state,pi_control_scaled,0.6000000000000001,0.6000000000000001,True,
state-affine-19-14,state,viability_state,'mixed_signal','mixed_signal',True,intermediate_or_discordant_marker_signals;outside_control_range
state-affine-19-14,state,viability_reason,'intermediate_or_discordant_marker_signals;outside_control_range','intermediate_or_discordant_marker_signals;outside_control_range',True,intermediate_or_discordant_marker_signals;outside_control_range
state-affine-19-14,state,calcein_control_scaled,7.0,7.0,True,
state-affine-19-14,state,pi_control_scaled,0.8,0.8,True,
state-affine-19-15,state,viability_state,'mixed_signal','mixed_signal',True,intermediate_or_discordant_marker_signals;outside_control_range
state-affine-19-15,state,viability_reason,'intermediate_or_discordant_marker_signals;outside_control_range','intermediate_or_discordant_marker_signals;outside_control_range',True,intermediate_or_discordant_marker_signals;outside_control_range
state-affine-19-15,state,calcein_control_scaled,7.0,7.0,True,
state-affine-19-15,state,pi_control_scaled,0.9999999999999999,0.9999999999999999,True,
state-affine-19-16,state,viability_state,'mixed_signal','mixed_signal',True,intermediate_or_discordant_marker_signals;outside_control_range
state-affine-19-16,state,viability_reason,'intermediate_or_discordant_marker_signals;outside_control_range','intermediate_or_discordant_marker_signals;outside_control_range',True,intermediate_or_discordant_marker_signals;outside_control_range
state-affine-19-16,state,calcein_control_scaled,7.0,7.0,True,
state-affine-19-16,state,pi_control_scaled,1.0,1.0,True,
state-affine-19-17,state,viability_state,'mixed_signal','mixed_signal',True,intermediate_or_discordant_marker_signals;outside_control_range
state-affine-19-17,state,viability_reason,'intermediate_or_discordant_marker_signals;outside_control_range','intermediate_or_discordant_marker_signals;outside_control_range',True,intermediate_or_discordant_marker_signals;outside_control_range
state-affine-19-17,state,calcein_control_scaled,7.0,7.0,True,
state-affine-19-17,state,pi_control_scaled,1.0000000000000002,1.0000000000000002,True,
state-affine-19-18,state,viability_state,'mixed_signal','mixed_signal',True,intermediate_or_discordant_marker_signals;outside_control_range
state-affine-19-18,state,viability_reason,'intermediate_or_discordant_marker_signals;outside_control_range','intermediate_or_discordant_marker_signals;outside_control_range',True,intermediate_or_discordant_marker_signals;outside_control_range
state-affine-19-18,state,calcein_control_scaled,7.0,7.0,True,
state-affine-19-18,state,pi_control_scaled,1.5,1.5,True,
state-affine-19-19,state,viability_state,'mixed_signal','mixed_signal',True,intermediate_or_discordant_marker_signals;outside_control_range
state-affine-19-19,state,viability_reason,'intermediate_or_discordant_marker_signals;outside_control_range','intermediate_or_discordant_marker_signals;outside_control_range',True,intermediate_or_discordant_marker_signals;outside_control_range
state-affine-19-19,state,calcein_control_scaled,7.0,7.0,True,
state-affine-19-19,state,pi_control_scaled,7.0,7.0,True,
state-affine-19-20,state,viability_state,'indeterminate','indeterminate',True,nonfinite_scaled_signal
state-affine-19-20,state,viability_reason,'nonfinite_scaled_signal','nonfinite_scaled_signal',True,nonfinite_scaled_signal
state-affine-19-20,state,calcein_control_scaled,7.0,7.0,True,
state-affine-19-20,state,pi_control_scaled,inf,inf,True,
state-affine-19-21,state,viability_state,'indeterminate','indeterminate',True,nonfinite_scaled_signal
state-affine-19-21,state,viability_reason,'nonfinite_scaled_signal','nonfinite_scaled_signal',True,nonfinite_scaled_signal
state-affine-19-21,state,calcein_control_scaled,7.0,7.0,True,
state-affine-19-21,state,pi_control_scaled,nan,nan,True,
state-affine-20-00,state,viability_state,'indeterminate','indeterminate',True,nonfinite_scaled_signal
state-affine-20-00,state,viability_reason,'nonfinite_scaled_signal','nonfinite_scaled_signal',True,nonfinite_scaled_signal
state-affine-20-00,state,calcein_control_scaled,inf,inf,True,
state-affine-20-00,state,pi_control_scaled,-inf,-inf,True,
state-affine-20-01,state,viability_state,'indeterminate','indeterminate',True,nonfinite_scaled_signal
state-affine-20-01,state,viability_reason,'nonfinite_scaled_signal','nonfinite_scaled_signal',True,nonfinite_scaled_signal
state-affine-20-01,state,calcein_control_scaled,inf,inf,True,
state-affine-20-01,state,pi_control_scaled,-5.0,-5.0,True,
state-affine-20-02,state,viability_state,'indeterminate','indeterminate',True,nonfinite_scaled_signal
state-affine-20-02,state,viability_reason,'nonfinite_scaled_signal','nonfinite_scaled_signal',True,nonfinite_scaled_signal
state-affine-20-02,state,calcein_control_scaled,inf,inf,True,
state-affine-20-02,state,pi_control_scaled,-0.5,-0.5,True,
state-affine-20-03,state,viability_state,'indeterminate','indeterminate',True,nonfinite_scaled_signal
state-affine-20-03,state,viability_reason,'nonfinite_scaled_signal','nonfinite_scaled_signal',True,nonfinite_scaled_signal
state-affine-20-03,state,calcein_control_scaled,inf,inf,True,
state-affine-20-03,state,pi_control_scaled,0.0,0.0,True,
state-affine-20-04,state,viability_state,'indeterminate','indeterminate',True,nonfinite_scaled_signal
state-affine-20-04,state,viability_reason,'nonfinite_scaled_signal','nonfinite_scaled_signal',True,nonfinite_scaled_signal
state-affine-20-04,state,calcein_control_scaled,inf,inf,True,
state-affine-20-04,state,pi_control_scaled,0.0,0.0,True,
state-affine-20-05,state,viability_state,'indeterminate','indeterminate',True,nonfinite_scaled_signal
state-affine-20-05,state,viability_reason,'nonfinite_scaled_signal','nonfinite_scaled_signal',True,nonfinite_scaled_signal
state-affine-20-05,state,calcein_control_scaled,inf,inf,True,
state-affine-20-05,state,pi_control_scaled,0.0,0.0,True,
state-affine-20-06,state,viability_state,'indeterminate','indeterminate',True,nonfinite_scaled_signal
state-affine-20-06,state,viability_reason,'nonfinite_scaled_signal','nonfinite_scaled_signal',True,nonfinite_scaled_signal
state-affine-20-06,state,calcein_control_scaled,inf,inf,True,
state-affine-20-06,state,pi_control_scaled,0.15,0.15,True,
state-affine-20-07,state,viability_state,'indeterminate','indeterminate',True,nonfinite_scaled_signal
state-affine-20-07,state,viability_reason,'nonfinite_scaled_signal','nonfinite_scaled_signal',True,nonfinite_scaled_signal
state-affine-20-07,state,calcein_control_scaled,inf,inf,True,
state-affine-20-07,state,pi_control_scaled,0.29999999999999993,0.29999999999999993,True,
state-affine-20-08,state,viability_state,'indeterminate','indeterminate',True,nonfinite_scaled_signal
state-affine-20-08,state,viability_reason,'nonfinite_scaled_signal','nonfinite_scaled_signal',True,nonfinite_scaled_signal
state-affine-20-08,state,calcein_control_scaled,inf,inf,True,
state-affine-20-08,state,pi_control_scaled,0.3,0.3,True,
state-affine-20-09,state,viability_state,'indeterminate','indeterminate',True,nonfinite_scaled_signal
state-affine-20-09,state,viability_reason,'nonfinite_scaled_signal','nonfinite_scaled_signal',True,nonfinite_scaled_signal
state-affine-20-09,state,calcein_control_scaled,inf,inf,True,
state-affine-20-09,state,pi_control_scaled,0.30000000000000004,0.30000000000000004,True,
state-affine-20-10,state,viability_state,'indeterminate','indeterminate',True,nonfinite_scaled_signal
state-affine-20-10,state,viability_reason,'nonfinite_scaled_signal','nonfinite_scaled_signal',True,nonfinite_scaled_signal
state-affine-20-10,state,calcein_control_scaled,inf,inf,True,
state-affine-20-10,state,pi_control_scaled,0.45,0.45,True,
state-affine-20-11,state,viability_state,'indeterminate','indeterminate',True,nonfinite_scaled_signal
state-affine-20-11,state,viability_reason,'nonfinite_scaled_signal','nonfinite_scaled_signal',True,nonfinite_scaled_signal
state-affine-20-11,state,calcein_control_scaled,inf,inf,True,
state-affine-20-11,state,pi_control_scaled,0.5999999999999999,0.5999999999999999,True,
state-affine-20-12,state,viability_state,'indeterminate','indeterminate',True,nonfinite_scaled_signal
state-affine-20-12,state,viability_reason,'nonfinite_scaled_signal','nonfinite_scaled_signal',True,nonfinite_scaled_signal
state-affine-20-12,state,calcein_control_scaled,inf,inf,True,
state-affine-20-12,state,pi_control_scaled,0.6,0.6,True,
state-affine-20-13,state,viability_state,'indeterminate','indeterminate',True,nonfinite_scaled_signal
state-affine-20-13,state,viability_reason,'nonfinite_scaled_signal','nonfinite_scaled_signal',True,nonfinite_scaled_signal
state-affine-20-13,state,calcein_control_scaled,inf,inf,True,
state-affine-20-13,state,pi_control_scaled,0.6000000000000001,0.6000000000000001,True,
state-affine-20-14,state,viability_state,'indeterminate','indeterminate',True,nonfinite_scaled_signal
state-affine-20-14,state,viability_reason,'nonfinite_scaled_signal','nonfinite_scaled_signal',True,nonfinite_scaled_signal
state-affine-20-14,state,calcein_control_scaled,inf,inf,True,
state-affine-20-14,state,pi_control_scaled,0.8,0.8,True,
state-affine-20-15,state,viability_state,'indeterminate','indeterminate',True,nonfinite_scaled_signal
state-affine-20-15,state,viability_reason,'nonfinite_scaled_signal','nonfinite_scaled_signal',True,nonfinite_scaled_signal
state-affine-20-15,state,calcein_control_scaled,inf,inf,True,
state-affine-20-15,state,pi_control_scaled,0.9999999999999999,0.9999999999999999,True,
state-affine-20-16,state,viability_state,'indeterminate','indeterminate',True,nonfinite_scaled_signal
state-affine-20-16,state,viability_reason,'nonfinite_scaled_signal','nonfinite_scaled_signal',True,nonfinite_scaled_signal
state-affine-20-16,state,calcein_control_scaled,inf,inf,True,
state-affine-20-16,state,pi_control_scaled,1.0,1.0,True,
state-affine-20-17,state,viability_state,'indeterminate','indeterminate',True,nonfinite_scaled_signal
state-affine-20-17,state,viability_reason,'nonfinite_scaled_signal','nonfinite_scaled_signal',True,nonfinite_scaled_signal
state-affine-20-17,state,calcein_control_scaled,inf,inf,True,
state-affine-20-17,state,pi_control_scaled,1.0000000000000002,1.0000000000000002,True,
state-affine-20-18,state,viability_state,'indeterminate','indeterminate',True,nonfinite_scaled_signal
state-affine-20-18,state,viability_reason,'nonfinite_scaled_signal','nonfinite_scaled_signal',True,nonfinite_scaled_signal
state-affine-20-18,state,calcein_control_scaled,inf,inf,True,
state-affine-20-18,state,pi_control_scaled,1.5,1.5,True,
state-affine-20-19,state,viability_state,'indeterminate','indeterminate',True,nonfinite_scaled_signal
state-affine-20-19,state,viability_reason,'nonfinite_scaled_signal','nonfinite_scaled_signal',True,nonfinite_scaled_signal
state-affine-20-19,state,calcein_control_scaled,inf,inf,True,
state-affine-20-19,state,pi_control_scaled,7.0,7.0,True,
state-affine-20-20,state,viability_state,'indeterminate','indeterminate',True,nonfinite_scaled_signal
state-affine-20-20,state,viability_reason,'nonfinite_scaled_signal','nonfinite_scaled_signal',True,nonfinite_scaled_signal
state-affine-20-20,state,calcein_control_scaled,inf,inf,True,
state-affine-20-20,state,pi_control_scaled,inf,inf,True,
state-affine-20-21,state,viability_state,'indeterminate','indeterminate',True,nonfinite_scaled_signal
state-affine-20-21,state,viability_reason,'nonfinite_scaled_signal','nonfinite_scaled_signal',True,nonfinite_scaled_signal
state-affine-20-21,state,calcein_control_scaled,inf,inf,True,
state-affine-20-21,state,pi_control_scaled,nan,nan,True,
state-affine-21-00,state,viability_state,'indeterminate','indeterminate',True,nonfinite_scaled_signal
state-affine-21-00,state,viability_reason,'nonfinite_scaled_signal','nonfinite_scaled_signal',True,nonfinite_scaled_signal
state-affine-21-00,state,calcein_control_scaled,nan,nan,True,
state-affine-21-00,state,pi_control_scaled,-inf,-inf,True,
state-affine-21-01,state,viability_state,'indeterminate','indeterminate',True,nonfinite_scaled_signal
state-affine-21-01,state,viability_reason,'nonfinite_scaled_signal','nonfinite_scaled_signal',True,nonfinite_scaled_signal
state-affine-21-01,state,calcein_control_scaled,nan,nan,True,
state-affine-21-01,state,pi_control_scaled,-5.0,-5.0,True,
state-affine-21-02,state,viability_state,'indeterminate','indeterminate',True,nonfinite_scaled_signal
state-affine-21-02,state,viability_reason,'nonfinite_scaled_signal','nonfinite_scaled_signal',True,nonfinite_scaled_signal
state-affine-21-02,state,calcein_control_scaled,nan,nan,True,
state-affine-21-02,state,pi_control_scaled,-0.5,-0.5,True,
state-affine-21-03,state,viability_state,'indeterminate','indeterminate',True,nonfinite_scaled_signal
state-affine-21-03,state,viability_reason,'nonfinite_scaled_signal','nonfinite_scaled_signal',True,nonfinite_scaled_signal
state-affine-21-03,state,calcein_control_scaled,nan,nan,True,
state-affine-21-03,state,pi_control_scaled,0.0,0.0,True,
state-affine-21-04,state,viability_state,'indeterminate','indeterminate',True,nonfinite_scaled_signal
state-affine-21-04,state,viability_reason,'nonfinite_scaled_signal','nonfinite_scaled_signal',True,nonfinite_scaled_signal
state-affine-21-04,state,calcein_control_scaled,nan,nan,True,
state-affine-21-04,state,pi_control_scaled,0.0,0.0,True,
state-affine-21-05,state,viability_state,'indeterminate','indeterminate',True,nonfinite_scaled_signal
state-affine-21-05,state,viability_reason,'nonfinite_scaled_signal','nonfinite_scaled_signal',True,nonfinite_scaled_signal
state-affine-21-05,state,calcein_control_scaled,nan,nan,True,
state-affine-21-05,state,pi_control_scaled,0.0,0.0,True,
state-affine-21-06,state,viability_state,'indeterminate','indeterminate',True,nonfinite_scaled_signal
state-affine-21-06,state,viability_reason,'nonfinite_scaled_signal','nonfinite_scaled_signal',True,nonfinite_scaled_signal
state-affine-21-06,state,calcein_control_scaled,nan,nan,True,
state-affine-21-06,state,pi_control_scaled,0.15,0.15,True,
state-affine-21-07,state,viability_state,'indeterminate','indeterminate',True,nonfinite_scaled_signal
state-affine-21-07,state,viability_reason,'nonfinite_scaled_signal','nonfinite_scaled_signal',True,nonfinite_scaled_signal
state-affine-21-07,state,calcein_control_scaled,nan,nan,True,
state-affine-21-07,state,pi_control_scaled,0.29999999999999993,0.29999999999999993,True,
state-affine-21-08,state,viability_state,'indeterminate','indeterminate',True,nonfinite_scaled_signal
state-affine-21-08,state,viability_reason,'nonfinite_scaled_signal','nonfinite_scaled_signal',True,nonfinite_scaled_signal
state-affine-21-08,state,calcein_control_scaled,nan,nan,True,
state-affine-21-08,state,pi_control_scaled,0.3,0.3,True,
state-affine-21-09,state,viability_state,'indeterminate','indeterminate',True,nonfinite_scaled_signal
state-affine-21-09,state,viability_reason,'nonfinite_scaled_signal','nonfinite_scaled_signal',True,nonfinite_scaled_signal
state-affine-21-09,state,calcein_control_scaled,nan,nan,True,
state-affine-21-09,state,pi_control_scaled,0.30000000000000004,0.30000000000000004,True,
state-affine-21-10,state,viability_state,'indeterminate','indeterminate',True,nonfinite_scaled_signal
state-affine-21-10,state,viability_reason,'nonfinite_scaled_signal','nonfinite_scaled_signal',True,nonfinite_scaled_signal
state-affine-21-10,state,calcein_control_scaled,nan,nan,True,
state-affine-21-10,state,pi_control_scaled,0.45,0.45,True,
state-affine-21-11,state,viability_state,'indeterminate','indeterminate',True,nonfinite_scaled_signal
state-affine-21-11,state,viability_reason,'nonfinite_scaled_signal','nonfinite_scaled_signal',True,nonfinite_scaled_signal
state-affine-21-11,state,calcein_control_scaled,nan,nan,True,
state-affine-21-11,state,pi_control_scaled,0.5999999999999999,0.5999999999999999,True,
state-affine-21-12,state,viability_state,'indeterminate','indeterminate',True,nonfinite_scaled_signal
state-affine-21-12,state,viability_reason,'nonfinite_scaled_signal','nonfinite_scaled_signal',True,nonfinite_scaled_signal
state-affine-21-12,state,calcein_control_scaled,nan,nan,True,
state-affine-21-12,state,pi_control_scaled,0.6,0.6,True,
state-affine-21-13,state,viability_state,'indeterminate','indeterminate',True,nonfinite_scaled_signal
state-affine-21-13,state,viability_reason,'nonfinite_scaled_signal','nonfinite_scaled_signal',True,nonfinite_scaled_signal
state-affine-21-13,state,calcein_control_scaled,nan,nan,True,
state-affine-21-13,state,pi_control_scaled,0.6000000000000001,0.6000000000000001,True,
state-affine-21-14,state,viability_state,'indeterminate','indeterminate',True,nonfinite_scaled_signal
state-affine-21-14,state,viability_reason,'nonfinite_scaled_signal','nonfinite_scaled_signal',True,nonfinite_scaled_signal
state-affine-21-14,state,calcein_control_scaled,nan,nan,True,
state-affine-21-14,state,pi_control_scaled,0.8,0.8,True,
state-affine-21-15,state,viability_state,'indeterminate','indeterminate',True,nonfinite_scaled_signal
state-affine-21-15,state,viability_reason,'nonfinite_scaled_signal','nonfinite_scaled_signal',True,nonfinite_scaled_signal
state-affine-21-15,state,calcein_control_scaled,nan,nan,True,
state-affine-21-15,state,pi_control_scaled,0.9999999999999999,0.9999999999999999,True,
state-affine-21-16,state,viability_state,'indeterminate','indeterminate',True,nonfinite_scaled_signal
state-affine-21-16,state,viability_reason,'nonfinite_scaled_signal','nonfinite_scaled_signal',True,nonfinite_scaled_signal
state-affine-21-16,state,calcein_control_scaled,nan,nan,True,
state-affine-21-16,state,pi_control_scaled,1.0,1.0,True,
state-affine-21-17,state,viability_state,'indeterminate','indeterminate',True,nonfinite_scaled_signal
state-affine-21-17,state,viability_reason,'nonfinite_scaled_signal','nonfinite_scaled_signal',True,nonfinite_scaled_signal
state-affine-21-17,state,calcein_control_scaled,nan,nan,True,
state-affine-21-17,state,pi_control_scaled,1.0000000000000002,1.0000000000000002,True,
state-affine-21-18,state,viability_state,'indeterminate','indeterminate',True,nonfinite_scaled_signal
state-affine-21-18,state,viability_reason,'nonfinite_scaled_signal','nonfinite_scaled_signal',True,nonfinite_scaled_signal
state-affine-21-18,state,calcein_control_scaled,nan,nan,True,
state-affine-21-18,state,pi_control_scaled,1.5,1.5,True,
state-affine-21-19,state,viability_state,'indeterminate','indeterminate',True,nonfinite_scaled_signal
state-affine-21-19,state,viability_reason,'nonfinite_scaled_signal','nonfinite_scaled_signal',True,nonfinite_scaled_signal
state-affine-21-19,state,calcein_control_scaled,nan,nan,True,
state-affine-21-19,state,pi_control_scaled,7.0,7.0,True,
state-affine-21-20,state,viability_state,'indeterminate','indeterminate',True,nonfinite_scaled_signal
state-affine-21-20,state,viability_reason,'nonfinite_scaled_signal','nonfinite_scaled_signal',True,nonfinite_scaled_signal
state-affine-21-20,state,calcein_control_scaled,nan,nan,True,
state-affine-21-20,state,pi_control_scaled,inf,inf,True,
state-affine-21-21,state,viability_state,'indeterminate','indeterminate',True,nonfinite_scaled_signal
state-affine-21-21,state,viability_reason,'nonfinite_scaled_signal','nonfinite_scaled_signal',True,nonfinite_scaled_signal
state-affine-21-21,state,calcein_control_scaled,nan,nan,True,
state-affine-21-21,state,pi_control_scaled,nan,nan,True,
refuse-morphology,refusal,viability_state,'indeterminate','indeterminate',True,morphology_QC_failed
refuse-morphology,refusal,viability_reason,'morphology_QC_failed','morphology_QC_failed',True,morphology_QC_failed
refuse-morphology,refusal,viability_method,'unclassified','unclassified',True,morphology_QC_failed
refuse-measurement,refusal,viability_state,'indeterminate','indeterminate',True,measurement_flag_passthrough
refuse-measurement,refusal,viability_reason,'saturated_calcein;missing_pi_channel','saturated_calcein;missing_pi_channel',True,measurement_flag_passthrough
refuse-measurement,refusal,viability_method,'unclassified','unclassified',True,measurement_flag_passthrough
refuse-missing-batch,refusal,viability_state,'indeterminate','indeterminate',True,missing_batch_controls
refuse-missing-batch,refusal,viability_reason,'missing_batch_controls','missing_batch_controls',True,missing_batch_controls
refuse-missing-batch,refusal,viability_method,'unclassified','unclassified',True,missing_batch_controls
refuse-unavailable-batch,refusal,viability_state,'indeterminate','indeterminate',True,pi_controls_not_separated
refuse-unavailable-batch,refusal,viability_reason,'pi_controls_not_separated','pi_controls_not_separated',True,pi_controls_not_separated
refuse-unavailable-batch,refusal,viability_method,'unclassified','unclassified',True,pi_controls_not_separated
calib-available,calibration,calcein_low,50.0,50.0,True,control_scaled_rules_require_external_validation
calib-available,calibration,calcein_high,1025.0,1025.0,True,control_scaled_rules_require_external_validation
calib-available,calibration,calcein_separation_snr,8.768379873195737,8.768379873195737,True,control_scaled_rules_require_external_validation
calib-available,calibration,pi_low,12.5,12.5,True,control_scaled_rules_require_external_validation
calib-available,calibration,pi_high,775.0,775.0,True,control_scaled_rules_require_external_validation
calib-available,calibration,pi_separation_snr,20.571968164036154,20.571968164036154,True,control_scaled_rules_require_external_validation
calib-available,calibration,status,'available','available',True,control_scaled_rules_require_external_validation
calib-available,calibration,reason,'control_scaled_rules_require_external_validation','control_scaled_rules_require_external_validation',True,control_scaled_rules_require_external_validation
calib-uncalibrated-mode,calibration,status,'unavailable','unavailable',True,viability_mode_uncalibrated
calib-uncalibrated-mode,calibration,reason,'viability_mode_uncalibrated','viability_mode_uncalibrated',True,viability_mode_uncalibrated
calib-no-eligible-controls,calibration,status,'unavailable','unavailable',True,no_QC_eligible_controls
calib-no-eligible-controls,calibration,reason,'no_QC_eligible_controls','no_QC_eligible_controls',True,no_QC_eligible_controls
calib-no-measurement-eligible-controls,calibration,status,'unavailable','unavailable',True,no_QC_eligible_controls
calib-no-measurement-eligible-controls,calibration,reason,'no_QC_eligible_controls','no_QC_eligible_controls',True,no_QC_eligible_controls
calib-controls-span-conditions,calibration,status,'unavailable','unavailable',True,controls_span_multiple_conditions
calib-controls-span-conditions,calibration,reason,'controls_span_multiple_conditions','controls_span_multiple_conditions',True,controls_span_multiple_conditions
calib-one-live-replicate,calibration,status,'unavailable','unavailable',True,insufficient_independent_control_replicates
calib-one-live-replicate,calibration,reason,'insufficient_independent_control_replicates','insufficient_independent_control_replicates',True,insufficient_independent_control_replicates
calib-calcein-not-separated,calibration,calcein_low,50.0,50.0,True,calcein_controls_not_separated
calib-calcein-not-separated,calibration,calcein_high,515.0,515.0,True,calcein_controls_not_separated
calib-calcein-not-separated,calibration,calcein_separation_snr,0.7210073635784294,0.7210073635784294,True,calcein_controls_not_separated
calib-calcein-not-separated,calibration,pi_low,12.5,12.5,True,calcein_controls_not_separated
calib-calcein-not-separated,calibration,pi_high,775.0,775.0,True,calcein_controls_not_separated
calib-calcein-not-separated,calibration,pi_separation_snr,20.571968164036154,20.571968164036154,True,calcein_controls_not_separated
calib-calcein-not-separated,calibration,status,'unavailable','unavailable',True,calcein_controls_not_separated
calib-calcein-not-separated,calibration,reason,'calcein_controls_not_separated','calcein_controls_not_separated',True,calcein_controls_not_separated
calib-pi-not-separated,calibration,calcein_low,50.0,50.0,True,pi_controls_not_separated
calib-pi-not-separated,calibration,calcein_high,1025.0,1025.0,True,pi_controls_not_separated
calib-pi-not-separated,calibration,calcein_separation_snr,8.768379873195737,8.768379873195737,True,pi_controls_not_separated
calib-pi-not-separated,calibration,pi_low,12.5,12.5,True,pi_controls_not_separated
calib-pi-not-separated,calibration,pi_high,408.75,408.75,True,pi_controls_not_separated
calib-pi-not-separated,calibration,pi_separation_snr,0.6831104496935485,0.6831104496935485,True,pi_controls_not_separated
calib-pi-not-separated,calibration,status,'unavailable','unavailable',True,pi_controls_not_separated
calib-pi-not-separated,calibration,reason,'pi_controls_not_separated','pi_controls_not_separated',True,pi_controls_not_separated
calib-both-not-separated-by-noise-floor,calibration,calcein_low,50.0,50.0,True,calcein_controls_not_separated;pi_controls_not_separated
calib-both-not-separated-by-noise-floor,calibration,calcein_high,1025.0,1025.0,True,calcein_controls_not_separated;pi_controls_not_separated
calib-both-not-separated-by-noise-floor,calibration,calcein_separation_snr,0.0975,0.0975,True,calcein_controls_not_separated;pi_controls_not_separated
calib-both-not-separated-by-noise-floor,calibration,pi_low,12.5,12.5,True,calcein_controls_not_separated;pi_controls_not_separated
calib-both-not-separated-by-noise-floor,calibration,pi_high,775.0,775.0,True,calcein_controls_not_separated;pi_controls_not_separated
calib-both-not-separated-by-noise-floor,calibration,pi_separation_snr,0.07625,0.07625,True,calcein_controls_not_separated;pi_controls_not_separated
calib-both-not-separated-by-noise-floor,calibration,status,'unavailable','unavailable',True,calcein_controls_not_separated;pi_controls_not_separated
calib-both-not-separated-by-noise-floor,calibration,reason,'calcein_controls_not_separated;pi_controls_not_separated','calcein_controls_not_separated;pi_controls_not_separated',True,calcein_controls_not_separated;pi_controls_not_separated
calib-ignores-samples-and-other-batches,calibration,calcein_low,50.0,50.0,True,control_scaled_rules_require_external_validation
calib-ignores-samples-and-other-batches,calibration,calcein_high,1025.0,1025.0,True,control_scaled_rules_require_external_validation
calib-ignores-samples-and-other-batches,calibration,calcein_separation_snr,8.768379873195737,8.768379873195737,True,control_scaled_rules_require_external_validation
calib-ignores-samples-and-other-batches,calibration,pi_low,12.5,12.5,True,control_scaled_rules_require_external_validation
calib-ignores-samples-and-other-batches,calibration,pi_high,775.0,775.0,True,control_scaled_rules_require_external_validation
calib-ignores-samples-and-other-batches,calibration,pi_separation_snr,20.571968164036154,20.571968164036154,True,control_scaled_rules_require_external_validation
calib-ignores-samples-and-other-batches,calibration,status,'available','available',True,control_scaled_rules_require_external_validation
calib-ignores-samples-and-other-batches,calibration,reason,'control_scaled_rules_require_external_validation','control_scaled_rules_require_external_validation',True,control_scaled_rules_require_external_validation
den-mixed,denominator,n_included,14,14,True,
den-mixed,denominator,n_classifiable,10,10,True,
den-mixed,denominator,fraction_indeterminate_denominator,14,14,True,
den-mixed,denominator,viability_fraction_definition,'classifiable-denominator/2','classifiable-denominator/2',True,
den-mixed,denominator,n_viable_like,5,5,True,
den-mixed,denominator,fraction_viable_like,0.5,0.5,True,
den-mixed,denominator,n_mixed_signal,3,3,True,
den-mixed,denominator,fraction_mixed_signal,0.3,0.3,True,
den-mixed,denominator,n_compromised_like,2,2,True,
den-mixed,denominator,fraction_compromised_like,0.2,0.2,True,
den-mixed,denominator,n_indeterminate,4,4,True,
den-mixed,denominator,fraction_indeterminate,0.2857142857142857,0.2857142857142857,True,
den-no-classifiable,denominator,n_included,4,4,True,
den-no-classifiable,denominator,n_classifiable,0,0,True,
den-no-classifiable,denominator,fraction_indeterminate_denominator,4,4,True,
den-no-classifiable,denominator,viability_fraction_definition,'classifiable-denominator/2','classifiable-denominator/2',True,
den-no-classifiable,denominator,n_viable_like,0,0,True,
den-no-classifiable,denominator,fraction_viable_like,nan,nan,True,
den-no-classifiable,denominator,n_mixed_signal,0,0,True,
den-no-classifiable,denominator,fraction_mixed_signal,nan,nan,True,
den-no-classifiable,denominator,n_compromised_like,0,0,True,
den-no-classifiable,denominator,fraction_compromised_like,nan,nan,True,
den-no-classifiable,denominator,n_indeterminate,4,4,True,
den-no-classifiable,denominator,fraction_indeterminate,1.0,1.0,True,
den-no-eligible,denominator,n_included,0,0,True,
den-no-eligible,denominator,n_classifiable,0,0,True,
den-no-eligible,denominator,fraction_indeterminate_denominator,0,0,True,
den-no-eligible,denominator,viability_fraction_definition,'classifiable-denominator/2','classifiable-denominator/2',True,
den-no-eligible,denominator,n_viable_like,0,0,True,
den-no-eligible,denominator,fraction_viable_like,nan,nan,True,
den-no-eligible,denominator,n_mixed_signal,0,0,True,
den-no-eligible,denominator,fraction_mixed_signal,nan,nan,True,
den-no-eligible,denominator,n_compromised_like,0,0,True,
den-no-eligible,denominator,fraction_compromised_like,nan,nan,True,
den-no-eligible,denominator,n_indeterminate,0,0,True,
den-no-eligible,denominator,fraction_indeterminate,nan,nan,True,
den-ineligible-carry-states,denominator,n_included,3,3,True,
den-ineligible-carry-states,denominator,n_classifiable,2,2,True,
den-ineligible-carry-states,denominator,fraction_indeterminate_denominator,3,3,True,
den-ineligible-carry-states,denominator,viability_fraction_definition,'classifiable-denominator/2','classifiable-denominator/2',True,
den-ineligible-carry-states,denominator,n_viable_like,1,1,True,
den-ineligible-carry-states,denominator,fraction_viable_like,0.5,0.5,True,
den-ineligible-carry-states,denominator,n_mixed_signal,0,0,True,
den-ineligible-carry-states,denominator,fraction_mixed_signal,0.0,0.0,True,
den-ineligible-carry-states,denominator,n_compromised_like,1,1,True,
den-ineligible-carry-states,denominator,fraction_compromised_like,0.5,0.5,True,
den-ineligible-carry-states,denominator,n_indeterminate,1,1,True,
den-ineligible-carry-states,denominator,fraction_indeterminate,0.3333333333333333,0.3333333333333333,True,
