dataset,condition,replicate,y
k2_g3_bal_icc30,C0,C0R0,-0.7365196274780899
k2_g3_bal_icc30,C0,C0R0,1.111254999927599
k2_g3_bal_icc30,C0,C0R0,0.7272436980522976
k2_g3_bal_icc30,C0,C0R0,-0.09546737165000668
k2_g3_bal_icc30,C0,C0R0,0.8399782249704397
k2_g3_bal_icc30,C0,C0R0,0.6588030871607209
k2_g3_bal_icc30,C0,C0R0,0.5998688389504335
k2_g3_bal_icc30,C0,C0R0,0.3775596896675197
k2_g3_bal_icc30,C0,C0R0,0.8111928383797808
k2_g3_bal_icc30,C0,C0R0,-0.2623817594778558
k2_g3_bal_icc30,C0,C0R1,-0.31980731426481634
k2_g3_bal_icc30,C0,C0R1,0.5845933308273227
k2_g3_bal_icc30,C0,C0R1,0.11679654217419876
k2_g3_bal_icc30,C0,C0R1,-0.161124230347916
k2_g3_bal_icc30,C0,C0R1,-0.5706289121880892
k2_g3_bal_icc30,C0,C0R1,-0.13161982418593815
k2_g3_bal_icc30,C0,C0R1,0.09037487964312706
k2_g3_bal_icc30,C0,C0R1,-0.14702329138603504
k2_g3_bal_icc30,C0,C0R1,1.1662541079657958
k2_g3_bal_icc30,C0,C0R1,0.9258486350308495
k2_g3_bal_icc30,C0,C0R2,-2.892634623253427
k2_g3_bal_icc30,C0,C0R2,-1.458397573935181
k2_g3_bal_icc30,C0,C0R2,-1.6654025917107975
k2_g3_bal_icc30,C0,C0R2,-1.1334261948028859
k2_g3_bal_icc30,C0,C0R2,-1.1303481781831188
k2_g3_bal_icc30,C0,C0R2,0.4597382782370101
k2_g3_bal_icc30,C0,C0R2,-2.2425560715794606
k2_g3_bal_icc30,C0,C0R2,-1.6280997660411674
k2_g3_bal_icc30,C0,C0R2,0.39693259656869584
k2_g3_bal_icc30,C0,C0R2,-0.77110220479699
k2_g3_bal_icc30,C1,C1R0,0.34393525328178887
k2_g3_bal_icc30,C1,C1R0,-0.6048947783217361
k2_g3_bal_icc30,C1,C1R0,0.9140948952014263
k2_g3_bal_icc30,C1,C1R0,0.8651915674658694
k2_g3_bal_icc30,C1,C1R0,-0.2528925644144121
k2_g3_bal_icc30,C1,C1R0,0.20235540088239246
k2_g3_bal_icc30,C1,C1R0,0.7137077708643109
k2_g3_bal_icc30,C1,C1R0,-0.016452080161635463
k2_g3_bal_icc30,C1,C1R0,0.6917652839457666
k2_g3_bal_icc30,C1,C1R0,0.853870670152653
k2_g3_bal_icc30,C1,C1R1,0.006706464243359189
k2_g3_bal_icc30,C1,C1R1,0.9270657340174776
k2_g3_bal_icc30,C1,C1R1,1.1759042241387392
k2_g3_bal_icc30,C1,C1R1,0.6987414075346693
k2_g3_bal_icc30,C1,C1R1,-0.25428006723676205
k2_g3_bal_icc30,C1,C1R1,1.0424446756882388
k2_g3_bal_icc30,C1,C1R1,0.010765637366703551
k2_g3_bal_icc30,C1,C1R1,1.165859002747135
k2_g3_bal_icc30,C1,C1R1,-0.4664212321209758
k2_g3_bal_icc30,C1,C1R1,1.1953986109568628
k2_g3_bal_icc30,C1,C1R2,-0.6449584146453899
k2_g3_bal_icc30,C1,C1R2,0.13719272453138426
k2_g3_bal_icc30,C1,C1R2,0.4450850790687533
k2_g3_bal_icc30,C1,C1R2,0.6280534741397973
k2_g3_bal_icc30,C1,C1R2,-0.4219376775983729
k2_g3_bal_icc30,C1,C1R2,-0.526674897948151
k2_g3_bal_icc30,C1,C1R2,0.5668042656238291
k2_g3_bal_icc30,C1,C1R2,0.009309118232774638
k2_g3_bal_icc30,C1,C1R2,0.5968579964353333
k2_g3_bal_icc30,C1,C1R2,1.0352794889061085
k2_g4g5_unbal_icc50,C0,C0R0,-0.3592661569402038
k2_g4g5_unbal_icc50,C0,C0R0,-0.8228040044939028
k2_g4g5_unbal_icc50,C0,C0R0,-1.861960146115849
k2_g4g5_unbal_icc50,C0,C0R0,-1.084687566611701
k2_g4g5_unbal_icc50,C0,C0R0,-1.433005479857718
k2_g4g5_unbal_icc50,C0,C0R0,-2.0234633346250623
k2_g4g5_unbal_icc50,C0,C0R0,-0.940606877655178
k2_g4g5_unbal_icc50,C0,C0R0,-1.85144809149821
k2_g4g5_unbal_icc50,C0,C0R0,-1.864365063789267
k2_g4g5_unbal_icc50,C0,C0R0,-2.191983793822845
k2_g4g5_unbal_icc50,C0,C0R0,-1.3101475140836856
k2_g4g5_unbal_icc50,C0,C0R0,-1.7019950664635057
k2_g4g5_unbal_icc50,C0,C0R1,0.05075891242765734
k2_g4g5_unbal_icc50,C0,C0R1,0.5697848689817785
k2_g4g5_unbal_icc50,C0,C0R1,-0.1508289885402601
k2_g4g5_unbal_icc50,C0,C0R1,1.0751096263395636
k2_g4g5_unbal_icc50,C0,C0R1,0.61306492335073
k2_g4g5_unbal_icc50,C0,C0R1,0.7138530397618471
k2_g4g5_unbal_icc50,C0,C0R1,0.7703741388105698
k2_g4g5_unbal_icc50,C0,C0R1,-0.23460944424790103
k2_g4g5_unbal_icc50,C0,C0R1,1.033896631515597
k2_g4g5_unbal_icc50,C0,C0R1,1.9344125479810577
k2_g4g5_unbal_icc50,C0,C0R1,-0.6784497663764171
k2_g4g5_unbal_icc50,C0,C0R1,-0.7427745376410255
k2_g4g5_unbal_icc50,C0,C0R1,-0.5839724590403159
k2_g4g5_unbal_icc50,C0,C0R1,1.0751053278967366
k2_g4g5_unbal_icc50,C0,C0R1,0.5711197524904834
k2_g4g5_unbal_icc50,C0,C0R1,1.2426072905336951
k2_g4g5_unbal_icc50,C0,C0R1,0.9909398069928301
k2_g4g5_unbal_icc50,C0,C0R1,0.629000794702987
k2_g4g5_unbal_icc50,C0,C0R1,0.6809493368678714
k2_g4g5_unbal_icc50,C0,C0R1,0.3600652391280521
k2_g4g5_unbal_icc50,C0,C0R1,1.0941981427840448
k2_g4g5_unbal_icc50,C0,C0R2,-0.03198883535751973
k2_g4g5_unbal_icc50,C0,C0R2,1.0700243589830971
k2_g4g5_unbal_icc50,C0,C0R2,-0.7443303059969899
k2_g4g5_unbal_icc50,C0,C0R2,-0.9667835137633194
k2_g4g5_unbal_icc50,C0,C0R2,-0.602076743615096
k2_g4g5_unbal_icc50,C0,C0R2,0.4816064004430883
k2_g4g5_unbal_icc50,C0,C0R2,-0.36994653333670985
k2_g4g5_unbal_icc50,C0,C0R2,0.7326822121493257
k2_g4g5_unbal_icc50,C0,C0R2,-1.5278508656685121
k2_g4g5_unbal_icc50,C0,C0R2,0.5942138205664587
k2_g4g5_unbal_icc50,C0,C0R2,0.5279883900778837
k2_g4g5_unbal_icc50,C0,C0R2,-1.206920675292639
k2_g4g5_unbal_icc50,C0,C0R2,-0.09517375236031925
k2_g4g5_unbal_icc50,C0,C0R3,1.0163653100346344
k2_g4g5_unbal_icc50,C0,C0R3,1.6610928137875032
k2_g4g5_unbal_icc50,C0,C0R3,2.633495799979885
k2_g4g5_unbal_icc50,C0,C0R3,1.1478965138301003
k2_g4g5_unbal_icc50,C0,C0R3,0.7559369235083172
k2_g4g5_unbal_icc50,C0,C0R3,0.40898094816522024
k2_g4g5_unbal_icc50,C0,C0R3,1.4124480334212075
k2_g4g5_unbal_icc50,C0,C0R3,0.8150879950373182
k2_g4g5_unbal_icc50,C0,C0R3,0.8278043881211736
k2_g4g5_unbal_icc50,C0,C0R3,0.8797672559186817
k2_g4g5_unbal_icc50,C0,C0R3,1.4137243972526927
k2_g4g5_unbal_icc50,C0,C0R3,0.2001811882125012
k2_g4g5_unbal_icc50,C0,C0R3,-0.1275888819088844
k2_g4g5_unbal_icc50,C0,C0R3,-0.7668135581037876
k2_g4g5_unbal_icc50,C0,C0R3,1.8017854803918465
k2_g4g5_unbal_icc50,C0,C0R3,1.006376943990009
k2_g4g5_unbal_icc50,C0,C0R3,2.0220128364424044
k2_g4g5_unbal_icc50,C0,C0R3,0.9478640998939527
k2_g4g5_unbal_icc50,C0,C0R3,0.42941400395621687
k2_g4g5_unbal_icc50,C0,C0R3,1.2921442071311127
k2_g4g5_unbal_icc50,C0,C0R3,0.9000409728739369
k2_g4g5_unbal_icc50,C0,C0R3,0.06735326546686937
k2_g4g5_unbal_icc50,C1,C1R0,1.2384911243838739
k2_g4g5_unbal_icc50,C1,C1R0,1.2823571580277275
k2_g4g5_unbal_icc50,C1,C1R0,0.7923758201395396
k2_g4g5_unbal_icc50,C1,C1R0,0.5002220348570878
k2_g4g5_unbal_icc50,C1,C1R0,1.618423289187748
k2_g4g5_unbal_icc50,C1,C1R0,0.913945341336058
k2_g4g5_unbal_icc50,C1,C1R0,0.45115692204244184
k2_g4g5_unbal_icc50,C1,C1R0,0.8930842299305425
k2_g4g5_unbal_icc50,C1,C1R0,0.34756726000540616
k2_g4g5_unbal_icc50,C1,C1R0,1.122310116717178
k2_g4g5_unbal_icc50,C1,C1R0,1.7864119302381511
k2_g4g5_unbal_icc50,C1,C1R0,0.3967259248837479
k2_g4g5_unbal_icc50,C1,C1R0,1.9980605687927706
k2_g4g5_unbal_icc50,C1,C1R0,0.5158488225591875
k2_g4g5_unbal_icc50,C1,C1R0,1.0964061960917109
k2_g4g5_unbal_icc50,C1,C1R1,-1.0099327976232901
k2_g4g5_unbal_icc50,C1,C1R1,-0.8192688229432583
k2_g4g5_unbal_icc50,C1,C1R1,-1.160157477594959
k2_g4g5_unbal_icc50,C1,C1R1,-1.3498056018492797
k2_g4g5_unbal_icc50,C1,C1R1,-1.332126726767011
k2_g4g5_unbal_icc50,C1,C1R1,-1.4334365730301033
k2_g4g5_unbal_icc50,C1,C1R1,-1.9630030144782096
k2_g4g5_unbal_icc50,C1,C1R1,-1.03873639971488
k2_g4g5_unbal_icc50,C1,C1R2,0.8385336680148918
k2_g4g5_unbal_icc50,C1,C1R2,2.1185622591413202
k2_g4g5_unbal_icc50,C1,C1R2,0.6063048857387822
k2_g4g5_unbal_icc50,C1,C1R2,0.058286149651031016
k2_g4g5_unbal_icc50,C1,C1R2,1.7044084842733076
k2_g4g5_unbal_icc50,C1,C1R2,-0.35953207482600086
k2_g4g5_unbal_icc50,C1,C1R2,1.0657800256561214
k2_g4g5_unbal_icc50,C1,C1R2,-0.29442640315156526
k2_g4g5_unbal_icc50,C1,C1R2,0.6313576949228551
k2_g4g5_unbal_icc50,C1,C1R2,-1.0109037510373478
k2_g4g5_unbal_icc50,C1,C1R2,1.016845477358137
k2_g4g5_unbal_icc50,C1,C1R2,0.26906497867049994
k2_g4g5_unbal_icc50,C1,C1R2,-0.3032911901491429
k2_g4g5_unbal_icc50,C1,C1R2,1.5677844245169534
k2_g4g5_unbal_icc50,C1,C1R2,0.9221504274395336
k2_g4g5_unbal_icc50,C1,C1R2,0.41335397184670003
k2_g4g5_unbal_icc50,C1,C1R2,-0.14614513466855578
k2_g4g5_unbal_icc50,C1,C1R2,0.35030095898243535
k2_g4g5_unbal_icc50,C1,C1R3,0.13520501277000008
k2_g4g5_unbal_icc50,C1,C1R3,0.18703501183725713
k2_g4g5_unbal_icc50,C1,C1R3,-0.8494644249683228
k2_g4g5_unbal_icc50,C1,C1R3,-0.7657530095530822
k2_g4g5_unbal_icc50,C1,C1R3,-0.7535163619640137
k2_g4g5_unbal_icc50,C1,C1R3,-1.3314007354584365
k2_g4g5_unbal_icc50,C1,C1R3,-0.7955959719295315
k2_g4g5_unbal_icc50,C1,C1R3,-0.44263173020128443
k2_g4g5_unbal_icc50,C1,C1R3,0.11128744484716585
k2_g4g5_unbal_icc50,C1,C1R3,0.5563599300133654
k2_g4g5_unbal_icc50,C1,C1R3,-0.9488762122239087
k2_g4g5_unbal_icc50,C1,C1R3,0.012309881310399229
k2_g4g5_unbal_icc50,C1,C1R3,-0.6915677960585522
k2_g4g5_unbal_icc50,C1,C1R3,1.0900899882105302
k2_g4g5_unbal_icc50,C1,C1R3,-0.41174210946579526
k2_g4g5_unbal_icc50,C1,C1R3,-0.02223197486492673
k2_g4g5_unbal_icc50,C1,C1R3,-1.0392559674314756
k2_g4g5_unbal_icc50,C1,C1R3,-0.9505333783001418
k2_g4g5_unbal_icc50,C1,C1R3,-0.2346692456784259
k2_g4g5_unbal_icc50,C1,C1R3,-0.6488568669481993
k2_g4g5_unbal_icc50,C1,C1R3,-0.1274766011350338
k2_g4g5_unbal_icc50,C1,C1R3,-1.4816657864251703
k2_g4g5_unbal_icc50,C1,C1R3,0.09081884291399722
k2_g4g5_unbal_icc50,C1,C1R4,0.7525858998881527
k2_g4g5_unbal_icc50,C1,C1R4,1.7324465912455695
k2_g4g5_unbal_icc50,C1,C1R4,-0.0298391243339855
k2_g4g5_unbal_icc50,C1,C1R4,1.2598738411655805
k2_g4g5_unbal_icc50,C1,C1R4,0.3286312549330237
k2_g4g5_unbal_icc50,C1,C1R4,0.6122804807511728
k3_g345_unbal_icc20,C0,C0R0,0.625192678297438
k3_g345_unbal_icc20,C0,C0R0,-0.9887018760846009
k3_g345_unbal_icc20,C0,C0R0,0.6105820182291439
k3_g345_unbal_icc20,C0,C0R0,0.044158541838375975
k3_g345_unbal_icc20,C0,C0R0,3.7902097666341286
k3_g345_unbal_icc20,C0,C0R0,1.0199783295022025
k3_g345_unbal_icc20,C0,C0R0,0.5026260724243459
k3_g345_unbal_icc20,C0,C0R0,0.5664375279866369
k3_g345_unbal_icc20,C0,C0R0,0.22050982645938222
k3_g345_unbal_icc20,C0,C0R0,-0.12572670032904154
k3_g345_unbal_icc20,C0,C0R0,0.4684856229593537
k3_g345_unbal_icc20,C0,C0R0,1.2490937033248557
k3_g345_unbal_icc20,C0,C0R0,0.6046598110370526
k3_g345_unbal_icc20,C0,C0R0,1.6746740696113926
k3_g345_unbal_icc20,C0,C0R0,0.6393201862105442
k3_g345_unbal_icc20,C0,C0R0,0.8397270579137688
k3_g345_unbal_icc20,C0,C0R0,2.2006528450067426
k3_g345_unbal_icc20,C0,C0R0,1.3055858447234188
k3_g345_unbal_icc20,C0,C0R0,0.3661383244596827
k3_g345_unbal_icc20,C0,C0R0,0.654492492812611
k3_g345_unbal_icc20,C0,C0R0,1.301489018527675
k3_g345_unbal_icc20,C0,C0R0,2.548823997943954
k3_g345_unbal_icc20,C0,C0R0,0.5768728912464625
k3_g345_unbal_icc20,C0,C0R0,0.6001831380949946
k3_g345_unbal_icc20,C0,C0R0,1.7145251821573941
k3_g345_unbal_icc20,C0,C0R0,0.025154766372299076
k3_g345_unbal_icc20,C0,C0R0,0.557106135208338
k3_g345_unbal_icc20,C0,C0R1,1.9342238202760071
k3_g345_unbal_icc20,C0,C0R1,1.4969980133440326
k3_g345_unbal_icc20,C0,C0R1,2.0145025412636732
k3_g345_unbal_icc20,C0,C0R1,-1.1144422823044833
k3_g345_unbal_icc20,C0,C0R1,2.3286275734232857
k3_g345_unbal_icc20,C0,C0R1,0.5568106186246405
k3_g345_unbal_icc20,C0,C0R1,-0.0773159732158748
k3_g345_unbal_icc20,C0,C0R1,1.6624035896498315
k3_g345_unbal_icc20,C0,C0R1,2.0417293794700386
k3_g345_unbal_icc20,C0,C0R1,1.0173308794630935
k3_g345_unbal_icc20,C0,C0R1,0.45237633356035567
k3_g345_unbal_icc20,C0,C0R1,1.4385097469708117
k3_g345_unbal_icc20,C0,C0R1,1.3679643587531405
k3_g345_unbal_icc20,C0,C0R1,2.6723482048038214
k3_g345_unbal_icc20,C0,C0R1,2.0836450122696815
k3_g345_unbal_icc20,C0,C0R1,1.588496969557923
k3_g345_unbal_icc20,C0,C0R1,2.4094179506683537
k3_g345_unbal_icc20,C0,C0R1,1.2313175812846522
k3_g345_unbal_icc20,C0,C0R2,1.8026965793955672
k3_g345_unbal_icc20,C0,C0R2,1.089509558423061
k3_g345_unbal_icc20,C0,C0R2,0.5814931004688764
k3_g345_unbal_icc20,C0,C0R2,1.4866198616943846
k3_g345_unbal_icc20,C0,C0R2,-0.9489484761841172
k3_g345_unbal_icc20,C0,C0R2,1.8989247375640117
k3_g345_unbal_icc20,C0,C0R2,1.721151511152482
k3_g345_unbal_icc20,C0,C0R2,-0.18418001371228931
k3_g345_unbal_icc20,C1,C1R0,-2.112711345830976
k3_g345_unbal_icc20,C1,C1R0,-0.573115299896766
k3_g345_unbal_icc20,C1,C1R0,-3.069808912335783
k3_g345_unbal_icc20,C1,C1R0,-2.0683431727290857
k3_g345_unbal_icc20,C1,C1R0,-0.6157267566999278
k3_g345_unbal_icc20,C1,C1R0,-0.21607785050728823
k3_g345_unbal_icc20,C1,C1R0,-3.18057308223481
k3_g345_unbal_icc20,C1,C1R0,-1.6958547712727625
k3_g345_unbal_icc20,C1,C1R0,-0.9570043019614305
k3_g345_unbal_icc20,C1,C1R0,-1.79529387090414
k3_g345_unbal_icc20,C1,C1R0,0.1723174820679958
k3_g345_unbal_icc20,C1,C1R0,-2.3158599266093627
k3_g345_unbal_icc20,C1,C1R0,-0.9332913790886717
k3_g345_unbal_icc20,C1,C1R0,-2.1881167949063975
k3_g345_unbal_icc20,C1,C1R0,0.007137093952289897
k3_g345_unbal_icc20,C1,C1R0,-1.269759839911679
k3_g345_unbal_icc20,C1,C1R0,-1.5833454182330253
k3_g345_unbal_icc20,C1,C1R0,-2.787185730133496
k3_g345_unbal_icc20,C1,C1R0,0.2538761061000734
k3_g345_unbal_icc20,C1,C1R0,-0.5770887498146259
k3_g345_unbal_icc20,C1,C1R0,-0.5763864055032044
k3_g345_unbal_icc20,C1,C1R0,-0.23264245382054094
k3_g345_unbal_icc20,C1,C1R1,-2.2794698035989933
k3_g345_unbal_icc20,C1,C1R1,-2.279432910562188
k3_g345_unbal_icc20,C1,C1R1,-0.33828233505834393
k3_g345_unbal_icc20,C1,C1R1,-2.8699169463584298
k3_g345_unbal_icc20,C1,C1R1,-2.0971213979952714
k3_g345_unbal_icc20,C1,C1R1,-1.851041587137089
k3_g345_unbal_icc20,C1,C1R1,-1.3628069268960046
k3_g345_unbal_icc20,C1,C1R1,-1.049104153377575
k3_g345_unbal_icc20,C1,C1R1,-2.6809386199158562
k3_g345_unbal_icc20,C1,C1R1,-3.1110833623978853
k3_g345_unbal_icc20,C1,C1R1,-1.5676605004686202
k3_g345_unbal_icc20,C1,C1R1,-0.4782678074343909
k3_g345_unbal_icc20,C1,C1R1,-0.8865789773836957
k3_g345_unbal_icc20,C1,C1R1,-1.3708283660824476
k3_g345_unbal_icc20,C1,C1R1,-1.847384922572346
k3_g345_unbal_icc20,C1,C1R1,-1.301436099943015
k3_g345_unbal_icc20,C1,C1R1,-1.7813578079962316
k3_g345_unbal_icc20,C1,C1R1,-0.8327805045274953
k3_g345_unbal_icc20,C1,C1R1,-2.274287592502086
k3_g345_unbal_icc20,C1,C1R1,-1.4436444319917223
k3_g345_unbal_icc20,C1,C1R1,-1.662797056745015
k3_g345_unbal_icc20,C1,C1R1,-1.0777168783032502
k3_g345_unbal_icc20,C1,C1R1,-1.3627894870860533
k3_g345_unbal_icc20,C1,C1R2,1.2030152082933736
k3_g345_unbal_icc20,C1,C1R2,1.201300061315493
k3_g345_unbal_icc20,C1,C1R2,-1.9616100457977292
k3_g345_unbal_icc20,C1,C1R2,-0.44181079998752454
k3_g345_unbal_icc20,C1,C1R2,-0.6817802409081352
k3_g345_unbal_icc20,C1,C1R2,0.3390583268693298
k3_g345_unbal_icc20,C1,C1R2,-2.175845618124561
k3_g345_unbal_icc20,C1,C1R2,0.9130811969948949
k3_g345_unbal_icc20,C1,C1R2,0.8169165283034812
k3_g345_unbal_icc20,C1,C1R2,-1.3020299375280404
k3_g345_unbal_icc20,C1,C1R2,-1.0126627690163557
k3_g345_unbal_icc20,C1,C1R2,-0.8540123884151712
k3_g345_unbal_icc20,C1,C1R2,-0.09869732683233884
k3_g345_unbal_icc20,C1,C1R2,0.43587959159802425
k3_g345_unbal_icc20,C1,C1R2,1.6942626146767525
k3_g345_unbal_icc20,C1,C1R2,-0.314022918534605
k3_g345_unbal_icc20,C1,C1R2,0.5490528005410072
k3_g345_unbal_icc20,C1,C1R3,0.17303661666636794
k3_g345_unbal_icc20,C1,C1R3,0.733299181101728
k3_g345_unbal_icc20,C1,C1R3,-1.4546715472239247
k3_g345_unbal_icc20,C1,C1R3,-0.6627148740215825
k3_g345_unbal_icc20,C1,C1R3,-1.2186297357969758
k3_g345_unbal_icc20,C1,C1R3,0.8552963247541647
k3_g345_unbal_icc20,C1,C1R3,0.09744145744558441
k3_g345_unbal_icc20,C1,C1R3,-0.763699026013067
k3_g345_unbal_icc20,C1,C1R3,-0.8954691356656472
k3_g345_unbal_icc20,C1,C1R3,-0.05727210882486461
k3_g345_unbal_icc20,C1,C1R3,-1.1182062309730956
k3_g345_unbal_icc20,C1,C1R3,-1.3231135489418078
k3_g345_unbal_icc20,C1,C1R3,-0.06030456219326363
k3_g345_unbal_icc20,C1,C1R3,1.712322710122191
k3_g345_unbal_icc20,C1,C1R3,-0.7109180977886178
k3_g345_unbal_icc20,C2,C2R0,-1.0870558283590086
k3_g345_unbal_icc20,C2,C2R0,-1.233611411805134
k3_g345_unbal_icc20,C2,C2R0,0.43001796873214304
k3_g345_unbal_icc20,C2,C2R0,0.7214400556211426
k3_g345_unbal_icc20,C2,C2R0,-0.031335191254053575
k3_g345_unbal_icc20,C2,C2R0,0.2579236962644934
k3_g345_unbal_icc20,C2,C2R0,0.06413762772881547
k3_g345_unbal_icc20,C2,C2R0,0.08447535338735397
k3_g345_unbal_icc20,C2,C2R0,-1.4045794655019566
k3_g345_unbal_icc20,C2,C2R0,-0.4492947511903349
k3_g345_unbal_icc20,C2,C2R0,0.060168812861104995
k3_g345_unbal_icc20,C2,C2R1,-0.7366597973736636
k3_g345_unbal_icc20,C2,C2R1,-0.3023049289029095
k3_g345_unbal_icc20,C2,C2R1,0.7590268020316334
k3_g345_unbal_icc20,C2,C2R1,-0.367672956344431
k3_g345_unbal_icc20,C2,C2R1,-0.14164255565772632
k3_g345_unbal_icc20,C2,C2R1,0.7237953911055122
k3_g345_unbal_icc20,C2,C2R1,0.5726835760970013
k3_g345_unbal_icc20,C2,C2R1,1.5122232997303053
k3_g345_unbal_icc20,C2,C2R2,0.040554014066947475
k3_g345_unbal_icc20,C2,C2R2,-1.1572119257624145
k3_g345_unbal_icc20,C2,C2R2,-0.6053718996100601
k3_g345_unbal_icc20,C2,C2R3,1.623118480353047
k3_g345_unbal_icc20,C2,C2R3,0.8322266039627048
k3_g345_unbal_icc20,C2,C2R3,2.13322103398575
k3_g345_unbal_icc20,C2,C2R3,0.4403951187819904
k3_g345_unbal_icc20,C2,C2R3,0.5673969054665934
k3_g345_unbal_icc20,C2,C2R3,1.408456400461272
k3_g345_unbal_icc20,C2,C2R3,0.20033248789146568
k3_g345_unbal_icc20,C2,C2R3,2.626268276940585
k3_g345_unbal_icc20,C2,C2R3,1.605101027255098
k3_g345_unbal_icc20,C2,C2R3,2.639388686576386
k3_g345_unbal_icc20,C2,C2R3,0.6697128699775763
k3_g345_unbal_icc20,C2,C2R3,0.3508501460418404
k3_g345_unbal_icc20,C2,C2R3,0.8429072372966026
k3_g345_unbal_icc20,C2,C2R3,1.350520159756889
k3_g345_unbal_icc20,C2,C2R3,0.16808366606999126
k3_g345_unbal_icc20,C2,C2R3,1.0331105289186184
k3_g345_unbal_icc20,C2,C2R3,0.6784647579643506
k3_g345_unbal_icc20,C2,C2R3,2.1386046606184785
k3_g345_unbal_icc20,C2,C2R3,0.10075644150947471
k3_g345_unbal_icc20,C2,C2R3,1.6292104967751047
k3_g345_unbal_icc20,C2,C2R3,0.11760590847596697
k3_g345_unbal_icc20,C2,C2R3,-0.1657223809632511
k3_g345_unbal_icc20,C2,C2R3,0.058183840359864014
k3_g345_unbal_icc20,C2,C2R3,-0.37103963521908356
k3_g345_unbal_icc20,C2,C2R3,0.8243947034123544
k3_g345_unbal_icc20,C2,C2R3,1.6158826589812685
k3_g345_unbal_icc20,C2,C2R3,0.8404626572036634
k3_g345_unbal_icc20,C2,C2R3,1.2519083183185171
k3_g345_unbal_icc20,C2,C2R3,2.1533559429271043
k3_g345_unbal_icc20,C2,C2R3,0.9350139586021589
k3_g345_unbal_icc20,C2,C2R4,0.050306228375433776
k3_g345_unbal_icc20,C2,C2R4,-1.142126944914472
k3_g345_unbal_icc20,C2,C2R4,0.9758598432395021
k3_g345_unbal_icc20,C2,C2R4,-1.2746972997571036
k3_g345_unbal_icc20,C2,C2R4,0.8801002361420782
k3_g345_unbal_icc20,C2,C2R4,0.283520186850759
k3_g345_unbal_icc20,C2,C2R4,1.3041526524346427
k3_g345_unbal_icc20,C2,C2R4,0.2357131207737505
k3_g345_unbal_icc20,C2,C2R4,-0.4399639203973075
k3_g345_unbal_icc20,C2,C2R4,0.6164533590370016
k3_g345_unbal_icc20,C2,C2R4,-0.20476174864261132
k3_g345_unbal_icc20,C2,C2R4,0.13447598014092524
k3_g345_unbal_icc20,C2,C2R4,0.3337790547933907
k3_g345_unbal_icc20,C2,C2R4,0.17598376378892816
k3_g345_unbal_icc20,C2,C2R4,0.12745879605623106
k3_g345_unbal_icc20,C2,C2R4,-0.4482327480200895
k3_g345_unbal_icc20,C2,C2R4,0.1271622852861389
k3_g345_unbal_icc20,C2,C2R4,-1.616261298112853
k3_g345_unbal_icc20,C2,C2R4,0.15560658052902135
k3_g345_unbal_icc20,C2,C2R4,-0.7752451656422681
k3_g345_unbal_icc20,C2,C2R4,1.298322990251742
k3_g345_unbal_icc20,C2,C2R4,1.4321856978976641
k2_g2_bal_icc60,C0,C0R0,1.3797011267718815
k2_g2_bal_icc60,C0,C0R0,-0.07529131326224658
k2_g2_bal_icc60,C0,C0R0,0.9595286527527515
k2_g2_bal_icc60,C0,C0R0,0.5685063939524022
k2_g2_bal_icc60,C0,C0R0,1.0568223150782585
k2_g2_bal_icc60,C0,C0R1,-1.418682516430534
k2_g2_bal_icc60,C0,C0R1,-1.4227245132607909
k2_g2_bal_icc60,C0,C0R1,-0.5750790774563683
k2_g2_bal_icc60,C0,C0R1,-1.3713285850929144
k2_g2_bal_icc60,C0,C0R1,-1.2486944168994643
k2_g2_bal_icc60,C1,C1R0,0.18082913998002348
k2_g2_bal_icc60,C1,C1R0,-2.4554824876715333
k2_g2_bal_icc60,C1,C1R0,-0.5470811782051676
k2_g2_bal_icc60,C1,C1R0,-1.452571513687031
k2_g2_bal_icc60,C1,C1R0,-1.8008916191546973
k2_g2_bal_icc60,C1,C1R1,-1.0207342320920376
k2_g2_bal_icc60,C1,C1R1,-0.35526213508989024
k2_g2_bal_icc60,C1,C1R1,-0.665322060378639
k2_g2_bal_icc60,C1,C1R1,0.34194550399273704
k2_g2_bal_icc60,C1,C1R1,-1.7528580157607099
k3_g6_unbal_icc05,C0,C0R0,-0.040009414151831846
k3_g6_unbal_icc05,C0,C0R0,-0.685591963249385
k3_g6_unbal_icc05,C0,C0R0,-0.9118472583404253
k3_g6_unbal_icc05,C0,C0R0,0.5828491189878069
k3_g6_unbal_icc05,C0,C0R0,1.446451426408078
k3_g6_unbal_icc05,C0,C0R0,0.11892413078263253
k3_g6_unbal_icc05,C0,C0R0,-1.349038070188339
k3_g6_unbal_icc05,C0,C0R0,-1.0809393739189141
k3_g6_unbal_icc05,C0,C0R0,1.4125677154225458
k3_g6_unbal_icc05,C0,C0R0,0.05080735697928729
k3_g6_unbal_icc05,C0,C0R0,-1.835214194075418
k3_g6_unbal_icc05,C0,C0R0,-0.22851494328485
k3_g6_unbal_icc05,C0,C0R0,-1.2807104193723648
k3_g6_unbal_icc05,C0,C0R0,-0.7602921490472243
k3_g6_unbal_icc05,C0,C0R0,-0.6225872252566189
k3_g6_unbal_icc05,C0,C0R0,-0.8421898590719239
k3_g6_unbal_icc05,C0,C0R0,0.3924286291361004
k3_g6_unbal_icc05,C0,C0R0,-0.2084265848415658
k3_g6_unbal_icc05,C0,C0R0,-0.7214445106463296
k3_g6_unbal_icc05,C0,C0R0,0.252327579728927
k3_g6_unbal_icc05,C0,C0R0,0.6619049159857546
k3_g6_unbal_icc05,C0,C0R0,-1.7483590758823282
k3_g6_unbal_icc05,C0,C0R0,-0.397167559781876
k3_g6_unbal_icc05,C0,C0R0,-1.1028522637593596
k3_g6_unbal_icc05,C0,C0R0,-0.3157088220476851
k3_g6_unbal_icc05,C0,C0R0,-1.4037079202968643
k3_g6_unbal_icc05,C0,C0R0,-0.12677148384200093
k3_g6_unbal_icc05,C0,C0R0,-0.18386443805746935
k3_g6_unbal_icc05,C0,C0R0,-0.44356973239715514
k3_g6_unbal_icc05,C0,C0R0,-1.168330398789891
k3_g6_unbal_icc05,C0,C0R0,-0.5330965526540608
k3_g6_unbal_icc05,C0,C0R0,-1.2106338221391786
k3_g6_unbal_icc05,C0,C0R0,-1.4678320797561473
k3_g6_unbal_icc05,C0,C0R0,0.07215604519163546
k3_g6_unbal_icc05,C0,C0R0,-1.2281985555071213
k3_g6_unbal_icc05,C0,C0R0,0.9937255566699095
k3_g6_unbal_icc05,C0,C0R0,0.5515052657813544
k3_g6_unbal_icc05,C0,C0R0,-2.0941688293951364
k3_g6_unbal_icc05,C0,C0R0,0.11830042714314226
k3_g6_unbal_icc05,C0,C0R0,-1.2207585249306403
k3_g6_unbal_icc05,C0,C0R0,-0.11471779275237493
k3_g6_unbal_icc05,C0,C0R0,-0.1044107795589087
k3_g6_unbal_icc05,C0,C0R0,-2.0850196068998246
k3_g6_unbal_icc05,C0,C0R0,-0.37445011886087154
k3_g6_unbal_icc05,C0,C0R0,-0.39625126855195636
k3_g6_unbal_icc05,C0,C0R1,-1.3373877609155371
k3_g6_unbal_icc05,C0,C0R1,0.5334984053479261
k3_g6_unbal_icc05,C0,C0R1,-1.2570020054537452
k3_g6_unbal_icc05,C0,C0R1,-0.5087582742129388
k3_g6_unbal_icc05,C0,C0R1,-1.0050477667616404
k3_g6_unbal_icc05,C0,C0R1,1.2261927391334426
k3_g6_unbal_icc05,C0,C0R1,0.36796976849877805
k3_g6_unbal_icc05,C0,C0R1,2.1843038064144733
k3_g6_unbal_icc05,C0,C0R1,0.439806839080468
k3_g6_unbal_icc05,C0,C0R1,0.6377411855743598
k3_g6_unbal_icc05,C0,C0R1,0.6335404561485624
k3_g6_unbal_icc05,C0,C0R1,-0.7771076430374224
k3_g6_unbal_icc05,C0,C0R1,-0.25411114103458654
k3_g6_unbal_icc05,C0,C0R1,1.1303404036751175
k3_g6_unbal_icc05,C0,C0R1,-0.5723657298092714
k3_g6_unbal_icc05,C0,C0R1,-0.0018368338784463534
k3_g6_unbal_icc05,C0,C0R1,-0.2065419246647644
k3_g6_unbal_icc05,C0,C0R1,0.40793493244313805
k3_g6_unbal_icc05,C0,C0R1,-0.5415249005059132
k3_g6_unbal_icc05,C0,C0R1,-0.3343598538374788
k3_g6_unbal_icc05,C0,C0R1,0.050388339559330586
k3_g6_unbal_icc05,C0,C0R1,-0.0854413199087439
k3_g6_unbal_icc05,C0,C0R1,-1.0289270014548648
k3_g6_unbal_icc05,C0,C0R1,0.6872454556859507
k3_g6_unbal_icc05,C0,C0R1,-1.4514587840056836
k3_g6_unbal_icc05,C0,C0R1,-1.3565584781215454
k3_g6_unbal_icc05,C0,C0R1,-1.4358742314915358
k3_g6_unbal_icc05,C0,C0R1,0.7566321397218166
k3_g6_unbal_icc05,C0,C0R1,-0.5373334153353316
k3_g6_unbal_icc05,C0,C0R1,-1.1323050425448025
k3_g6_unbal_icc05,C0,C0R1,-1.2931125443144769
k3_g6_unbal_icc05,C0,C0R2,-1.8767037257556602
k3_g6_unbal_icc05,C0,C0R2,-0.038388844419876444
k3_g6_unbal_icc05,C0,C0R2,-1.803241666101193
k3_g6_unbal_icc05,C0,C0R2,-0.9511090897516573
k3_g6_unbal_icc05,C0,C0R2,-0.643425589643387
k3_g6_unbal_icc05,C0,C0R2,-1.0708944789157113
k3_g6_unbal_icc05,C0,C0R2,-0.6895595272189022
k3_g6_unbal_icc05,C0,C0R2,0.6680397416344961
k3_g6_unbal_icc05,C0,C0R2,-1.1406413556544162
k3_g6_unbal_icc05,C0,C0R2,-1.8642560447753946
k3_g6_unbal_icc05,C0,C0R2,-2.42707352054561
k3_g6_unbal_icc05,C0,C0R2,-0.8364165782787021
k3_g6_unbal_icc05,C0,C0R2,-0.9801729190217687
k3_g6_unbal_icc05,C0,C0R2,-0.3784566000693438
k3_g6_unbal_icc05,C0,C0R2,-1.0893249113602546
k3_g6_unbal_icc05,C0,C0R2,-1.1033543218112543
k3_g6_unbal_icc05,C0,C0R2,-1.3398868805174622
k3_g6_unbal_icc05,C0,C0R2,-1.1434344163219046
k3_g6_unbal_icc05,C0,C0R2,-0.4806655798200156
k3_g6_unbal_icc05,C0,C0R2,-1.0075572363875376
k3_g6_unbal_icc05,C0,C0R2,-0.5389366470052186
k3_g6_unbal_icc05,C0,C0R2,1.216212809648514
k3_g6_unbal_icc05,C0,C0R2,-0.16984864705392172
k3_g6_unbal_icc05,C0,C0R2,-2.173017614562109
k3_g6_unbal_icc05,C0,C0R2,1.052800380839066
k3_g6_unbal_icc05,C0,C0R2,-0.2978316405952024
k3_g6_unbal_icc05,C0,C0R2,-1.5544114249730672
k3_g6_unbal_icc05,C0,C0R2,0.24724670980147256
k3_g6_unbal_icc05,C0,C0R2,-0.6196266944652028
k3_g6_unbal_icc05,C0,C0R2,-1.2364761071830073
k3_g6_unbal_icc05,C0,C0R2,-1.254303376502457
k3_g6_unbal_icc05,C0,C0R2,-1.605112790840244
k3_g6_unbal_icc05,C0,C0R2,-0.5899346712192083
k3_g6_unbal_icc05,C0,C0R2,0.4049183953053488
k3_g6_unbal_icc05,C0,C0R2,-0.953656851163649
k3_g6_unbal_icc05,C0,C0R2,-0.22666663509637347
k3_g6_unbal_icc05,C0,C0R2,1.1913183796577944
k3_g6_unbal_icc05,C0,C0R2,-1.8206717666008132
k3_g6_unbal_icc05,C0,C0R2,-0.3858335422742643
k3_g6_unbal_icc05,C0,C0R2,-0.9355130258902681
k3_g6_unbal_icc05,C0,C0R2,-1.6692703916728628
k3_g6_unbal_icc05,C0,C0R2,-1.6367074235328931
k3_g6_unbal_icc05,C0,C0R2,-0.6517333700185942
k3_g6_unbal_icc05,C0,C0R2,-0.2139575110516858
k3_g6_unbal_icc05,C0,C0R2,-1.1549649211798387
k3_g6_unbal_icc05,C0,C0R2,-0.5838219103048012
k3_g6_unbal_icc05,C0,C0R2,0.06708666755941273
k3_g6_unbal_icc05,C0,C0R2,-0.347783106887404
k3_g6_unbal_icc05,C0,C0R2,0.20983971396484657
k3_g6_unbal_icc05,C0,C0R2,-0.18712244489770447
k3_g6_unbal_icc05,C0,C0R2,-0.16118615932627772
k3_g6_unbal_icc05,C0,C0R2,1.1435474020988103
k3_g6_unbal_icc05,C0,C0R2,-0.02944244588714784
k3_g6_unbal_icc05,C0,C0R2,-0.5106424052562529
k3_g6_unbal_icc05,C0,C0R2,0.05513236952984446
k3_g6_unbal_icc05,C0,C0R2,-1.5326861995845646
k3_g6_unbal_icc05,C0,C0R2,-0.9659891649291162
k3_g6_unbal_icc05,C0,C0R2,0.13630079826262975
k3_g6_unbal_icc05,C0,C0R3,1.2492387786358647
k3_g6_unbal_icc05,C0,C0R3,-0.2497096726516901
k3_g6_unbal_icc05,C0,C0R3,-1.6852183423481581
k3_g6_unbal_icc05,C0,C0R3,1.6380240188256279
k3_g6_unbal_icc05,C0,C0R3,0.8053026279881857
k3_g6_unbal_icc05,C0,C0R3,-1.2918471216039338
k3_g6_unbal_icc05,C0,C0R3,1.0810695180347936
k3_g6_unbal_icc05,C0,C0R3,-0.22833517696585848
k3_g6_unbal_icc05,C0,C0R3,-2.0279165861949577
k3_g6_unbal_icc05,C0,C0R3,-0.6696278409697989
k3_g6_unbal_icc05,C0,C0R3,-0.7559356196776595
k3_g6_unbal_icc05,C0,C0R3,1.290649466692403
k3_g6_unbal_icc05,C0,C0R3,-1.0319305866769768
k3_g6_unbal_icc05,C0,C0R3,-0.5071131244509655
k3_g6_unbal_icc05,C0,C0R3,-0.5296705852579772
k3_g6_unbal_icc05,C0,C0R3,-0.6292944768577953
k3_g6_unbal_icc05,C0,C0R3,-1.1508467074363828
k3_g6_unbal_icc05,C0,C0R3,-0.046378013964139764
k3_g6_unbal_icc05,C0,C0R3,0.789621825257311
k3_g6_unbal_icc05,C0,C0R3,0.34826066561734736
k3_g6_unbal_icc05,C0,C0R3,-1.1639318324776737
k3_g6_unbal_icc05,C0,C0R3,-1.3806192905030334
k3_g6_unbal_icc05,C0,C0R3,-0.14395644263192017
k3_g6_unbal_icc05,C0,C0R3,-0.9486066728516889
k3_g6_unbal_icc05,C0,C0R3,-0.8741270168051776
k3_g6_unbal_icc05,C0,C0R3,-1.8970812807600126
k3_g6_unbal_icc05,C0,C0R3,1.6411865337238845
k3_g6_unbal_icc05,C0,C0R3,0.6334923186774585
k3_g6_unbal_icc05,C0,C0R3,-1.2091649660553445
k3_g6_unbal_icc05,C0,C0R3,0.6252963506735988
k3_g6_unbal_icc05,C0,C0R3,1.0485770545475845
k3_g6_unbal_icc05,C0,C0R3,-2.588966026080211
k3_g6_unbal_icc05,C0,C0R3,-0.7949627117104686
k3_g6_unbal_icc05,C0,C0R3,-0.6380670353918844
k3_g6_unbal_icc05,C0,C0R3,0.3719227819984575
k3_g6_unbal_icc05,C0,C0R3,-0.37830736767259965
k3_g6_unbal_icc05,C0,C0R4,1.3923805008109833
k3_g6_unbal_icc05,C0,C0R4,1.691270590756622
k3_g6_unbal_icc05,C0,C0R4,-0.9255554868464604
k3_g6_unbal_icc05,C0,C0R4,-1.316808923550026
k3_g6_unbal_icc05,C0,C0R4,2.2103582269874127
k3_g6_unbal_icc05,C0,C0R4,-1.3689548970333565
k3_g6_unbal_icc05,C0,C0R4,-0.9729011065467417
k3_g6_unbal_icc05,C0,C0R4,-0.37836270717288056
k3_g6_unbal_icc05,C0,C0R4,0.05699222394112735
k3_g6_unbal_icc05,C0,C0R4,0.5889618353694177
k3_g6_unbal_icc05,C0,C0R4,-0.032940494705002654
k3_g6_unbal_icc05,C0,C0R4,-1.264311790987943
k3_g6_unbal_icc05,C0,C0R4,0.07954248746028997
k3_g6_unbal_icc05,C0,C0R4,-0.17042842662114283
k3_g6_unbal_icc05,C0,C0R4,1.4153763901143237
k3_g6_unbal_icc05,C0,C0R4,-0.4286379468011105
k3_g6_unbal_icc05,C0,C0R4,-1.7171379420249793
k3_g6_unbal_icc05,C0,C0R4,-1.4325773711904006
k3_g6_unbal_icc05,C0,C0R4,0.9994164113938435
k3_g6_unbal_icc05,C0,C0R4,-0.9404727314780199
k3_g6_unbal_icc05,C0,C0R5,-1.4375346786653174
k3_g6_unbal_icc05,C0,C0R5,-0.8715239006206053
k3_g6_unbal_icc05,C0,C0R5,0.28719019533471357
k3_g6_unbal_icc05,C0,C0R5,-1.8603198487728525
k3_g6_unbal_icc05,C0,C0R5,-0.2217360910475522
k3_g6_unbal_icc05,C0,C0R5,-0.09637694147276099
k3_g6_unbal_icc05,C0,C0R5,-1.5532180189551
k3_g6_unbal_icc05,C0,C0R5,-1.054378446010362
k3_g6_unbal_icc05,C0,C0R5,0.8531081376387859
k3_g6_unbal_icc05,C0,C0R5,0.8053824819538942
k3_g6_unbal_icc05,C0,C0R5,-0.03767891419189218
k3_g6_unbal_icc05,C0,C0R5,-0.5479973281480861
k3_g6_unbal_icc05,C0,C0R5,0.237948359508946
k3_g6_unbal_icc05,C0,C0R5,-1.0086538753034355
k3_g6_unbal_icc05,C0,C0R5,-0.9642238736136584
k3_g6_unbal_icc05,C0,C0R5,-1.7101139523600202
k3_g6_unbal_icc05,C0,C0R5,-0.8661161014929046
k3_g6_unbal_icc05,C0,C0R5,-0.9514785357042383
k3_g6_unbal_icc05,C0,C0R5,1.8318631268942496
k3_g6_unbal_icc05,C0,C0R5,-1.0594988858820127
k3_g6_unbal_icc05,C0,C0R5,0.3671015417188168
k3_g6_unbal_icc05,C1,C1R0,0.4359099908767846
k3_g6_unbal_icc05,C1,C1R0,-2.825572900048194
k3_g6_unbal_icc05,C1,C1R0,-0.6113538283464055
k3_g6_unbal_icc05,C1,C1R0,0.13167765283625432
k3_g6_unbal_icc05,C1,C1R0,-3.041027371133144
k3_g6_unbal_icc05,C1,C1R0,-1.8336977311728528
k3_g6_unbal_icc05,C1,C1R0,0.32545583295393554
k3_g6_unbal_icc05,C1,C1R0,-0.9543805141673356
k3_g6_unbal_icc05,C1,C1R0,-1.7742690850389247
k3_g6_unbal_icc05,C1,C1R0,-1.068013418116188
k3_g6_unbal_icc05,C1,C1R0,-1.2327270668693475
k3_g6_unbal_icc05,C1,C1R0,0.0022264944749177396
k3_g6_unbal_icc05,C1,C1R0,-0.261484170887262
k3_g6_unbal_icc05,C1,C1R0,-0.9770102025266529
k3_g6_unbal_icc05,C1,C1R0,-1.3523732357623794
k3_g6_unbal_icc05,C1,C1R0,-0.7563889048146706
k3_g6_unbal_icc05,C1,C1R0,0.5877248266659959
k3_g6_unbal_icc05,C1,C1R0,-0.36368882917117845
k3_g6_unbal_icc05,C1,C1R0,-0.08111027332199927
k3_g6_unbal_icc05,C1,C1R0,-0.8507436571517668
k3_g6_unbal_icc05,C1,C1R0,-1.9629841352753687
k3_g6_unbal_icc05,C1,C1R0,-1.3967219784683138
k3_g6_unbal_icc05,C1,C1R0,-0.06913051543581161
k3_g6_unbal_icc05,C1,C1R0,-0.6032747907044771
k3_g6_unbal_icc05,C1,C1R0,-1.5848315354072482
k3_g6_unbal_icc05,C1,C1R0,-2.2807824346878047
k3_g6_unbal_icc05,C1,C1R0,-0.5959980311560539
k3_g6_unbal_icc05,C1,C1R0,-1.0348112947445085
k3_g6_unbal_icc05,C1,C1R0,-1.0455319984437714
k3_g6_unbal_icc05,C1,C1R0,-1.024985501425775
k3_g6_unbal_icc05,C1,C1R0,-0.42716092774190806
k3_g6_unbal_icc05,C1,C1R0,-0.416885261156671
k3_g6_unbal_icc05,C1,C1R0,0.23388950802889186
k3_g6_unbal_icc05,C1,C1R0,0.20103601778661673
k3_g6_unbal_icc05,C1,C1R0,0.5944863271734017
k3_g6_unbal_icc05,C1,C1R0,0.08206808497277462
k3_g6_unbal_icc05,C1,C1R0,-1.0309876513289329
k3_g6_unbal_icc05,C1,C1R0,-0.7567722290324308
k3_g6_unbal_icc05,C1,C1R0,-0.2221761140556318
k3_g6_unbal_icc05,C1,C1R0,-1.0063128974466347
k3_g6_unbal_icc05,C1,C1R0,-0.1683507235527778
k3_g6_unbal_icc05,C1,C1R0,0.4205220294514239
k3_g6_unbal_icc05,C1,C1R0,-1.484835411071659
k3_g6_unbal_icc05,C1,C1R0,-2.4294343286909177
k3_g6_unbal_icc05,C1,C1R0,0.4595535335910409
k3_g6_unbal_icc05,C1,C1R0,-0.6865671838360903
k3_g6_unbal_icc05,C1,C1R0,-0.013151500774052916
k3_g6_unbal_icc05,C1,C1R0,-2.002448032566529
k3_g6_unbal_icc05,C1,C1R0,0.9852348056086041
k3_g6_unbal_icc05,C1,C1R0,0.01604021296561109
k3_g6_unbal_icc05,C1,C1R1,-1.0334460426787786
k3_g6_unbal_icc05,C1,C1R1,-0.5793585677203763
k3_g6_unbal_icc05,C1,C1R1,-0.8528801488046731
k3_g6_unbal_icc05,C1,C1R1,-0.9620040756896462
k3_g6_unbal_icc05,C1,C1R1,-1.7816216110622887
k3_g6_unbal_icc05,C1,C1R1,0.5404638497125057
k3_g6_unbal_icc05,C1,C1R1,-0.7289460952865175
k3_g6_unbal_icc05,C1,C1R1,-0.617624719229177
k3_g6_unbal_icc05,C1,C1R1,-0.5998072368488568
k3_g6_unbal_icc05,C1,C1R1,-2.9888764802308088
k3_g6_unbal_icc05,C1,C1R1,-0.17657660177614398
k3_g6_unbal_icc05,C1,C1R1,-1.01119108171072
k3_g6_unbal_icc05,C1,C1R1,-0.9722755763768421
k3_g6_unbal_icc05,C1,C1R1,-0.6223497358973533
k3_g6_unbal_icc05,C1,C1R1,-1.6382225131201689
k3_g6_unbal_icc05,C1,C1R1,0.1316553908586625
k3_g6_unbal_icc05,C1,C1R1,-1.3686154780796742
k3_g6_unbal_icc05,C1,C1R1,-1.5711474618038523
k3_g6_unbal_icc05,C1,C1R1,-1.5307290127730067
k3_g6_unbal_icc05,C1,C1R1,-0.5356375529508943
k3_g6_unbal_icc05,C1,C1R1,0.036525376246874686
k3_g6_unbal_icc05,C1,C1R1,-1.2703566911804538
k3_g6_unbal_icc05,C1,C1R1,-2.162318435313893
k3_g6_unbal_icc05,C1,C1R1,0.3452172878719729
k3_g6_unbal_icc05,C1,C1R1,-1.7284856161639466
k3_g6_unbal_icc05,C1,C1R1,0.47420604782714315
k3_g6_unbal_icc05,C1,C1R1,-0.7432916147388958
k3_g6_unbal_icc05,C1,C1R1,-1.3710378198493878
k3_g6_unbal_icc05,C1,C1R1,-1.3142043157409788
k3_g6_unbal_icc05,C1,C1R1,-0.2401990790917085
k3_g6_unbal_icc05,C1,C1R1,0.17648185811854356
k3_g6_unbal_icc05,C1,C1R1,-0.883522985422015
k3_g6_unbal_icc05,C1,C1R1,0.23258692822829985
k3_g6_unbal_icc05,C1,C1R1,1.3437641991496259
k3_g6_unbal_icc05,C1,C1R1,-0.8934044002278749
k3_g6_unbal_icc05,C1,C1R1,-1.8107125423127726
k3_g6_unbal_icc05,C1,C1R1,-1.7180728754943169
k3_g6_unbal_icc05,C1,C1R1,-2.045501817623525
k3_g6_unbal_icc05,C1,C1R1,-1.3138393000518611
k3_g6_unbal_icc05,C1,C1R2,-0.44172192033722335
k3_g6_unbal_icc05,C1,C1R2,-3.5037000344972187
k3_g6_unbal_icc05,C1,C1R2,-2.245837204684844
k3_g6_unbal_icc05,C1,C1R2,1.0057428808958528
k3_g6_unbal_icc05,C1,C1R2,0.05304307418557075
k3_g6_unbal_icc05,C1,C1R2,-0.4489273076197555
k3_g6_unbal_icc05,C1,C1R2,-0.5128006088981916
k3_g6_unbal_icc05,C1,C1R2,0.7676144321943177
k3_g6_unbal_icc05,C1,C1R2,-0.4364144189062218
k3_g6_unbal_icc05,C1,C1R2,-0.8828688183847577
k3_g6_unbal_icc05,C1,C1R2,-2.1574934197264835
k3_g6_unbal_icc05,C1,C1R2,-1.0302831417462197
k3_g6_unbal_icc05,C1,C1R2,-1.6737832503441221
k3_g6_unbal_icc05,C1,C1R2,-1.6467761274789225
k3_g6_unbal_icc05,C1,C1R2,-1.65463560951838
k3_g6_unbal_icc05,C1,C1R2,-1.0019979907218626
k3_g6_unbal_icc05,C1,C1R2,-1.2798439652204918
k3_g6_unbal_icc05,C1,C1R2,-0.1094281097241212
k3_g6_unbal_icc05,C1,C1R2,-2.25108338771364
k3_g6_unbal_icc05,C1,C1R2,-1.1236607254147561
k3_g6_unbal_icc05,C1,C1R2,0.8539323583513692
k3_g6_unbal_icc05,C1,C1R2,-0.9205691752720402
k3_g6_unbal_icc05,C1,C1R2,0.20978399630970368
k3_g6_unbal_icc05,C1,C1R2,0.1495958606440475
k3_g6_unbal_icc05,C1,C1R2,0.3248279430448704
k3_g6_unbal_icc05,C1,C1R2,-0.23905203515967677
k3_g6_unbal_icc05,C1,C1R2,-2.3039739669650188
k3_g6_unbal_icc05,C1,C1R2,-1.219098907755673
k3_g6_unbal_icc05,C1,C1R2,-1.3291868803255302
k3_g6_unbal_icc05,C1,C1R2,-2.468119022012488
k3_g6_unbal_icc05,C1,C1R2,-1.4106174860851177
k3_g6_unbal_icc05,C1,C1R2,-2.1769087166562366
k3_g6_unbal_icc05,C1,C1R2,-2.5818603513970646
k3_g6_unbal_icc05,C1,C1R2,-0.7529253658125992
k3_g6_unbal_icc05,C1,C1R2,-1.0009691266676926
k3_g6_unbal_icc05,C1,C1R2,-1.6288806569843235
k3_g6_unbal_icc05,C1,C1R2,-1.8849985882288047
k3_g6_unbal_icc05,C1,C1R2,-1.4860497023108485
k3_g6_unbal_icc05,C1,C1R3,-1.1480774827673201
k3_g6_unbal_icc05,C1,C1R3,-0.801673941277549
k3_g6_unbal_icc05,C1,C1R3,-1.1748133211235874
k3_g6_unbal_icc05,C1,C1R3,-0.37312715039635586
k3_g6_unbal_icc05,C1,C1R3,-0.24066927524556248
k3_g6_unbal_icc05,C1,C1R3,-0.40149256830602387
k3_g6_unbal_icc05,C1,C1R3,-1.396614141874284
k3_g6_unbal_icc05,C1,C1R3,-1.3511966457359523
k3_g6_unbal_icc05,C1,C1R3,-0.32644768488675596
k3_g6_unbal_icc05,C1,C1R3,-0.9423543272279788
k3_g6_unbal_icc05,C1,C1R3,-0.792359866273462
k3_g6_unbal_icc05,C1,C1R3,-3.179197304636272
k3_g6_unbal_icc05,C1,C1R3,-3.3820366034890017
k3_g6_unbal_icc05,C1,C1R3,-0.42168937415204555
k3_g6_unbal_icc05,C1,C1R3,-0.4290867385336286
k3_g6_unbal_icc05,C1,C1R3,0.6078486051124198
k3_g6_unbal_icc05,C1,C1R3,-0.047397922439948226
k3_g6_unbal_icc05,C1,C1R3,-0.5341765349836082
k3_g6_unbal_icc05,C1,C1R3,-0.7343526338866324
k3_g6_unbal_icc05,C1,C1R3,-2.1409153370520357
k3_g6_unbal_icc05,C1,C1R3,0.11051259332036856
k3_g6_unbal_icc05,C1,C1R3,-1.3386036594580961
k3_g6_unbal_icc05,C1,C1R3,-0.26053951930510844
k3_g6_unbal_icc05,C1,C1R3,-0.5553243054856677
k3_g6_unbal_icc05,C1,C1R3,-0.4850934130168402
k3_g6_unbal_icc05,C1,C1R3,0.11977139092725408
k3_g6_unbal_icc05,C1,C1R3,-1.2277632083286036
k3_g6_unbal_icc05,C1,C1R3,-1.1277309511659186
k3_g6_unbal_icc05,C1,C1R3,-1.5844913601745167
k3_g6_unbal_icc05,C1,C1R3,-1.1179031042649044
k3_g6_unbal_icc05,C1,C1R3,0.8734573697162958
k3_g6_unbal_icc05,C1,C1R3,-1.1044200158517716
k3_g6_unbal_icc05,C1,C1R3,0.40529505334632676
k3_g6_unbal_icc05,C1,C1R3,0.054795573780676565
k3_g6_unbal_icc05,C1,C1R3,-0.0394848191303766
k3_g6_unbal_icc05,C1,C1R3,0.032381556347225615
k3_g6_unbal_icc05,C1,C1R3,-1.7388952822680768
k3_g6_unbal_icc05,C1,C1R3,-0.38630901086961034
k3_g6_unbal_icc05,C1,C1R3,0.7978918215651819
k3_g6_unbal_icc05,C1,C1R3,-1.4284787730710689
k3_g6_unbal_icc05,C1,C1R3,-0.7962150908745698
k3_g6_unbal_icc05,C1,C1R3,-1.4220100409033987
k3_g6_unbal_icc05,C1,C1R3,-0.44131618286079755
k3_g6_unbal_icc05,C1,C1R4,-0.6695372726145112
k3_g6_unbal_icc05,C1,C1R4,-1.8058446622114073
k3_g6_unbal_icc05,C1,C1R4,1.4432029186071889
k3_g6_unbal_icc05,C1,C1R4,0.6437045526365028
k3_g6_unbal_icc05,C1,C1R4,0.2031383238544321
k3_g6_unbal_icc05,C1,C1R4,0.21685797206629964
k3_g6_unbal_icc05,C1,C1R4,-0.6509825135321271
k3_g6_unbal_icc05,C1,C1R4,-0.5198857825268464
k3_g6_unbal_icc05,C1,C1R4,0.4034424998648404
k3_g6_unbal_icc05,C1,C1R4,0.5921460212273925
k3_g6_unbal_icc05,C1,C1R4,0.6067539760675608
k3_g6_unbal_icc05,C1,C1R4,-0.0950750791653309
k3_g6_unbal_icc05,C1,C1R4,-0.7568230364558899
k3_g6_unbal_icc05,C1,C1R4,-0.48946772299251007
k3_g6_unbal_icc05,C1,C1R4,0.7792598657004739
k3_g6_unbal_icc05,C1,C1R4,1.1012144203665155
k3_g6_unbal_icc05,C1,C1R4,-0.6349143209692463
k3_g6_unbal_icc05,C1,C1R4,-0.7674625488942963
k3_g6_unbal_icc05,C1,C1R4,0.9137168531726525
k3_g6_unbal_icc05,C1,C1R4,0.4030816670115568
k3_g6_unbal_icc05,C1,C1R4,0.377359064722241
k3_g6_unbal_icc05,C1,C1R4,-1.5813487860763993
k3_g6_unbal_icc05,C1,C1R4,-0.666537845300291
k3_g6_unbal_icc05,C1,C1R4,-0.8041997047837164
k3_g6_unbal_icc05,C1,C1R4,-0.09960375811517047
k3_g6_unbal_icc05,C1,C1R4,-1.9445224495560836
k3_g6_unbal_icc05,C1,C1R4,0.9373071542126199
k3_g6_unbal_icc05,C1,C1R4,-0.00971186505678212
k3_g6_unbal_icc05,C1,C1R4,0.12158255246720462
k3_g6_unbal_icc05,C1,C1R5,-0.9527127281996541
k3_g6_unbal_icc05,C1,C1R5,0.3738948525147804
k3_g6_unbal_icc05,C1,C1R5,-2.4569113576875625
k3_g6_unbal_icc05,C1,C1R5,-0.6289354983286735
k3_g6_unbal_icc05,C1,C1R5,-0.245850556879333
k3_g6_unbal_icc05,C1,C1R5,-1.6013879467034813
k3_g6_unbal_icc05,C1,C1R5,-0.1328498159586684
k3_g6_unbal_icc05,C1,C1R5,-1.2486728316256812
k3_g6_unbal_icc05,C1,C1R5,0.2716668328765667
k3_g6_unbal_icc05,C1,C1R5,-0.41280645662235094
k3_g6_unbal_icc05,C1,C1R5,-0.7082765209572004
k3_g6_unbal_icc05,C1,C1R5,1.0310877571085602
k3_g6_unbal_icc05,C1,C1R5,-0.11612896598102929
k3_g6_unbal_icc05,C1,C1R5,0.34853897687111324
k3_g6_unbal_icc05,C1,C1R5,-2.0863616970093215
k3_g6_unbal_icc05,C1,C1R5,-1.5571959466711411
k3_g6_unbal_icc05,C1,C1R5,-0.11157473289396991
k3_g6_unbal_icc05,C1,C1R5,-0.044280076764361076
k3_g6_unbal_icc05,C1,C1R5,-0.9812899964844803
k3_g6_unbal_icc05,C1,C1R5,-0.1669779181469263
k3_g6_unbal_icc05,C1,C1R5,-1.958516966350647
k3_g6_unbal_icc05,C1,C1R5,-0.7185405386985181
k3_g6_unbal_icc05,C1,C1R5,-2.0451953242424294
k3_g6_unbal_icc05,C1,C1R5,-0.5950142403120522
k3_g6_unbal_icc05,C1,C1R5,-1.400823095087459
k3_g6_unbal_icc05,C1,C1R5,-1.5517284326022533
k3_g6_unbal_icc05,C1,C1R5,-0.8720878286755167
k3_g6_unbal_icc05,C1,C1R5,0.8444796114977556
k3_g6_unbal_icc05,C1,C1R5,-1.9131046907441687
k3_g6_unbal_icc05,C1,C1R5,-1.513475285815446
k3_g6_unbal_icc05,C1,C1R5,0.11366895020502132
k3_g6_unbal_icc05,C1,C1R5,-1.3398030579550133
k3_g6_unbal_icc05,C2,C2R0,0.013915406264385824
k3_g6_unbal_icc05,C2,C2R0,0.2734259740757883
k3_g6_unbal_icc05,C2,C2R0,1.6226702878950243
k3_g6_unbal_icc05,C2,C2R0,0.5643457532516145
k3_g6_unbal_icc05,C2,C2R0,0.4292070329266891
k3_g6_unbal_icc05,C2,C2R0,0.171058925590382
k3_g6_unbal_icc05,C2,C2R0,-1.5972791614298831
k3_g6_unbal_icc05,C2,C2R0,-0.9372780963205561
k3_g6_unbal_icc05,C2,C2R0,1.371363352466878
k3_g6_unbal_icc05,C2,C2R0,0.726646251203323
k3_g6_unbal_icc05,C2,C2R0,0.41882935678283084
k3_g6_unbal_icc05,C2,C2R0,0.5465102826426576
k3_g6_unbal_icc05,C2,C2R0,-0.6042506251868066
k3_g6_unbal_icc05,C2,C2R0,0.2549851647231201
k3_g6_unbal_icc05,C2,C2R0,-0.9524076574582881
k3_g6_unbal_icc05,C2,C2R0,0.3070311494941679
k3_g6_unbal_icc05,C2,C2R0,-0.7704744624130558
k3_g6_unbal_icc05,C2,C2R0,-0.2828274467290327
k3_g6_unbal_icc05,C2,C2R0,0.36751246797927684
k3_g6_unbal_icc05,C2,C2R0,-0.3929349104827115
k3_g6_unbal_icc05,C2,C2R0,0.5567631258067173
k3_g6_unbal_icc05,C2,C2R0,0.3700694726097602
k3_g6_unbal_icc05,C2,C2R0,0.27593479716773084
k3_g6_unbal_icc05,C2,C2R0,1.2164548810828755
k3_g6_unbal_icc05,C2,C2R0,-1.5109867395193264
k3_g6_unbal_icc05,C2,C2R0,-1.6302851653645283
k3_g6_unbal_icc05,C2,C2R0,0.5262165446768065
k3_g6_unbal_icc05,C2,C2R0,0.8425509999252055
k3_g6_unbal_icc05,C2,C2R0,1.8862828978974617
k3_g6_unbal_icc05,C2,C2R0,0.6626862925970852
k3_g6_unbal_icc05,C2,C2R0,0.7347718284947194
k3_g6_unbal_icc05,C2,C2R0,-0.9351416217709708
k3_g6_unbal_icc05,C2,C2R0,0.6591433118752655
k3_g6_unbal_icc05,C2,C2R0,0.5823552985281317
k3_g6_unbal_icc05,C2,C2R0,-1.1035517420276622
k3_g6_unbal_icc05,C2,C2R0,-0.9480438994005983
k3_g6_unbal_icc05,C2,C2R0,-0.18264148652041612
k3_g6_unbal_icc05,C2,C2R0,0.20653334663071093
k3_g6_unbal_icc05,C2,C2R0,-2.94464356004226
k3_g6_unbal_icc05,C2,C2R0,-0.005896321656432557
k3_g6_unbal_icc05,C2,C2R0,0.15058747314599452
k3_g6_unbal_icc05,C2,C2R0,-0.24678041970242998
k3_g6_unbal_icc05,C2,C2R0,0.18564708418658665
k3_g6_unbal_icc05,C2,C2R0,0.36994077142889525
k3_g6_unbal_icc05,C2,C2R0,-1.0604444465720064
k3_g6_unbal_icc05,C2,C2R0,0.3312205946874805
k3_g6_unbal_icc05,C2,C2R0,-0.3193656158822208
k3_g6_unbal_icc05,C2,C2R0,-0.9963502497642748
k3_g6_unbal_icc05,C2,C2R0,0.1294235741033305
k3_g6_unbal_icc05,C2,C2R0,1.3755545897471728
k3_g6_unbal_icc05,C2,C2R0,-1.4975662875983982
k3_g6_unbal_icc05,C2,C2R0,-1.6856738943980656
k3_g6_unbal_icc05,C2,C2R0,-1.685728704678556
k3_g6_unbal_icc05,C2,C2R0,1.8528234444395921
k3_g6_unbal_icc05,C2,C2R0,-0.31963516247564594
k3_g6_unbal_icc05,C2,C2R0,-0.13240217200863397
k3_g6_unbal_icc05,C2,C2R0,-0.8410808335401195
k3_g6_unbal_icc05,C2,C2R0,-0.9910567707186848
k3_g6_unbal_icc05,C2,C2R0,-2.0499605711400686
k3_g6_unbal_icc05,C2,C2R0,0.09166985360953829
k3_g6_unbal_icc05,C2,C2R1,-1.9926285630974556
k3_g6_unbal_icc05,C2,C2R1,-1.082877520122104
k3_g6_unbal_icc05,C2,C2R1,-0.7914138457095424
k3_g6_unbal_icc05,C2,C2R1,-0.09148552825500986
k3_g6_unbal_icc05,C2,C2R1,0.17180620775930844
k3_g6_unbal_icc05,C2,C2R1,1.0311457830685336
k3_g6_unbal_icc05,C2,C2R1,1.263765750448573
k3_g6_unbal_icc05,C2,C2R1,0.9752591690560788
k3_g6_unbal_icc05,C2,C2R1,1.241418799758364
k3_g6_unbal_icc05,C2,C2R1,-1.2030238307329466
k3_g6_unbal_icc05,C2,C2R1,-0.6065931905814694
k3_g6_unbal_icc05,C2,C2R1,1.0485114827271635
k3_g6_unbal_icc05,C2,C2R1,0.2152105463010746
k3_g6_unbal_icc05,C2,C2R1,-0.04789379649551808
k3_g6_unbal_icc05,C2,C2R1,-1.9950205388084006
k3_g6_unbal_icc05,C2,C2R1,-1.8783073154234438
k3_g6_unbal_icc05,C2,C2R1,0.646241418353943
k3_g6_unbal_icc05,C2,C2R1,0.26678601675455504
k3_g6_unbal_icc05,C2,C2R1,-0.3547027483821718
k3_g6_unbal_icc05,C2,C2R1,-0.46865652486686193
k3_g6_unbal_icc05,C2,C2R1,-1.7485382028920138
k3_g6_unbal_icc05,C2,C2R1,0.2956742911225941
k3_g6_unbal_icc05,C2,C2R1,0.9420872087348717
k3_g6_unbal_icc05,C2,C2R1,1.5344488106528362
k3_g6_unbal_icc05,C2,C2R2,-1.2380863579602268
k3_g6_unbal_icc05,C2,C2R2,1.0224298665802616
k3_g6_unbal_icc05,C2,C2R2,1.4937964047165715
k3_g6_unbal_icc05,C2,C2R2,-0.767484772045899
k3_g6_unbal_icc05,C2,C2R2,0.11355601590592598
k3_g6_unbal_icc05,C2,C2R2,-0.08146628995919976
k3_g6_unbal_icc05,C2,C2R2,-0.7291382683167222
k3_g6_unbal_icc05,C2,C2R2,-2.604053303806306
k3_g6_unbal_icc05,C2,C2R2,-0.5265723783948516
k3_g6_unbal_icc05,C2,C2R2,0.4222227373167895
k3_g6_unbal_icc05,C2,C2R2,-1.5765973828910416
k3_g6_unbal_icc05,C2,C2R2,-0.9874808947137838
k3_g6_unbal_icc05,C2,C2R2,-3.3702594566663975
k3_g6_unbal_icc05,C2,C2R2,1.0821621710460312
k3_g6_unbal_icc05,C2,C2R2,0.317768513902729
k3_g6_unbal_icc05,C2,C2R2,-0.12551359036751117
k3_g6_unbal_icc05,C2,C2R2,-0.43346542617801564
k3_g6_unbal_icc05,C2,C2R2,-0.790987383146284
k3_g6_unbal_icc05,C2,C2R2,-0.2466514130543796
k3_g6_unbal_icc05,C2,C2R2,-0.4722981597815732
k3_g6_unbal_icc05,C2,C2R2,-0.41190876508451446
k3_g6_unbal_icc05,C2,C2R2,-0.20279557378217122
k3_g6_unbal_icc05,C2,C2R2,-0.047371165218710834
k3_g6_unbal_icc05,C2,C2R2,1.3399168314045633
k3_g6_unbal_icc05,C2,C2R2,-1.5825725345242836
k3_g6_unbal_icc05,C2,C2R2,0.08549485391020842
k3_g6_unbal_icc05,C2,C2R2,-0.7785871615647719
k3_g6_unbal_icc05,C2,C2R2,-1.2804694559945684
k3_g6_unbal_icc05,C2,C2R2,-2.4780479583416115
k3_g6_unbal_icc05,C2,C2R2,0.42168471332483504
k3_g6_unbal_icc05,C2,C2R2,-1.135142853790551
k3_g6_unbal_icc05,C2,C2R2,-0.9102908717966923
k3_g6_unbal_icc05,C2,C2R2,0.27839372686038655
k3_g6_unbal_icc05,C2,C2R2,-1.23562623331457
k3_g6_unbal_icc05,C2,C2R2,-0.1542017188529565
k3_g6_unbal_icc05,C2,C2R2,-0.25257176150290805
k3_g6_unbal_icc05,C2,C2R2,0.6019528903556366
k3_g6_unbal_icc05,C2,C2R2,0.8054635705832234
k3_g6_unbal_icc05,C2,C2R2,-1.0244900384454056
k3_g6_unbal_icc05,C2,C2R2,0.7143669041395838
k3_g6_unbal_icc05,C2,C2R2,-0.27388337574557703
k3_g6_unbal_icc05,C2,C2R2,-0.059899111361241944
k3_g6_unbal_icc05,C2,C2R2,-0.386720019865564
k3_g6_unbal_icc05,C2,C2R2,0.5763151606945869
k3_g6_unbal_icc05,C2,C2R2,-1.361094179916892
k3_g6_unbal_icc05,C2,C2R2,0.0739114146459332
k3_g6_unbal_icc05,C2,C2R2,0.966421007724805
k3_g6_unbal_icc05,C2,C2R2,-0.4560746037425888
k3_g6_unbal_icc05,C2,C2R2,1.7968407546579597
k3_g6_unbal_icc05,C2,C2R2,-0.8968596669598063
k3_g6_unbal_icc05,C2,C2R2,0.02869785195975924
k3_g6_unbal_icc05,C2,C2R2,-0.6499759796359998
k3_g6_unbal_icc05,C2,C2R3,-1.3620394899593975
k3_g6_unbal_icc05,C2,C2R3,-0.8009121296231716
k3_g6_unbal_icc05,C2,C2R3,-0.32543484980970644
k3_g6_unbal_icc05,C2,C2R3,-1.0572827503851365
k3_g6_unbal_icc05,C2,C2R3,0.5855325314212991
k3_g6_unbal_icc05,C2,C2R3,1.2073106487073026
k3_g6_unbal_icc05,C2,C2R3,-1.764704085147384
k3_g6_unbal_icc05,C2,C2R3,0.5391842058423417
k3_g6_unbal_icc05,C2,C2R3,-0.09122215470965753
k3_g6_unbal_icc05,C2,C2R3,-0.03736075988388543
k3_g6_unbal_icc05,C2,C2R3,2.1236776442170737
k3_g6_unbal_icc05,C2,C2R3,0.8993100157722669
k3_g6_unbal_icc05,C2,C2R3,0.05132448313791621
k3_g6_unbal_icc05,C2,C2R3,-0.09604285037039226
k3_g6_unbal_icc05,C2,C2R3,-2.375653619781839
k3_g6_unbal_icc05,C2,C2R3,0.4880598871023574
k3_g6_unbal_icc05,C2,C2R3,-0.9945034238246979
k3_g6_unbal_icc05,C2,C2R3,-0.09349067975048553
k3_g6_unbal_icc05,C2,C2R3,-0.16961508756584467
k3_g6_unbal_icc05,C2,C2R3,0.6712612155004531
k3_g6_unbal_icc05,C2,C2R3,1.7143157456430422
k3_g6_unbal_icc05,C2,C2R3,0.6939232472858259
k3_g6_unbal_icc05,C2,C2R3,0.9759432356123618
k3_g6_unbal_icc05,C2,C2R3,-0.4933780908712857
k3_g6_unbal_icc05,C2,C2R3,0.17945941608027305
k3_g6_unbal_icc05,C2,C2R3,0.4849974572709547
k3_g6_unbal_icc05,C2,C2R3,-1.6679496400179152
k3_g6_unbal_icc05,C2,C2R3,1.7250762433441715
k3_g6_unbal_icc05,C2,C2R3,-0.9615410323271778
k3_g6_unbal_icc05,C2,C2R3,-1.509968841161849
k3_g6_unbal_icc05,C2,C2R4,-0.3357862392787482
k3_g6_unbal_icc05,C2,C2R4,-0.24826413637424538
k3_g6_unbal_icc05,C2,C2R4,3.382634006740349
k3_g6_unbal_icc05,C2,C2R4,0.459282046258508
k3_g6_unbal_icc05,C2,C2R4,-1.584304196443304
k3_g6_unbal_icc05,C2,C2R4,-0.24724929321531108
k3_g6_unbal_icc05,C2,C2R4,2.3009404687249626
k3_g6_unbal_icc05,C2,C2R4,0.9919511340659712
k3_g6_unbal_icc05,C2,C2R4,1.0825719706037247
k3_g6_unbal_icc05,C2,C2R4,1.5430674051644768
k3_g6_unbal_icc05,C2,C2R4,1.0081840549782206
k3_g6_unbal_icc05,C2,C2R4,0.02474890896398768
k3_g6_unbal_icc05,C2,C2R4,-1.2044263817464698
k3_g6_unbal_icc05,C2,C2R4,0.7845849409445397
k3_g6_unbal_icc05,C2,C2R4,-0.7382598167707735
k3_g6_unbal_icc05,C2,C2R4,0.2947019364173321
k3_g6_unbal_icc05,C2,C2R4,2.0639493982500277
k3_g6_unbal_icc05,C2,C2R4,0.8764771804888852
k3_g6_unbal_icc05,C2,C2R4,0.4075016347738177
k3_g6_unbal_icc05,C2,C2R4,0.41353346363814153
k3_g6_unbal_icc05,C2,C2R4,1.0618051274181475
k3_g6_unbal_icc05,C2,C2R4,1.2474240704814017
k3_g6_unbal_icc05,C2,C2R4,-0.9339548410843046
k3_g6_unbal_icc05,C2,C2R4,0.5302993463166101
k3_g6_unbal_icc05,C2,C2R4,2.0217223827257995
k3_g6_unbal_icc05,C2,C2R4,1.084784067180466
k3_g6_unbal_icc05,C2,C2R4,-0.3962360156083511
k3_g6_unbal_icc05,C2,C2R4,-0.3129026680550093
k3_g6_unbal_icc05,C2,C2R4,-1.6601969846083169
k3_g6_unbal_icc05,C2,C2R4,-0.42377357618227396
k3_g6_unbal_icc05,C2,C2R4,1.9157924633546544
k3_g6_unbal_icc05,C2,C2R4,0.2817529466922161
k3_g6_unbal_icc05,C2,C2R4,-0.48384513474902846
k3_g6_unbal_icc05,C2,C2R4,-0.21201636089123477
k3_g6_unbal_icc05,C2,C2R4,0.2415750889851206
k3_g6_unbal_icc05,C2,C2R4,0.24566810137106423
k3_g6_unbal_icc05,C2,C2R4,0.004505565320516158
k3_g6_unbal_icc05,C2,C2R4,-0.4001040703703226
k3_g6_unbal_icc05,C2,C2R4,0.9699682358040018
k3_g6_unbal_icc05,C2,C2R4,1.8490944653075019
k3_g6_unbal_icc05,C2,C2R4,-0.20405954735002085
k3_g6_unbal_icc05,C2,C2R4,-0.17805009388898507
k3_g6_unbal_icc05,C2,C2R4,1.5087544356991496
k3_g6_unbal_icc05,C2,C2R5,-1.0279040906193564
k3_g6_unbal_icc05,C2,C2R5,-0.8200073060478725
k3_g6_unbal_icc05,C2,C2R5,-0.28795057387591244
k3_g6_unbal_icc05,C2,C2R5,-0.7194610443373273
k3_g6_unbal_icc05,C2,C2R5,-1.3156378823912274
k3_g6_unbal_icc05,C2,C2R5,-0.1488396904042782
k3_g6_unbal_icc05,C2,C2R5,-1.6091207441556614
k3_g6_unbal_icc05,C2,C2R5,-2.1498760493570837
k3_g6_unbal_icc05,C2,C2R5,-2.428384765944352
k3_g6_unbal_icc05,C2,C2R5,0.27825722655336227
k3_g6_unbal_icc05,C2,C2R5,-2.144361222281897
k3_g6_unbal_icc05,C2,C2R5,-0.01574629793210336
k3_g6_unbal_icc05,C2,C2R5,0.20224254795742214
k3_g6_unbal_icc05,C2,C2R5,0.3349843267597543
k3_g6_unbal_icc05,C2,C2R5,-0.6217434981500778
k3_g6_unbal_icc05,C2,C2R5,-0.9858032256523636
k3_g6_unbal_icc05,C2,C2R5,-0.36798175137614003
k3_g6_unbal_icc05,C2,C2R5,-1.0301850469381049
k3_g6_unbal_icc05,C2,C2R5,-1.705118734563732
k3_g6_unbal_icc05,C2,C2R5,0.772167645186119
k3_g6_unbal_icc05,C2,C2R5,-1.3232736372774037
k3_g6_unbal_icc05,C2,C2R5,1.2989322340303426
k3_g6_unbal_icc05,C2,C2R5,0.050246581132297075
k3_g6_unbal_icc05,C2,C2R5,-0.8945309616996742
k2_g10_unbal_icc10,C0,C0R0,1.4446281663737894
k2_g10_unbal_icc10,C0,C0R0,1.7656838604307383
k2_g10_unbal_icc10,C0,C0R0,1.1031676148503922
k2_g10_unbal_icc10,C0,C0R0,1.903220196058642
k2_g10_unbal_icc10,C0,C0R0,0.7580074181675194
k2_g10_unbal_icc10,C0,C0R0,1.0059074147682132
k2_g10_unbal_icc10,C0,C0R0,0.6524949530256172
k2_g10_unbal_icc10,C0,C0R0,-0.5358223204605862
k2_g10_unbal_icc10,C0,C0R0,-0.3202532658207111
k2_g10_unbal_icc10,C0,C0R0,0.843034728485939
k2_g10_unbal_icc10,C0,C0R0,-0.06749200327706961
k2_g10_unbal_icc10,C0,C0R0,1.6892290475545222
k2_g10_unbal_icc10,C0,C0R0,1.7089950698814311
k2_g10_unbal_icc10,C0,C0R0,2.1894080501825695
k2_g10_unbal_icc10,C0,C0R0,0.45819367990069254
k2_g10_unbal_icc10,C0,C0R0,1.7956318292580082
k2_g10_unbal_icc10,C0,C0R0,-0.3764287642565295
k2_g10_unbal_icc10,C0,C0R0,-0.2914946559150743
k2_g10_unbal_icc10,C0,C0R0,0.5600603456819203
k2_g10_unbal_icc10,C0,C0R0,0.7499182282469681
k2_g10_unbal_icc10,C0,C0R0,-1.0340040244367232
k2_g10_unbal_icc10,C0,C0R0,-1.1589796380878177
k2_g10_unbal_icc10,C0,C0R0,0.8197864446696884
k2_g10_unbal_icc10,C0,C0R0,-0.3350139303739036
k2_g10_unbal_icc10,C0,C0R0,1.6292776499242412
k2_g10_unbal_icc10,C0,C0R0,0.8572288814906753
k2_g10_unbal_icc10,C0,C0R0,0.7743504023353278
k2_g10_unbal_icc10,C0,C0R0,0.6806755340606574
k2_g10_unbal_icc10,C0,C0R0,1.3324517579448925
k2_g10_unbal_icc10,C0,C0R0,0.33773717209258314
k2_g10_unbal_icc10,C0,C0R0,1.5128494817685607
k2_g10_unbal_icc10,C0,C0R0,-0.0159966370728451
k2_g10_unbal_icc10,C0,C0R0,0.2694779175708678
k2_g10_unbal_icc10,C0,C0R0,-0.16265441889545074
k2_g10_unbal_icc10,C0,C0R0,1.049921339602641
k2_g10_unbal_icc10,C0,C0R0,0.5169722789002292
k2_g10_unbal_icc10,C0,C0R0,-0.33508886127180626
k2_g10_unbal_icc10,C0,C0R0,2.3820795604482257
k2_g10_unbal_icc10,C0,C0R0,0.1378800697635842
k2_g10_unbal_icc10,C0,C0R0,0.37259784129111595
k2_g10_unbal_icc10,C0,C0R0,0.8568670304086207
k2_g10_unbal_icc10,C0,C0R0,2.1408967249218422
k2_g10_unbal_icc10,C0,C0R0,0.34216041936846514
k2_g10_unbal_icc10,C0,C0R0,1.150027696002313
k2_g10_unbal_icc10,C0,C0R0,0.5766549808300161
k2_g10_unbal_icc10,C0,C0R0,-0.9057471094501636
k2_g10_unbal_icc10,C0,C0R0,1.234265092965293
k2_g10_unbal_icc10,C0,C0R0,1.4511929350729078
k2_g10_unbal_icc10,C0,C0R0,0.2552585229041725
k2_g10_unbal_icc10,C0,C0R0,0.46828529869898255
k2_g10_unbal_icc10,C0,C0R0,-0.9413440472668823
k2_g10_unbal_icc10,C0,C0R0,-0.9618696040489111
k2_g10_unbal_icc10,C0,C0R0,0.11150106447481556
k2_g10_unbal_icc10,C0,C0R0,1.0767420340346572
k2_g10_unbal_icc10,C0,C0R0,0.03745190817951438
k2_g10_unbal_icc10,C0,C0R0,0.7599667208410403
k2_g10_unbal_icc10,C0,C0R0,1.4010342151741995
k2_g10_unbal_icc10,C0,C0R0,0.5737776782111738
k2_g10_unbal_icc10,C0,C0R0,1.0279180286890315
k2_g10_unbal_icc10,C0,C0R0,1.8565029084049978
k2_g10_unbal_icc10,C0,C0R0,-0.6991565721431986
k2_g10_unbal_icc10,C0,C0R0,1.188821090150359
k2_g10_unbal_icc10,C0,C0R0,-1.3050393103498528
k2_g10_unbal_icc10,C0,C0R0,0.8924216014651951
k2_g10_unbal_icc10,C0,C0R0,0.6755071199982502
k2_g10_unbal_icc10,C0,C0R0,-0.03252312314513539
k2_g10_unbal_icc10,C0,C0R0,-0.5390994005628472
k2_g10_unbal_icc10,C0,C0R0,0.4242714022640226
k2_g10_unbal_icc10,C0,C0R0,0.09374292944153739
k2_g10_unbal_icc10,C0,C0R0,0.5755414721186229
k2_g10_unbal_icc10,C0,C0R0,-0.3782868572708389
k2_g10_unbal_icc10,C0,C0R0,1.0004621655564547
k2_g10_unbal_icc10,C0,C0R0,-0.49976433398231956
k2_g10_unbal_icc10,C0,C0R0,0.19430657097248621
k2_g10_unbal_icc10,C0,C0R0,0.11105697302424838
k2_g10_unbal_icc10,C0,C0R0,1.6857531813632334
k2_g10_unbal_icc10,C0,C0R1,-0.3391995246059837
k2_g10_unbal_icc10,C0,C0R1,1.1753586487060574
k2_g10_unbal_icc10,C0,C0R1,-0.5709793706758115
k2_g10_unbal_icc10,C0,C0R1,-1.1222875925216051
k2_g10_unbal_icc10,C0,C0R1,0.32190496239274935
k2_g10_unbal_icc10,C0,C0R1,-0.22156903766767028
k2_g10_unbal_icc10,C0,C0R1,0.8454960194805056
k2_g10_unbal_icc10,C0,C0R1,-0.8195807974070125
k2_g10_unbal_icc10,C0,C0R1,0.2346998371737751
k2_g10_unbal_icc10,C0,C0R1,0.6855218273780093
k2_g10_unbal_icc10,C0,C0R1,1.0361499776782774
k2_g10_unbal_icc10,C0,C0R1,-0.9958035481250064
k2_g10_unbal_icc10,C0,C0R1,1.4043025872576553
k2_g10_unbal_icc10,C0,C0R1,-0.8008979054102244
k2_g10_unbal_icc10,C0,C0R1,-1.3813534765590902
k2_g10_unbal_icc10,C0,C0R1,-0.8520058939550391
k2_g10_unbal_icc10,C0,C0R1,0.20048089605997174
k2_g10_unbal_icc10,C0,C0R1,-0.25169323389416437
k2_g10_unbal_icc10,C0,C0R1,0.4714308553498399
k2_g10_unbal_icc10,C0,C0R1,0.5237485173966977
k2_g10_unbal_icc10,C0,C0R1,0.3553963408199983
k2_g10_unbal_icc10,C0,C0R1,-0.1878884056374306
k2_g10_unbal_icc10,C0,C0R1,1.774563448642167
k2_g10_unbal_icc10,C0,C0R1,-2.048736041809633
k2_g10_unbal_icc10,C0,C0R1,-1.5917700044156962
k2_g10_unbal_icc10,C0,C0R1,-0.4272962706924031
k2_g10_unbal_icc10,C0,C0R1,-1.1372256943278236
k2_g10_unbal_icc10,C0,C0R1,-2.3711857265993506
k2_g10_unbal_icc10,C0,C0R1,-0.7006902642140893
k2_g10_unbal_icc10,C0,C0R1,-0.6572335136267569
k2_g10_unbal_icc10,C0,C0R1,-2.269319888495612
k2_g10_unbal_icc10,C0,C0R1,0.8682056156040348
k2_g10_unbal_icc10,C0,C0R2,0.4346238425931257
k2_g10_unbal_icc10,C0,C0R2,1.0569153592966982
k2_g10_unbal_icc10,C0,C0R2,-0.14641578912377273
k2_g10_unbal_icc10,C0,C0R2,1.1127217909157432
k2_g10_unbal_icc10,C0,C0R2,0.2772992622737065
k2_g10_unbal_icc10,C0,C0R2,1.3057275241992459
k2_g10_unbal_icc10,C0,C0R2,0.5915060804730763
k2_g10_unbal_icc10,C0,C0R2,1.897586569645081
k2_g10_unbal_icc10,C0,C0R2,1.7010671266027173
k2_g10_unbal_icc10,C0,C0R2,2.0922443127264114
k2_g10_unbal_icc10,C0,C0R2,-0.6060391008050192
k2_g10_unbal_icc10,C0,C0R2,-0.8093528112860118
k2_g10_unbal_icc10,C0,C0R3,0.10700641678434275
k2_g10_unbal_icc10,C0,C0R3,1.0319622793038825
k2_g10_unbal_icc10,C0,C0R3,0.938091916856834
k2_g10_unbal_icc10,C0,C0R3,0.8255155364814734
k2_g10_unbal_icc10,C0,C0R3,1.5266291135734895
k2_g10_unbal_icc10,C0,C0R3,1.1826014277894883
k2_g10_unbal_icc10,C0,C0R3,1.102750290084502
k2_g10_unbal_icc10,C0,C0R3,-0.19340334209632482
k2_g10_unbal_icc10,C0,C0R3,2.290709793486176
k2_g10_unbal_icc10,C0,C0R3,0.7746648506120608
k2_g10_unbal_icc10,C0,C0R3,1.7047878162781325
k2_g10_unbal_icc10,C0,C0R3,0.9648317561521966
k2_g10_unbal_icc10,C0,C0R3,1.8587744320745914
k2_g10_unbal_icc10,C0,C0R3,0.8002050394356163
k2_g10_unbal_icc10,C0,C0R3,0.8609922415051857
k2_g10_unbal_icc10,C0,C0R3,0.7852898864223122
k2_g10_unbal_icc10,C0,C0R3,-0.017763614621649104
k2_g10_unbal_icc10,C0,C0R3,0.11188616231742887
k2_g10_unbal_icc10,C0,C0R3,0.5151407340811365
k2_g10_unbal_icc10,C0,C0R3,0.5435703043699035
k2_g10_unbal_icc10,C0,C0R3,-0.27771704469561853
k2_g10_unbal_icc10,C0,C0R3,2.8901843377979928
k2_g10_unbal_icc10,C0,C0R3,-0.27646107548197585
k2_g10_unbal_icc10,C0,C0R3,0.36425285821724107
k2_g10_unbal_icc10,C0,C0R3,2.97435187230647
k2_g10_unbal_icc10,C0,C0R3,0.028713726912826476
k2_g10_unbal_icc10,C0,C0R3,1.3811814734040508
k2_g10_unbal_icc10,C0,C0R3,1.2815180825206398
k2_g10_unbal_icc10,C0,C0R3,0.45720293194603234
k2_g10_unbal_icc10,C0,C0R3,-0.7010524649254919
k2_g10_unbal_icc10,C0,C0R3,-0.8187796552731244
k2_g10_unbal_icc10,C0,C0R3,0.6470377062356216
k2_g10_unbal_icc10,C0,C0R3,1.0537698251819223
k2_g10_unbal_icc10,C0,C0R3,-1.3909258899102894
k2_g10_unbal_icc10,C0,C0R3,0.7995531068042769
k2_g10_unbal_icc10,C0,C0R3,0.03399302867976661
k2_g10_unbal_icc10,C0,C0R3,1.5038136796947577
k2_g10_unbal_icc10,C0,C0R3,0.8218600526533693
k2_g10_unbal_icc10,C0,C0R3,-0.10575540760088609
k2_g10_unbal_icc10,C0,C0R3,0.252747859433971
k2_g10_unbal_icc10,C0,C0R3,0.7005456706670834
k2_g10_unbal_icc10,C0,C0R3,1.9350969266533273
k2_g10_unbal_icc10,C0,C0R3,3.5489621467655192
k2_g10_unbal_icc10,C0,C0R3,1.0021608951622525
k2_g10_unbal_icc10,C0,C0R3,0.7779052814320103
k2_g10_unbal_icc10,C0,C0R3,1.3306877728239115
k2_g10_unbal_icc10,C0,C0R3,0.6981156246938156
k2_g10_unbal_icc10,C0,C0R3,1.328519736286747
k2_g10_unbal_icc10,C0,C0R3,1.0995277072686427
k2_g10_unbal_icc10,C0,C0R3,0.7375169573985567
k2_g10_unbal_icc10,C0,C0R3,-0.01566732782418878
k2_g10_unbal_icc10,C0,C0R3,0.8914484700540969
k2_g10_unbal_icc10,C0,C0R3,1.5978680923883328
k2_g10_unbal_icc10,C0,C0R3,0.8138391345561362
k2_g10_unbal_icc10,C0,C0R3,2.1801009427814684
k2_g10_unbal_icc10,C0,C0R3,1.6386697046300291
k2_g10_unbal_icc10,C0,C0R3,0.6215886447457883
k2_g10_unbal_icc10,C0,C0R3,2.3961396681975162
k2_g10_unbal_icc10,C0,C0R3,-0.3189825104844207
k2_g10_unbal_icc10,C0,C0R3,1.8602307131189537
k2_g10_unbal_icc10,C0,C0R3,2.511533699913774
k2_g10_unbal_icc10,C0,C0R3,0.511378955140568
k2_g10_unbal_icc10,C0,C0R3,0.6562611334739785
k2_g10_unbal_icc10,C0,C0R3,1.6449569738360785
k2_g10_unbal_icc10,C0,C0R3,2.114809032396672
k2_g10_unbal_icc10,C0,C0R3,1.1790145763416469
k2_g10_unbal_icc10,C0,C0R3,0.9913960422634585
k2_g10_unbal_icc10,C0,C0R3,1.6352922995334271
k2_g10_unbal_icc10,C0,C0R3,1.0133367180091353
k2_g10_unbal_icc10,C0,C0R3,-0.3790958066464718
k2_g10_unbal_icc10,C0,C0R3,0.5890816675273464
k2_g10_unbal_icc10,C0,C0R4,0.5819560380897852
k2_g10_unbal_icc10,C0,C0R4,-0.5012723876628047
k2_g10_unbal_icc10,C0,C0R4,0.9071306701007056
k2_g10_unbal_icc10,C0,C0R4,-1.210695552622097
k2_g10_unbal_icc10,C0,C0R4,-0.6630766508886459
k2_g10_unbal_icc10,C0,C0R4,-1.180988918318591
k2_g10_unbal_icc10,C0,C0R4,1.420220488913264
k2_g10_unbal_icc10,C0,C0R4,1.410304868997097
k2_g10_unbal_icc10,C0,C0R4,1.5947672115129905
k2_g10_unbal_icc10,C0,C0R4,1.6014255712185412
k2_g10_unbal_icc10,C0,C0R4,1.0594701749207847
k2_g10_unbal_icc10,C0,C0R4,1.0500153579658758
k2_g10_unbal_icc10,C0,C0R5,0.4503134644072103
k2_g10_unbal_icc10,C0,C0R5,-0.3359477591805775
k2_g10_unbal_icc10,C0,C0R5,-0.1662377981231208
k2_g10_unbal_icc10,C0,C0R5,-1.0268303450265939
k2_g10_unbal_icc10,C0,C0R5,1.3848482111178266
k2_g10_unbal_icc10,C0,C0R5,0.2895328900210269
k2_g10_unbal_icc10,C0,C0R5,-1.2710310993816245
k2_g10_unbal_icc10,C0,C0R5,0.6204100675804742
k2_g10_unbal_icc10,C0,C0R5,0.05600700732364961
k2_g10_unbal_icc10,C0,C0R5,-0.870349097886795
k2_g10_unbal_icc10,C0,C0R5,-0.1770132498055967
k2_g10_unbal_icc10,C0,C0R5,-0.6380153897695906
k2_g10_unbal_icc10,C0,C0R5,-2.091377092688735
k2_g10_unbal_icc10,C0,C0R5,-1.37135494456719
k2_g10_unbal_icc10,C0,C0R5,0.5447322968799159
k2_g10_unbal_icc10,C0,C0R5,0.38042952672524316
k2_g10_unbal_icc10,C0,C0R5,0.30132681810676254
k2_g10_unbal_icc10,C0,C0R5,-1.080277696730212
k2_g10_unbal_icc10,C0,C0R5,-0.5373851142931936
k2_g10_unbal_icc10,C0,C0R5,0.08892535048106058
k2_g10_unbal_icc10,C0,C0R5,0.6817801697646393
k2_g10_unbal_icc10,C0,C0R5,-0.7731434121358788
k2_g10_unbal_icc10,C0,C0R5,-0.9789494304027676
k2_g10_unbal_icc10,C0,C0R5,1.1079210635476828
k2_g10_unbal_icc10,C0,C0R5,0.089748867083814
k2_g10_unbal_icc10,C0,C0R5,-0.3347723936999118
k2_g10_unbal_icc10,C0,C0R5,-0.6755813954845954
k2_g10_unbal_icc10,C0,C0R5,-0.5972705473189315
k2_g10_unbal_icc10,C0,C0R5,1.5298966734091057
k2_g10_unbal_icc10,C0,C0R5,0.946241257412783
k2_g10_unbal_icc10,C0,C0R5,-0.3697239998807041
k2_g10_unbal_icc10,C0,C0R5,-1.1629232796215514
k2_g10_unbal_icc10,C0,C0R5,1.6142175070227482
k2_g10_unbal_icc10,C0,C0R5,1.5162759691902026
k2_g10_unbal_icc10,C0,C0R5,1.1689605705578803
k2_g10_unbal_icc10,C0,C0R5,0.8249687511506212
k2_g10_unbal_icc10,C0,C0R5,-1.7636447809234284
k2_g10_unbal_icc10,C0,C0R5,-1.198255621982204
k2_g10_unbal_icc10,C0,C0R5,0.5625564404743232
k2_g10_unbal_icc10,C0,C0R5,-0.24368629893468513
k2_g10_unbal_icc10,C0,C0R5,0.268963709150102
k2_g10_unbal_icc10,C0,C0R5,-0.47187527442163335
k2_g10_unbal_icc10,C0,C0R5,-0.5966867186034738
k2_g10_unbal_icc10,C0,C0R5,0.551553010967787
k2_g10_unbal_icc10,C0,C0R5,-0.35351650012495467
k2_g10_unbal_icc10,C0,C0R5,0.02399896532314271
k2_g10_unbal_icc10,C0,C0R5,0.26887692416565445
k2_g10_unbal_icc10,C0,C0R5,0.246368857194156
k2_g10_unbal_icc10,C0,C0R5,1.1257824556048868
k2_g10_unbal_icc10,C0,C0R5,1.3246681236492392
k2_g10_unbal_icc10,C0,C0R5,-1.2716109850505455
k2_g10_unbal_icc10,C0,C0R5,-0.22904123173660368
k2_g10_unbal_icc10,C0,C0R5,-0.5889265776760697
k2_g10_unbal_icc10,C0,C0R5,0.7412390973941593
k2_g10_unbal_icc10,C0,C0R6,1.433605853819826
k2_g10_unbal_icc10,C0,C0R6,1.317195693728312
k2_g10_unbal_icc10,C0,C0R6,-0.1548942903946383
k2_g10_unbal_icc10,C0,C0R6,0.5645562630426567
k2_g10_unbal_icc10,C0,C0R6,-0.2566769919439075
k2_g10_unbal_icc10,C0,C0R6,1.144764684528807
k2_g10_unbal_icc10,C0,C0R6,1.6742901014480163
k2_g10_unbal_icc10,C0,C0R6,-0.6746616069940049
k2_g10_unbal_icc10,C0,C0R6,-0.01632325996387285
k2_g10_unbal_icc10,C0,C0R6,0.6131117485918158
k2_g10_unbal_icc10,C0,C0R6,0.2642456281773493
k2_g10_unbal_icc10,C0,C0R6,2.184643505043176
k2_g10_unbal_icc10,C0,C0R6,0.6303182859230924
k2_g10_unbal_icc10,C0,C0R6,1.0078783667228937
k2_g10_unbal_icc10,C0,C0R6,-0.2864095207116574
k2_g10_unbal_icc10,C0,C0R6,2.2322167382934777
k2_g10_unbal_icc10,C0,C0R6,0.9255662811511356
k2_g10_unbal_icc10,C0,C0R6,1.5026115983616415
k2_g10_unbal_icc10,C0,C0R6,0.8508814402045555
k2_g10_unbal_icc10,C0,C0R6,-1.2434527184851527
k2_g10_unbal_icc10,C0,C0R6,-0.747427099845175
k2_g10_unbal_icc10,C0,C0R6,-0.4533638096783751
k2_g10_unbal_icc10,C0,C0R6,1.2157576173442766
k2_g10_unbal_icc10,C0,C0R6,0.2851781685717849
k2_g10_unbal_icc10,C0,C0R6,1.1755316032013696
k2_g10_unbal_icc10,C0,C0R6,1.0412352681026094
k2_g10_unbal_icc10,C0,C0R6,1.0058361397663842
k2_g10_unbal_icc10,C0,C0R6,1.6411548169857346
k2_g10_unbal_icc10,C0,C0R6,0.9423457827997125
k2_g10_unbal_icc10,C0,C0R6,-0.7882391257777314
k2_g10_unbal_icc10,C0,C0R6,0.12514243439994288
k2_g10_unbal_icc10,C0,C0R6,2.345191202721996
k2_g10_unbal_icc10,C0,C0R6,-0.24749587270360285
k2_g10_unbal_icc10,C0,C0R6,2.0631768174665948
k2_g10_unbal_icc10,C0,C0R6,2.338694553442101
k2_g10_unbal_icc10,C0,C0R6,0.2065052789397378
k2_g10_unbal_icc10,C0,C0R6,1.097655315982041
k2_g10_unbal_icc10,C0,C0R6,-0.5593483209540967
k2_g10_unbal_icc10,C0,C0R6,1.5037216446884818
k2_g10_unbal_icc10,C0,C0R6,0.033160384879257654
k2_g10_unbal_icc10,C0,C0R7,-0.26071163307530526
k2_g10_unbal_icc10,C0,C0R7,-0.32175864803909593
k2_g10_unbal_icc10,C0,C0R7,-0.4431281820525231
k2_g10_unbal_icc10,C0,C0R7,0.2983489166012889
k2_g10_unbal_icc10,C0,C0R7,-0.04815785104588427
k2_g10_unbal_icc10,C0,C0R7,-0.517275231437673
k2_g10_unbal_icc10,C0,C0R7,1.012266596597368
k2_g10_unbal_icc10,C0,C0R7,2.409407300081442
k2_g10_unbal_icc10,C0,C0R7,0.1738629178227231
k2_g10_unbal_icc10,C0,C0R7,-0.5560980724971429
k2_g10_unbal_icc10,C0,C0R7,-0.8296715372058387
k2_g10_unbal_icc10,C0,C0R7,0.671841028278751
k2_g10_unbal_icc10,C0,C0R7,-0.13123109286708615
k2_g10_unbal_icc10,C0,C0R7,0.12644174389099472
k2_g10_unbal_icc10,C0,C0R7,-1.7801887386638011
k2_g10_unbal_icc10,C0,C0R7,-0.9618127808644796
k2_g10_unbal_icc10,C0,C0R7,-0.9904478428570263
k2_g10_unbal_icc10,C0,C0R7,1.0073996456357694
k2_g10_unbal_icc10,C0,C0R7,-0.14431402635976992
k2_g10_unbal_icc10,C0,C0R7,-2.2458245396583285
k2_g10_unbal_icc10,C0,C0R7,0.5693251492529424
k2_g10_unbal_icc10,C0,C0R7,1.18653971592587
k2_g10_unbal_icc10,C0,C0R7,1.349402264275787
k2_g10_unbal_icc10,C0,C0R7,-2.5458935585818616
k2_g10_unbal_icc10,C0,C0R7,0.25705905799447937
k2_g10_unbal_icc10,C0,C0R7,0.8817253153237032
k2_g10_unbal_icc10,C0,C0R7,0.6867197048041189
k2_g10_unbal_icc10,C0,C0R7,-0.11173617686604925
k2_g10_unbal_icc10,C0,C0R7,-1.5967423826001628
k2_g10_unbal_icc10,C0,C0R7,-0.2992000801061894
k2_g10_unbal_icc10,C0,C0R7,-0.19470754384639544
k2_g10_unbal_icc10,C0,C0R7,0.6565797799833695
k2_g10_unbal_icc10,C0,C0R7,0.7190537748904222
k2_g10_unbal_icc10,C0,C0R7,-0.11804617629818115
k2_g10_unbal_icc10,C0,C0R7,0.9157875663351946
k2_g10_unbal_icc10,C0,C0R7,-0.8902396263503289
k2_g10_unbal_icc10,C0,C0R7,-0.535449453570505
k2_g10_unbal_icc10,C0,C0R7,0.08270136579034755
k2_g10_unbal_icc10,C0,C0R7,0.6563141344789254
k2_g10_unbal_icc10,C0,C0R7,-0.19346286760886128
k2_g10_unbal_icc10,C0,C0R7,1.2796516397885922
k2_g10_unbal_icc10,C0,C0R7,0.5019781417944011
k2_g10_unbal_icc10,C0,C0R7,-0.7882812279675435
k2_g10_unbal_icc10,C0,C0R7,0.19335334466789741
k2_g10_unbal_icc10,C0,C0R7,-0.7298024416340807
k2_g10_unbal_icc10,C0,C0R7,-0.8010107240709348
k2_g10_unbal_icc10,C0,C0R7,-1.2419905243963831
k2_g10_unbal_icc10,C0,C0R7,1.438009892401927
k2_g10_unbal_icc10,C0,C0R7,0.9749034225945798
k2_g10_unbal_icc10,C0,C0R7,-1.4062835934213243
k2_g10_unbal_icc10,C0,C0R7,1.1679619212957366
k2_g10_unbal_icc10,C0,C0R7,1.0238013718305703
k2_g10_unbal_icc10,C0,C0R7,-0.23255001421733756
k2_g10_unbal_icc10,C0,C0R7,0.5933191700739835
k2_g10_unbal_icc10,C0,C0R7,2.2419177074870564
k2_g10_unbal_icc10,C0,C0R7,0.38370007539573087
k2_g10_unbal_icc10,C0,C0R7,0.5124053042299839
k2_g10_unbal_icc10,C0,C0R7,1.1769158106175783
k2_g10_unbal_icc10,C0,C0R7,-0.8694077825845477
k2_g10_unbal_icc10,C0,C0R7,-1.0888022644673205
k2_g10_unbal_icc10,C0,C0R7,-1.224926032122142
k2_g10_unbal_icc10,C0,C0R7,0.038946096514907325
k2_g10_unbal_icc10,C0,C0R7,0.9401336102198969
k2_g10_unbal_icc10,C0,C0R7,-0.7025270236874759
k2_g10_unbal_icc10,C0,C0R7,-1.186767197337363
k2_g10_unbal_icc10,C0,C0R7,0.3182531354362582
k2_g10_unbal_icc10,C0,C0R7,-0.21932640875678866
k2_g10_unbal_icc10,C0,C0R8,0.35425573707599006
k2_g10_unbal_icc10,C0,C0R8,0.4515574065070249
k2_g10_unbal_icc10,C0,C0R8,0.567144585957395
k2_g10_unbal_icc10,C0,C0R8,-0.379418375607298
k2_g10_unbal_icc10,C0,C0R8,-0.5306716759425565
k2_g10_unbal_icc10,C0,C0R8,2.0436337766220904
k2_g10_unbal_icc10,C0,C0R8,3.4686485968867533
k2_g10_unbal_icc10,C0,C0R8,1.6011772534640722
k2_g10_unbal_icc10,C0,C0R8,-1.0065978696030378
k2_g10_unbal_icc10,C0,C0R8,0.5694450511875804
k2_g10_unbal_icc10,C0,C0R8,1.6706823454754944
k2_g10_unbal_icc10,C0,C0R8,-0.9944179137178568
k2_g10_unbal_icc10,C0,C0R8,0.08180458687411957
k2_g10_unbal_icc10,C0,C0R8,0.1568145165494353
k2_g10_unbal_icc10,C0,C0R8,-0.32372550092535063
k2_g10_unbal_icc10,C0,C0R8,-0.24863715867557173
k2_g10_unbal_icc10,C0,C0R8,1.5087414146532627
k2_g10_unbal_icc10,C0,C0R8,0.11851402992227567
k2_g10_unbal_icc10,C0,C0R8,0.33180777863514394
k2_g10_unbal_icc10,C0,C0R8,2.178145394844579
k2_g10_unbal_icc10,C0,C0R8,-0.25769319987771894
k2_g10_unbal_icc10,C0,C0R8,-1.2686327203410097
k2_g10_unbal_icc10,C0,C0R8,1.164360251098877
k2_g10_unbal_icc10,C0,C0R8,2.460206358315697
k2_g10_unbal_icc10,C0,C0R8,0.7496345694811337
k2_g10_unbal_icc10,C0,C0R8,0.8403260841708984
k2_g10_unbal_icc10,C0,C0R8,-0.6733113225772307
k2_g10_unbal_icc10,C0,C0R8,-0.34125437824143595
k2_g10_unbal_icc10,C0,C0R8,1.9397128078701202
k2_g10_unbal_icc10,C0,C0R8,1.7440502594883864
k2_g10_unbal_icc10,C0,C0R8,1.1061144466438895
k2_g10_unbal_icc10,C0,C0R8,-0.0638396347966052
k2_g10_unbal_icc10,C0,C0R8,-0.5870699438507812
k2_g10_unbal_icc10,C0,C0R8,-0.45158956222099883
k2_g10_unbal_icc10,C0,C0R8,-0.5749049719429904
k2_g10_unbal_icc10,C0,C0R8,1.1176611424268625
k2_g10_unbal_icc10,C0,C0R8,-0.21591968849252757
k2_g10_unbal_icc10,C0,C0R8,0.057595080571899215
k2_g10_unbal_icc10,C0,C0R8,1.1831325648285138
k2_g10_unbal_icc10,C0,C0R8,1.1604223456783789
k2_g10_unbal_icc10,C0,C0R8,0.5640267365341833
k2_g10_unbal_icc10,C0,C0R8,0.9680047447502726
k2_g10_unbal_icc10,C0,C0R8,0.514969385914063
k2_g10_unbal_icc10,C0,C0R8,-1.331176880401837
k2_g10_unbal_icc10,C0,C0R8,0.42978211564847346
k2_g10_unbal_icc10,C0,C0R8,0.0991963341674455
k2_g10_unbal_icc10,C0,C0R8,0.16192095483526386
k2_g10_unbal_icc10,C0,C0R8,0.7282010910829279
k2_g10_unbal_icc10,C0,C0R8,-0.04000228600175676
k2_g10_unbal_icc10,C0,C0R8,1.6598583311974886
k2_g10_unbal_icc10,C0,C0R8,0.3347125707264473
k2_g10_unbal_icc10,C0,C0R8,0.6551290524347544
k2_g10_unbal_icc10,C0,C0R8,0.8105050241208881
k2_g10_unbal_icc10,C0,C0R8,0.3329924270802886
k2_g10_unbal_icc10,C0,C0R8,1.1123201143302288
k2_g10_unbal_icc10,C0,C0R8,1.216026421696684
k2_g10_unbal_icc10,C0,C0R8,1.0967427688614488
k2_g10_unbal_icc10,C0,C0R8,-0.17965047009305618
k2_g10_unbal_icc10,C0,C0R8,-0.36970403737467
k2_g10_unbal_icc10,C0,C0R8,-0.08914459653803514
k2_g10_unbal_icc10,C0,C0R9,-1.2687928643536837
k2_g10_unbal_icc10,C0,C0R9,-0.29594006889511115
k2_g10_unbal_icc10,C0,C0R9,-0.5884224959670142
k2_g10_unbal_icc10,C0,C0R9,-0.13699763218087024
k2_g10_unbal_icc10,C0,C0R9,-0.37472107083497397
k2_g10_unbal_icc10,C0,C0R9,1.276231733120622
k2_g10_unbal_icc10,C0,C0R9,0.9269974279901692
k2_g10_unbal_icc10,C0,C0R9,1.411970089847654
k2_g10_unbal_icc10,C1,C1R0,0.32801613195333984
k2_g10_unbal_icc10,C1,C1R0,2.187899913399513
k2_g10_unbal_icc10,C1,C1R0,2.2097795607181565
k2_g10_unbal_icc10,C1,C1R0,0.027775583086079636
k2_g10_unbal_icc10,C1,C1R0,1.2156944199461575
k2_g10_unbal_icc10,C1,C1R0,2.6597086290421688
k2_g10_unbal_icc10,C1,C1R0,-0.3566649963470542
k2_g10_unbal_icc10,C1,C1R0,0.4412680660440502
k2_g10_unbal_icc10,C1,C1R0,1.8575719301063558
k2_g10_unbal_icc10,C1,C1R1,0.16012080902961479
k2_g10_unbal_icc10,C1,C1R1,2.5505200825614485
k2_g10_unbal_icc10,C1,C1R1,2.0415942589870286
k2_g10_unbal_icc10,C1,C1R1,1.7660336632321407
k2_g10_unbal_icc10,C1,C1R1,-0.07069682144424272
k2_g10_unbal_icc10,C1,C1R1,0.9519939357724543
k2_g10_unbal_icc10,C1,C1R1,2.3618834274981504
k2_g10_unbal_icc10,C1,C1R1,1.5766450847281386
k2_g10_unbal_icc10,C1,C1R1,1.8693165848195292
k2_g10_unbal_icc10,C1,C1R1,0.8568177677612414
k2_g10_unbal_icc10,C1,C1R1,2.547085611521209
k2_g10_unbal_icc10,C1,C1R1,0.8821369257932924
k2_g10_unbal_icc10,C1,C1R1,1.9881800455644525
k2_g10_unbal_icc10,C1,C1R1,1.4190384889217584
k2_g10_unbal_icc10,C1,C1R1,0.1955748095122537
k2_g10_unbal_icc10,C1,C1R1,2.5221841926200805
k2_g10_unbal_icc10,C1,C1R1,-0.08526920687516237
k2_g10_unbal_icc10,C1,C1R1,0.41208842123572653
k2_g10_unbal_icc10,C1,C1R1,1.2459747347780585
k2_g10_unbal_icc10,C1,C1R1,-0.22367934997883898
k2_g10_unbal_icc10,C1,C1R1,-0.6048068875024126
k2_g10_unbal_icc10,C1,C1R1,0.9971065097412743
k2_g10_unbal_icc10,C1,C1R1,0.7024110720762688
k2_g10_unbal_icc10,C1,C1R1,0.845958547291941
k2_g10_unbal_icc10,C1,C1R1,1.5831730200940464
k2_g10_unbal_icc10,C1,C1R1,3.2519948499504348
k2_g10_unbal_icc10,C1,C1R1,0.708780090618243
k2_g10_unbal_icc10,C1,C1R1,3.428663273607818
k2_g10_unbal_icc10,C1,C1R1,1.3323114946422407
k2_g10_unbal_icc10,C1,C1R1,1.0102502651706275
k2_g10_unbal_icc10,C1,C1R1,-1.466102070481094
k2_g10_unbal_icc10,C1,C1R1,-0.35636454898675063
k2_g10_unbal_icc10,C1,C1R1,1.343365499660571
k2_g10_unbal_icc10,C1,C1R1,1.621221103420343
k2_g10_unbal_icc10,C1,C1R1,0.29878089967554666
k2_g10_unbal_icc10,C1,C1R1,1.3750021201837015
k2_g10_unbal_icc10,C1,C1R1,1.9389347675155235
k2_g10_unbal_icc10,C1,C1R1,0.5473073999755033
k2_g10_unbal_icc10,C1,C1R1,-0.45784258420232504
k2_g10_unbal_icc10,C1,C1R1,0.1483402795478722
k2_g10_unbal_icc10,C1,C1R1,0.7919893393687114
k2_g10_unbal_icc10,C1,C1R1,1.3489273677307176
k2_g10_unbal_icc10,C1,C1R1,1.8148137363443357
k2_g10_unbal_icc10,C1,C1R1,0.19693223878014843
k2_g10_unbal_icc10,C1,C1R1,1.1100282296973865
k2_g10_unbal_icc10,C1,C1R1,0.8302660233893969
k2_g10_unbal_icc10,C1,C1R1,1.1096541757702887
k2_g10_unbal_icc10,C1,C1R1,2.122556220693034
k2_g10_unbal_icc10,C1,C1R1,2.30857594439206
k2_g10_unbal_icc10,C1,C1R2,-0.008832136921376743
k2_g10_unbal_icc10,C1,C1R2,0.14720772720475306
k2_g10_unbal_icc10,C1,C1R2,0.2547573911320071
k2_g10_unbal_icc10,C1,C1R2,0.48733116300918033
k2_g10_unbal_icc10,C1,C1R2,0.16992442769310356
k2_g10_unbal_icc10,C1,C1R2,-0.36927631868369026
k2_g10_unbal_icc10,C1,C1R2,-0.46082875126993006
k2_g10_unbal_icc10,C1,C1R2,0.704254679531611
k2_g10_unbal_icc10,C1,C1R2,2.968484983808892
k2_g10_unbal_icc10,C1,C1R2,1.1807654232476565
k2_g10_unbal_icc10,C1,C1R2,1.2679481947880569
k2_g10_unbal_icc10,C1,C1R2,0.9846244791905534
k2_g10_unbal_icc10,C1,C1R2,0.4994253367994218
k2_g10_unbal_icc10,C1,C1R2,2.5527219192899735
k2_g10_unbal_icc10,C1,C1R2,0.35458368654837763
k2_g10_unbal_icc10,C1,C1R2,-0.27272872254691005
k2_g10_unbal_icc10,C1,C1R2,-0.5203100545470858
k2_g10_unbal_icc10,C1,C1R2,0.8287453342994041
k2_g10_unbal_icc10,C1,C1R2,-0.2943708379330616
k2_g10_unbal_icc10,C1,C1R2,-0.1767379852158949
k2_g10_unbal_icc10,C1,C1R2,-0.17332540592568146
k2_g10_unbal_icc10,C1,C1R2,-0.5968889445487187
k2_g10_unbal_icc10,C1,C1R2,0.8113654215528807
k2_g10_unbal_icc10,C1,C1R2,-0.9420136741386416
k2_g10_unbal_icc10,C1,C1R2,2.819030668105882
k2_g10_unbal_icc10,C1,C1R2,-1.969678564606279
k2_g10_unbal_icc10,C1,C1R2,-0.670168855550771
k2_g10_unbal_icc10,C1,C1R2,0.7146998863285465
k2_g10_unbal_icc10,C1,C1R2,1.0534066708537597
k2_g10_unbal_icc10,C1,C1R2,0.33269688123896674
k2_g10_unbal_icc10,C1,C1R2,0.9314718648315685
k2_g10_unbal_icc10,C1,C1R2,0.8300882821214298
k2_g10_unbal_icc10,C1,C1R2,0.7870065534910143
k2_g10_unbal_icc10,C1,C1R2,1.2254479451774072
k2_g10_unbal_icc10,C1,C1R2,0.9036434238277262
k2_g10_unbal_icc10,C1,C1R2,0.580512369925262
k2_g10_unbal_icc10,C1,C1R2,0.5434360569926846
k2_g10_unbal_icc10,C1,C1R2,1.5183713695023118
k2_g10_unbal_icc10,C1,C1R2,0.5059857263399475
k2_g10_unbal_icc10,C1,C1R2,1.2239548075938638
k2_g10_unbal_icc10,C1,C1R2,2.184544020532477
k2_g10_unbal_icc10,C1,C1R2,1.0525662638393927
k2_g10_unbal_icc10,C1,C1R2,1.8343072582095372
k2_g10_unbal_icc10,C1,C1R3,1.0193577730703685
k2_g10_unbal_icc10,C1,C1R3,1.24565544900731
k2_g10_unbal_icc10,C1,C1R3,0.981086296021566
k2_g10_unbal_icc10,C1,C1R3,1.2177345535911874
k2_g10_unbal_icc10,C1,C1R3,2.096719726166194
k2_g10_unbal_icc10,C1,C1R3,0.4622209847597082
k2_g10_unbal_icc10,C1,C1R3,0.12483476069508248
k2_g10_unbal_icc10,C1,C1R3,1.070778686441106
k2_g10_unbal_icc10,C1,C1R3,-0.6244817595757819
k2_g10_unbal_icc10,C1,C1R3,0.7438750316525853
k2_g10_unbal_icc10,C1,C1R3,1.8866653835837515
k2_g10_unbal_icc10,C1,C1R3,0.7435886598454601
k2_g10_unbal_icc10,C1,C1R3,1.2728531853402747
k2_g10_unbal_icc10,C1,C1R3,1.1182195944840103
k2_g10_unbal_icc10,C1,C1R3,1.8946798140578227
k2_g10_unbal_icc10,C1,C1R3,1.2340115680709565
k2_g10_unbal_icc10,C1,C1R3,0.9464056108881632
k2_g10_unbal_icc10,C1,C1R3,-2.4062684991779584
k2_g10_unbal_icc10,C1,C1R3,0.2551629619059403
k2_g10_unbal_icc10,C1,C1R3,1.4230892526519816
k2_g10_unbal_icc10,C1,C1R3,0.6103230998872688
k2_g10_unbal_icc10,C1,C1R3,0.032938010979142285
k2_g10_unbal_icc10,C1,C1R3,1.5990992110508957
k2_g10_unbal_icc10,C1,C1R3,-0.10058749523720734
k2_g10_unbal_icc10,C1,C1R3,0.409840904951939
k2_g10_unbal_icc10,C1,C1R3,1.3790241927696854
k2_g10_unbal_icc10,C1,C1R3,0.23839994293908617
k2_g10_unbal_icc10,C1,C1R3,0.8878114884573884
k2_g10_unbal_icc10,C1,C1R3,0.7045110520248692
k2_g10_unbal_icc10,C1,C1R4,0.3194847386573135
k2_g10_unbal_icc10,C1,C1R4,0.048636431752554166
k2_g10_unbal_icc10,C1,C1R4,1.697285249457316
k2_g10_unbal_icc10,C1,C1R4,0.6355503509160698
k2_g10_unbal_icc10,C1,C1R4,0.04799170600564817
k2_g10_unbal_icc10,C1,C1R4,-0.6662395906935554
k2_g10_unbal_icc10,C1,C1R4,0.34385733307652405
k2_g10_unbal_icc10,C1,C1R4,1.891269244170451
k2_g10_unbal_icc10,C1,C1R4,0.35676345577446283
k2_g10_unbal_icc10,C1,C1R4,1.3613269662490564
k2_g10_unbal_icc10,C1,C1R4,1.0730818877868125
k2_g10_unbal_icc10,C1,C1R4,0.15147439134493002
k2_g10_unbal_icc10,C1,C1R4,-0.25960369263166194
k2_g10_unbal_icc10,C1,C1R4,1.1543404924924134
k2_g10_unbal_icc10,C1,C1R4,-0.9538828085859832
k2_g10_unbal_icc10,C1,C1R4,1.184864908302249
k2_g10_unbal_icc10,C1,C1R4,-0.48161388073933686
k2_g10_unbal_icc10,C1,C1R4,1.4583534611083573
k2_g10_unbal_icc10,C1,C1R4,0.2765260263220313
k2_g10_unbal_icc10,C1,C1R4,0.5665820408862232
k2_g10_unbal_icc10,C1,C1R4,1.6487273874315151
k2_g10_unbal_icc10,C1,C1R4,-0.2956352623568981
k2_g10_unbal_icc10,C1,C1R4,0.7029815795417541
k2_g10_unbal_icc10,C1,C1R4,0.3553971248551659
k2_g10_unbal_icc10,C1,C1R4,1.1406970112946402
k2_g10_unbal_icc10,C1,C1R4,1.3408391449536614
k2_g10_unbal_icc10,C1,C1R4,0.9325174732897648
k2_g10_unbal_icc10,C1,C1R4,0.8574371608875241
k2_g10_unbal_icc10,C1,C1R4,0.2785986284614928
k2_g10_unbal_icc10,C1,C1R4,1.2368736904616602
k2_g10_unbal_icc10,C1,C1R4,0.4408407447586563
k2_g10_unbal_icc10,C1,C1R4,0.7877844675995159
k2_g10_unbal_icc10,C1,C1R4,0.8412483040782628
k2_g10_unbal_icc10,C1,C1R4,-0.6218558882308098
k2_g10_unbal_icc10,C1,C1R4,-0.4035909109788831
k2_g10_unbal_icc10,C1,C1R4,0.8772946138737011
k2_g10_unbal_icc10,C1,C1R4,0.6520862443285965
k2_g10_unbal_icc10,C1,C1R4,1.8577030316479195
k2_g10_unbal_icc10,C1,C1R4,-1.631159807202787
k2_g10_unbal_icc10,C1,C1R4,0.871318940290179
k2_g10_unbal_icc10,C1,C1R4,1.7046974563157278
k2_g10_unbal_icc10,C1,C1R4,0.7611117319666075
k2_g10_unbal_icc10,C1,C1R4,1.4145291892968113
k2_g10_unbal_icc10,C1,C1R4,0.6960119287911439
k2_g10_unbal_icc10,C1,C1R4,0.6241712558566089
k2_g10_unbal_icc10,C1,C1R4,1.5321563683296766
k2_g10_unbal_icc10,C1,C1R4,-0.5451640507990023
k2_g10_unbal_icc10,C1,C1R4,-1.4405530517414702
k2_g10_unbal_icc10,C1,C1R4,1.1299270447242504
k2_g10_unbal_icc10,C1,C1R4,0.795265835265561
k2_g10_unbal_icc10,C1,C1R4,0.7871832444802158
k2_g10_unbal_icc10,C1,C1R4,0.9507855916424779
k2_g10_unbal_icc10,C1,C1R4,1.271635018602732
k2_g10_unbal_icc10,C1,C1R4,0.24222297129382092
k2_g10_unbal_icc10,C1,C1R4,1.1264726563087684
k2_g10_unbal_icc10,C1,C1R4,0.9781092699823826
k2_g10_unbal_icc10,C1,C1R4,-0.4012679688863372
k2_g10_unbal_icc10,C1,C1R4,0.5404459224238969
k2_g10_unbal_icc10,C1,C1R4,0.9403041155573846
k2_g10_unbal_icc10,C1,C1R4,-0.06149791045798425
k2_g10_unbal_icc10,C1,C1R4,1.6682016712135845
k2_g10_unbal_icc10,C1,C1R4,0.4017176085676644
k2_g10_unbal_icc10,C1,C1R4,1.4448434707781472
k2_g10_unbal_icc10,C1,C1R4,2.060216496469816
k2_g10_unbal_icc10,C1,C1R4,-0.7059032422625011
k2_g10_unbal_icc10,C1,C1R4,-0.5617236513701496
k2_g10_unbal_icc10,C1,C1R5,0.8714574302456491
k2_g10_unbal_icc10,C1,C1R5,1.5380870028816778
k2_g10_unbal_icc10,C1,C1R5,2.6843380140565722
k2_g10_unbal_icc10,C1,C1R5,0.5962503843080251
k2_g10_unbal_icc10,C1,C1R5,1.8685118447868483
k2_g10_unbal_icc10,C1,C1R5,0.8130245140306265
k2_g10_unbal_icc10,C1,C1R5,0.44838084989202553
k2_g10_unbal_icc10,C1,C1R5,1.5039835645502448
k2_g10_unbal_icc10,C1,C1R5,1.3019347391488827
k2_g10_unbal_icc10,C1,C1R5,2.0768588287074197
k2_g10_unbal_icc10,C1,C1R5,1.3551353760903335
k2_g10_unbal_icc10,C1,C1R6,-0.5629959130948101
k2_g10_unbal_icc10,C1,C1R6,0.7056276039856029
k2_g10_unbal_icc10,C1,C1R6,0.743880012686575
k2_g10_unbal_icc10,C1,C1R6,1.8917210288252724
k2_g10_unbal_icc10,C1,C1R6,0.05860204146925563
k2_g10_unbal_icc10,C1,C1R6,1.2284984001802104
k2_g10_unbal_icc10,C1,C1R6,0.6610454164917143
k2_g10_unbal_icc10,C1,C1R6,-0.6664965195381283
k2_g10_unbal_icc10,C1,C1R6,0.9083609322836849
k2_g10_unbal_icc10,C1,C1R6,1.654880361558724
k2_g10_unbal_icc10,C1,C1R6,0.7062297167460039
k2_g10_unbal_icc10,C1,C1R6,1.9293659068165847
k2_g10_unbal_icc10,C1,C1R6,1.4183383269961811
k2_g10_unbal_icc10,C1,C1R6,1.348737605853381
k2_g10_unbal_icc10,C1,C1R6,0.5709083031070075
k2_g10_unbal_icc10,C1,C1R6,0.8997790984078153
k2_g10_unbal_icc10,C1,C1R6,1.4951417604191322
k2_g10_unbal_icc10,C1,C1R6,1.0756512967143543
k2_g10_unbal_icc10,C1,C1R6,-0.10930018669425245
k2_g10_unbal_icc10,C1,C1R6,0.8895062023849749
k2_g10_unbal_icc10,C1,C1R6,1.4306744635294524
k2_g10_unbal_icc10,C1,C1R6,2.1170494790955123
k2_g10_unbal_icc10,C1,C1R6,1.8491985826611375
k2_g10_unbal_icc10,C1,C1R6,0.12677473730686084
k2_g10_unbal_icc10,C1,C1R6,1.7130013495835188
k2_g10_unbal_icc10,C1,C1R7,-0.22828351196931684
k2_g10_unbal_icc10,C1,C1R7,-0.3840426913668834
k2_g10_unbal_icc10,C1,C1R7,1.8251140800728165
k2_g10_unbal_icc10,C1,C1R7,1.0339822000181265
k2_g10_unbal_icc10,C1,C1R7,0.6669202069725995
k2_g10_unbal_icc10,C1,C1R7,-0.20087890418991705
k2_g10_unbal_icc10,C1,C1R7,1.55886443889238
k2_g10_unbal_icc10,C1,C1R7,0.15384608813463482
k2_g10_unbal_icc10,C1,C1R7,0.8341557977939247
k2_g10_unbal_icc10,C1,C1R7,1.4329137900995055
k2_g10_unbal_icc10,C1,C1R7,0.10499916212702554
k2_g10_unbal_icc10,C1,C1R7,0.9009584080385502
k2_g10_unbal_icc10,C1,C1R7,-1.4839205660924684
k2_g10_unbal_icc10,C1,C1R7,0.9386078065617244
k2_g10_unbal_icc10,C1,C1R7,-1.2143875742009467
k2_g10_unbal_icc10,C1,C1R7,0.7816175525213844
k2_g10_unbal_icc10,C1,C1R7,0.6676172829445792
k2_g10_unbal_icc10,C1,C1R7,0.8462354954533144
k2_g10_unbal_icc10,C1,C1R7,2.5855282415653837
k2_g10_unbal_icc10,C1,C1R7,-1.9618467595567584
k2_g10_unbal_icc10,C1,C1R7,0.8295373142632154
k2_g10_unbal_icc10,C1,C1R7,0.021207792449631557
k2_g10_unbal_icc10,C1,C1R7,1.1125806463827728
k2_g10_unbal_icc10,C1,C1R7,0.6947173729144898
k2_g10_unbal_icc10,C1,C1R7,0.4980404290654659
k2_g10_unbal_icc10,C1,C1R7,-0.07715578199933654
k2_g10_unbal_icc10,C1,C1R7,-0.27361804493136754
k2_g10_unbal_icc10,C1,C1R7,0.7355160576797575
k2_g10_unbal_icc10,C1,C1R7,-1.0288065403991653
k2_g10_unbal_icc10,C1,C1R7,1.4181546657237956
k2_g10_unbal_icc10,C1,C1R7,-0.14293581665100163
k2_g10_unbal_icc10,C1,C1R7,0.8382856779560925
k2_g10_unbal_icc10,C1,C1R7,-0.7189118457450733
k2_g10_unbal_icc10,C1,C1R7,0.8390741577037087
k2_g10_unbal_icc10,C1,C1R7,0.18459672591615112
k2_g10_unbal_icc10,C1,C1R7,1.136959060635908
k2_g10_unbal_icc10,C1,C1R7,1.5669108496576691
k2_g10_unbal_icc10,C1,C1R7,-0.10697275845087123
k2_g10_unbal_icc10,C1,C1R7,0.5065068750267636
k2_g10_unbal_icc10,C1,C1R7,0.6372547739272676
k2_g10_unbal_icc10,C1,C1R7,1.7872115069341192
k2_g10_unbal_icc10,C1,C1R7,-0.8207270675368131
k2_g10_unbal_icc10,C1,C1R7,0.9729634951694266
k2_g10_unbal_icc10,C1,C1R7,0.3907027702814123
k2_g10_unbal_icc10,C1,C1R7,-0.7286622263330119
k2_g10_unbal_icc10,C1,C1R7,0.09731597440204315
k2_g10_unbal_icc10,C1,C1R7,-0.22233285762962884
k2_g10_unbal_icc10,C1,C1R7,1.4597015393728228
k2_g10_unbal_icc10,C1,C1R7,-0.4806178820955913
k2_g10_unbal_icc10,C1,C1R7,1.3796878639125536
k2_g10_unbal_icc10,C1,C1R7,-0.021143063423034292
k2_g10_unbal_icc10,C1,C1R7,1.0590894215946836
k2_g10_unbal_icc10,C1,C1R7,-1.2035157709358941
k2_g10_unbal_icc10,C1,C1R7,-0.3055565380702896
k2_g10_unbal_icc10,C1,C1R7,0.5696514587467255
k2_g10_unbal_icc10,C1,C1R7,-0.45034461846860074
k2_g10_unbal_icc10,C1,C1R7,-1.0577934290954318
k2_g10_unbal_icc10,C1,C1R7,0.4367013356641803
k2_g10_unbal_icc10,C1,C1R7,1.1594507021352078
k2_g10_unbal_icc10,C1,C1R7,0.42778539310508884
k2_g10_unbal_icc10,C1,C1R7,0.2173936491995963
k2_g10_unbal_icc10,C1,C1R7,0.8025961262954475
k2_g10_unbal_icc10,C1,C1R7,0.01466354658968888
k2_g10_unbal_icc10,C1,C1R7,1.2932358735657652
k2_g10_unbal_icc10,C1,C1R7,1.4643653441765716
k2_g10_unbal_icc10,C1,C1R7,-0.7887640755738582
k2_g10_unbal_icc10,C1,C1R7,1.4107154039816443
k2_g10_unbal_icc10,C1,C1R7,1.0661315504360442
k2_g10_unbal_icc10,C1,C1R7,0.6941871746375345
k2_g10_unbal_icc10,C1,C1R7,1.0753390685823692
k2_g10_unbal_icc10,C1,C1R7,1.777324761455061
k2_g10_unbal_icc10,C1,C1R7,2.2482573799779977
k2_g10_unbal_icc10,C1,C1R7,1.9629363144631125
k2_g10_unbal_icc10,C1,C1R7,0.19768675611405356
k2_g10_unbal_icc10,C1,C1R7,1.6982286364299406
k2_g10_unbal_icc10,C1,C1R8,1.9094626078067667
k2_g10_unbal_icc10,C1,C1R8,2.171309462910514
k2_g10_unbal_icc10,C1,C1R8,0.3938498058147373
k2_g10_unbal_icc10,C1,C1R8,2.610551457562334
k2_g10_unbal_icc10,C1,C1R8,2.4563464770321644
k2_g10_unbal_icc10,C1,C1R8,1.4439782769135094
k2_g10_unbal_icc10,C1,C1R8,-0.09962955697433085
k2_g10_unbal_icc10,C1,C1R8,1.5572763758416097
k2_g10_unbal_icc10,C1,C1R8,0.44205758205301116
k2_g10_unbal_icc10,C1,C1R8,-0.23758850257271424
k2_g10_unbal_icc10,C1,C1R8,0.5641450670439587
k2_g10_unbal_icc10,C1,C1R8,3.4643345130695398
k2_g10_unbal_icc10,C1,C1R8,-0.15984841218525592
k2_g10_unbal_icc10,C1,C1R8,0.9079127116024326
k2_g10_unbal_icc10,C1,C1R8,1.4060141396636252
k2_g10_unbal_icc10,C1,C1R8,2.115045980289783
k2_g10_unbal_icc10,C1,C1R8,0.27076450331079194
k2_g10_unbal_icc10,C1,C1R8,0.28276807001040605
k2_g10_unbal_icc10,C1,C1R8,2.0491583592824503
k2_g10_unbal_icc10,C1,C1R8,1.4612605599960886
k2_g10_unbal_icc10,C1,C1R8,2.3692213558212822
k2_g10_unbal_icc10,C1,C1R8,0.09838165276291222
k2_g10_unbal_icc10,C1,C1R8,1.0920214081424586
k2_g10_unbal_icc10,C1,C1R8,2.070767509705865
k2_g10_unbal_icc10,C1,C1R8,1.3071014602899393
k2_g10_unbal_icc10,C1,C1R8,0.12383687406489718
k2_g10_unbal_icc10,C1,C1R8,1.303103803909428
k2_g10_unbal_icc10,C1,C1R8,-0.6067700437418981
k2_g10_unbal_icc10,C1,C1R8,0.45706458872344613
k2_g10_unbal_icc10,C1,C1R8,1.9137361841440623
k2_g10_unbal_icc10,C1,C1R8,2.025571270062134
k2_g10_unbal_icc10,C1,C1R8,1.561975221605767
k2_g10_unbal_icc10,C1,C1R8,1.8330123360346766
k2_g10_unbal_icc10,C1,C1R8,-0.24886931101097964
k2_g10_unbal_icc10,C1,C1R8,0.5591757487673716
k2_g10_unbal_icc10,C1,C1R8,2.164238543418082
k2_g10_unbal_icc10,C1,C1R8,3.3442075100706354
k2_g10_unbal_icc10,C1,C1R8,1.603439436075081
k2_g10_unbal_icc10,C1,C1R8,0.30623935740033803
k2_g10_unbal_icc10,C1,C1R8,0.2668626893769014
k2_g10_unbal_icc10,C1,C1R8,2.3150228126315064
k2_g10_unbal_icc10,C1,C1R8,2.2061299560871324
k2_g10_unbal_icc10,C1,C1R8,0.03210253237543137
k2_g10_unbal_icc10,C1,C1R8,1.3078965859912681
k2_g10_unbal_icc10,C1,C1R8,2.48788885784263
k2_g10_unbal_icc10,C1,C1R9,0.8240932227721468
k2_g10_unbal_icc10,C1,C1R9,1.1500310607248823
k2_g10_unbal_icc10,C1,C1R9,1.7587259909694277
k2_g10_unbal_icc10,C1,C1R9,0.2813859314674332
k2_g10_unbal_icc10,C1,C1R9,-0.22303741156293588
k2_g10_unbal_icc10,C1,C1R9,0.6714382109259726
k2_g10_unbal_icc10,C1,C1R9,2.4616980179813233
k2_g10_unbal_icc10,C1,C1R9,2.3460756817775845
k2_g10_unbal_icc10,C1,C1R9,1.7657226372764765
k2_g10_unbal_icc10,C1,C1R9,0.20376810003821233
k2_g10_unbal_icc10,C1,C1R9,-0.548997572549724
k2_g10_unbal_icc10,C1,C1R9,0.3190916751840698
k2_g10_unbal_icc10,C1,C1R9,1.3308932386801209
k2_g10_unbal_icc10,C1,C1R9,2.264772302552003
k2_g10_unbal_icc10,C1,C1R9,0.44786224875356684
k2_g10_unbal_icc10,C1,C1R9,1.348597082532544
k2_g10_unbal_icc10,C1,C1R9,-0.4236470609270444
k2_g10_unbal_icc10,C1,C1R9,-0.7291897738699507
k2_g10_unbal_icc10,C1,C1R9,1.2573943061927557
k2_g10_unbal_icc10,C1,C1R9,0.13153339229179872
k2_g10_unbal_icc10,C1,C1R9,0.2690352429986722
k2_g10_unbal_icc10,C1,C1R9,-0.9047914251872919
k2_g10_unbal_icc10,C1,C1R9,2.0077559574773987
k2_g10_unbal_icc10,C1,C1R9,-0.4686521979791558
k2_g10_unbal_icc10,C1,C1R9,1.2482169897282176
k2_g10_unbal_icc10,C1,C1R9,-0.20055130073346383
k2_g10_unbal_icc10,C1,C1R9,0.8488501577710603
k2_g10_unbal_icc10,C1,C1R9,2.4764746239597804
k2_g10_unbal_icc10,C1,C1R9,1.4339402520969688
k2_g10_unbal_icc10,C1,C1R9,1.3161896632240109
k2_g10_unbal_icc10,C1,C1R9,2.0503311774895674
k4_g3_unbal_icc40,C0,C0R0,-0.5799702386027489
k4_g3_unbal_icc40,C0,C0R0,0.4115689924222903
k4_g3_unbal_icc40,C0,C0R0,-1.0078188026997146
k4_g3_unbal_icc40,C0,C0R0,-1.1071750635993771
k4_g3_unbal_icc40,C0,C0R0,-0.247127252323034
k4_g3_unbal_icc40,C0,C0R1,0.30798376546488393
k4_g3_unbal_icc40,C0,C0R1,-0.4944072089660917
k4_g3_unbal_icc40,C0,C0R1,0.20367187505122447
k4_g3_unbal_icc40,C0,C0R1,0.7649097778408726
k4_g3_unbal_icc40,C0,C0R1,-0.8148938717724536
k4_g3_unbal_icc40,C0,C0R1,-0.12813740499364024
k4_g3_unbal_icc40,C0,C0R1,-1.246350562435382
k4_g3_unbal_icc40,C0,C0R1,-0.7725413987981139
k4_g3_unbal_icc40,C0,C0R2,-1.129829432669625
k4_g3_unbal_icc40,C0,C0R2,0.0620508591257217
k4_g3_unbal_icc40,C0,C0R2,-0.02665074010238687
k4_g3_unbal_icc40,C0,C0R2,-0.2928656967900217
k4_g3_unbal_icc40,C0,C0R2,-2.0975432989842235
k4_g3_unbal_icc40,C0,C0R2,-0.5653393325683489
k4_g3_unbal_icc40,C0,C0R2,-0.1856382804642283
k4_g3_unbal_icc40,C0,C0R2,-0.060300846548203
k4_g3_unbal_icc40,C0,C0R2,-1.3333076771492403
k4_g3_unbal_icc40,C0,C0R2,-0.5181357060365845
k4_g3_unbal_icc40,C1,C1R0,-1.0960196669807245
k4_g3_unbal_icc40,C1,C1R0,0.35227150471455243
k4_g3_unbal_icc40,C1,C1R0,-1.0950107051722688
k4_g3_unbal_icc40,C1,C1R0,-0.49468823969203357
k4_g3_unbal_icc40,C1,C1R0,0.21554841022274468
k4_g3_unbal_icc40,C1,C1R0,-0.9215519867340292
k4_g3_unbal_icc40,C1,C1R0,-0.5560209934588491
k4_g3_unbal_icc40,C1,C1R1,-0.7592122580532462
k4_g3_unbal_icc40,C1,C1R1,0.24868987357008165
k4_g3_unbal_icc40,C1,C1R1,1.2422520012930824
k4_g3_unbal_icc40,C1,C1R1,-1.0087012097882373
k4_g3_unbal_icc40,C1,C1R1,0.8553868724700948
k4_g3_unbal_icc40,C1,C1R1,0.2821631354899062
k4_g3_unbal_icc40,C1,C1R1,-0.3071689259677034
k4_g3_unbal_icc40,C1,C1R1,1.7392278986171643
k4_g3_unbal_icc40,C1,C1R1,0.7801557388025618
k4_g3_unbal_icc40,C1,C1R1,-0.7392532843042094
k4_g3_unbal_icc40,C1,C1R1,0.24743192733558392
k4_g3_unbal_icc40,C1,C1R1,0.6364137354219552
k4_g3_unbal_icc40,C1,C1R1,0.04348189921575332
k4_g3_unbal_icc40,C1,C1R1,0.71869192308499
k4_g3_unbal_icc40,C1,C1R1,0.13818781009016523
k4_g3_unbal_icc40,C1,C1R2,1.6856519879653642
k4_g3_unbal_icc40,C1,C1R2,0.04801145067870061
k4_g3_unbal_icc40,C1,C1R2,0.728727670842017
k4_g3_unbal_icc40,C1,C1R2,0.21250067421888236
k4_g3_unbal_icc40,C1,C1R2,0.6699588672750663
k4_g3_unbal_icc40,C1,C1R2,-0.3482197471745515
k4_g3_unbal_icc40,C1,C1R2,0.12265209270263788
k4_g3_unbal_icc40,C1,C1R2,0.4194044327869265
k4_g3_unbal_icc40,C1,C1R2,1.2675566816034367
k4_g3_unbal_icc40,C1,C1R2,1.4584623323558983
k4_g3_unbal_icc40,C1,C1R2,-0.4538230398669547
k4_g3_unbal_icc40,C1,C1R2,-0.044150150091858076
k4_g3_unbal_icc40,C1,C1R2,1.0724664162861708
k4_g3_unbal_icc40,C1,C1R2,-0.9719445487125162
k4_g3_unbal_icc40,C2,C2R0,0.7750810325773239
k4_g3_unbal_icc40,C2,C2R0,0.33541138312848845
k4_g3_unbal_icc40,C2,C2R0,-0.4520570074509339
k4_g3_unbal_icc40,C2,C2R0,-0.4840962419482357
k4_g3_unbal_icc40,C2,C2R0,-0.39239910591642924
k4_g3_unbal_icc40,C2,C2R0,0.98152221706911
k4_g3_unbal_icc40,C2,C2R1,-0.6430054878009945
k4_g3_unbal_icc40,C2,C2R1,-0.13466135332958729
k4_g3_unbal_icc40,C2,C2R1,-0.5013240549664947
k4_g3_unbal_icc40,C2,C2R1,-0.5605913763358413
k4_g3_unbal_icc40,C2,C2R1,-1.2707283688558981
k4_g3_unbal_icc40,C2,C2R1,-0.4167001612271467
k4_g3_unbal_icc40,C2,C2R1,-0.751372208313764
k4_g3_unbal_icc40,C2,C2R1,0.49550302088720943
k4_g3_unbal_icc40,C2,C2R1,0.09810450845251395
k4_g3_unbal_icc40,C2,C2R1,-0.42647723268066395
k4_g3_unbal_icc40,C2,C2R1,0.10995004394738384
k4_g3_unbal_icc40,C2,C2R1,-0.6710374931933167
k4_g3_unbal_icc40,C2,C2R2,0.31140211874397344
k4_g3_unbal_icc40,C2,C2R2,-1.140405517872333
k4_g3_unbal_icc40,C2,C2R2,0.12805330145527583
k4_g3_unbal_icc40,C2,C2R2,-1.448161196010312
k4_g3_unbal_icc40,C2,C2R2,-1.7170429312596847
k4_g3_unbal_icc40,C2,C2R2,-0.3763306850347562
k4_g3_unbal_icc40,C2,C2R2,-0.8375648371027591
k4_g3_unbal_icc40,C2,C2R2,-0.013409160559989391
k4_g3_unbal_icc40,C2,C2R2,1.598297096435412
k4_g3_unbal_icc40,C2,C2R2,-0.784733915751159
k4_g3_unbal_icc40,C2,C2R3,-0.37258028813371613
k4_g3_unbal_icc40,C2,C2R3,-0.1497990471846971
k4_g3_unbal_icc40,C2,C2R3,-0.6683290516890831
k4_g3_unbal_icc40,C2,C2R3,-0.6911984485144294
k4_g3_unbal_icc40,C2,C2R3,0.012439964697414041
k4_g3_unbal_icc40,C2,C2R3,-0.1289667766448213
k4_g3_unbal_icc40,C2,C2R3,-1.3323673572041874
k4_g3_unbal_icc40,C2,C2R3,-0.593019086270469
k4_g3_unbal_icc40,C3,C3R0,-0.9109400501169724
k4_g3_unbal_icc40,C3,C3R0,-1.7767807816131445
k4_g3_unbal_icc40,C3,C3R0,-0.35925091780496154
k4_g3_unbal_icc40,C3,C3R0,-0.9629102101242376
k4_g3_unbal_icc40,C3,C3R0,-1.0430340456196685
k4_g3_unbal_icc40,C3,C3R0,-1.5700191455877868
k4_g3_unbal_icc40,C3,C3R0,-1.2040853265530176
k4_g3_unbal_icc40,C3,C3R0,-2.6596581765133624
k4_g3_unbal_icc40,C3,C3R0,-1.9885950102601297
k4_g3_unbal_icc40,C3,C3R0,-0.831156052118179
k4_g3_unbal_icc40,C3,C3R0,-2.7609914928906676
k4_g3_unbal_icc40,C3,C3R1,-1.2623741904999477
k4_g3_unbal_icc40,C3,C3R1,0.6763134471495048
k4_g3_unbal_icc40,C3,C3R1,-0.5647728620229057
k4_g3_unbal_icc40,C3,C3R1,0.6935502227994578
k4_g3_unbal_icc40,C3,C3R1,0.1915806927273118
k4_g3_unbal_icc40,C3,C3R1,-1.1002809024247453
k4_g3_unbal_icc40,C3,C3R1,1.0577327842941187
k4_g3_unbal_icc40,C3,C3R1,1.2068878841884039
k4_g3_unbal_icc40,C3,C3R1,0.03917406249146645
k4_g3_unbal_icc40,C3,C3R1,-0.12202830857674718
k4_g3_unbal_icc40,C3,C3R1,-0.033686095863620716
k4_g3_unbal_icc40,C3,C3R1,-0.665203417728537
k4_g3_unbal_icc40,C3,C3R1,0.941107968479478
k4_g3_unbal_icc40,C3,C3R2,-1.0921563307149014
k4_g3_unbal_icc40,C3,C3R2,-0.9626257168175307
k4_g3_unbal_icc40,C3,C3R2,-1.4673932257476408
k4_g3_unbal_icc40,C3,C3R2,0.49605012433627116
k4_g3_unbal_icc40,C3,C3R2,-0.5970273000494559
k4_g3_unbal_icc40,C3,C3R2,0.2705280895431026
k4_g3_unbal_icc40,C3,C3R2,-0.4673503906845785
k4_g3_unbal_icc40,C3,C3R2,-1.0155542387407728
k4_g3_unbal_icc40,C3,C3R2,-0.7307208933606073
k4_g3_unbal_icc40,C3,C3R2,-0.9116246847977781
k4_g3_unbal_icc40,C3,C3R2,-0.47150648735377815
k4_g3_unbal_icc40,C3,C3R2,-0.7683520231631225
k4_g3_unbal_icc40,C3,C3R2,-0.7099899412742822
k4_g3_unbal_icc40,C3,C3R2,-1.5455109377048837
k2_g3_bal_icc00,C0,C0R0,-1.2207503305268508
k2_g3_bal_icc00,C0,C0R0,-3.1817147789451443
k2_g3_bal_icc00,C0,C0R0,-1.0580303953330488
k2_g3_bal_icc00,C0,C0R0,-1.8263624273447872
k2_g3_bal_icc00,C0,C0R0,0.024466985681537823
k2_g3_bal_icc00,C0,C0R0,0.08771403833079294
k2_g3_bal_icc00,C0,C0R0,0.5231250298906456
k2_g3_bal_icc00,C0,C0R0,-0.1016630861537332
k2_g3_bal_icc00,C0,C0R1,-0.009339210304531442
k2_g3_bal_icc00,C0,C0R1,0.6363479571354023
k2_g3_bal_icc00,C0,C0R1,-1.5227277326654896
k2_g3_bal_icc00,C0,C0R1,-0.258782053418254
k2_g3_bal_icc00,C0,C0R1,-0.9118070269592934
k2_g3_bal_icc00,C0,C0R1,0.5708835261667984
k2_g3_bal_icc00,C0,C0R1,-1.7060282193452845
k2_g3_bal_icc00,C0,C0R1,-1.1706798088139676
k2_g3_bal_icc00,C0,C0R2,-0.6110229322274434
k2_g3_bal_icc00,C0,C0R2,-2.508581161696089
k2_g3_bal_icc00,C0,C0R2,-0.508977967011055
k2_g3_bal_icc00,C0,C0R2,-0.9876308987654139
k2_g3_bal_icc00,C0,C0R2,-1.1088810484500031
k2_g3_bal_icc00,C0,C0R2,-1.0244348612507341
k2_g3_bal_icc00,C0,C0R2,-0.6501614941702218
k2_g3_bal_icc00,C0,C0R2,-2.685528860703082
k2_g3_bal_icc00,C1,C1R0,-1.5297630698791345
k2_g3_bal_icc00,C1,C1R0,-2.9096892547778537
k2_g3_bal_icc00,C1,C1R0,-0.7502958904254072
k2_g3_bal_icc00,C1,C1R0,0.7891590209338483
k2_g3_bal_icc00,C1,C1R0,-1.186922367693806
k2_g3_bal_icc00,C1,C1R0,0.882954224315102
k2_g3_bal_icc00,C1,C1R0,0.8886206044380106
k2_g3_bal_icc00,C1,C1R0,-1.5310533137019426
k2_g3_bal_icc00,C1,C1R1,-1.9035041533984152
k2_g3_bal_icc00,C1,C1R1,0.5191108259637484
k2_g3_bal_icc00,C1,C1R1,-1.4850935702114731
k2_g3_bal_icc00,C1,C1R1,-2.1789988868411068
k2_g3_bal_icc00,C1,C1R1,-2.0060160706445136
k2_g3_bal_icc00,C1,C1R1,-0.668141252370271
k2_g3_bal_icc00,C1,C1R1,-0.6944298803197679
k2_g3_bal_icc00,C1,C1R1,0.20372351831915436
k2_g3_bal_icc00,C1,C1R2,-1.6005704190863108
k2_g3_bal_icc00,C1,C1R2,-0.8250800953072647
k2_g3_bal_icc00,C1,C1R2,-1.8022560431555323
k2_g3_bal_icc00,C1,C1R2,-0.5964307245288395
k2_g3_bal_icc00,C1,C1R2,-1.8189292185686319
k2_g3_bal_icc00,C1,C1R2,-1.8685729520432472
k2_g3_bal_icc00,C1,C1R2,1.4551005373620711
k2_g3_bal_icc00,C1,C1R2,-0.6359325081650461
k2_g6_unbal_icc00,C0,C0R0,0.742034554700651
k2_g6_unbal_icc00,C0,C0R0,-0.8540294709993372
k2_g6_unbal_icc00,C0,C0R0,0.029067277562870864
k2_g6_unbal_icc00,C0,C0R0,-0.15048589890725628
k2_g6_unbal_icc00,C0,C0R0,-0.795770523450332
k2_g6_unbal_icc00,C0,C0R1,-2.433970895448163
k2_g6_unbal_icc00,C0,C0R1,1.009005016020232
k2_g6_unbal_icc00,C0,C0R1,-0.44905070518377227
k2_g6_unbal_icc00,C0,C0R1,2.120908942757996
k2_g6_unbal_icc00,C0,C0R1,0.42479978118317774
k2_g6_unbal_icc00,C0,C0R1,-0.12363794101605557
k2_g6_unbal_icc00,C0,C0R1,-1.0588495264975446
k2_g6_unbal_icc00,C0,C0R1,0.9910507364403729
k2_g6_unbal_icc00,C0,C0R1,-0.9077075824702252
k2_g6_unbal_icc00,C0,C0R1,1.1685306642561606
k2_g6_unbal_icc00,C0,C0R1,-0.7997797488813503
k2_g6_unbal_icc00,C0,C0R1,-0.2154645384102999
k2_g6_unbal_icc00,C0,C0R1,-1.9240888709646127
k2_g6_unbal_icc00,C0,C0R2,-0.7865320570502017
k2_g6_unbal_icc00,C0,C0R2,0.40942916595600654
k2_g6_unbal_icc00,C0,C0R2,-1.2927903041499695
k2_g6_unbal_icc00,C0,C0R2,0.3661888077619667
k2_g6_unbal_icc00,C0,C0R2,-1.5726588728215058
k2_g6_unbal_icc00,C0,C0R2,0.1438233035038734
k2_g6_unbal_icc00,C0,C0R3,-2.23848657690991
k2_g6_unbal_icc00,C0,C0R3,-0.9951860523250415
k2_g6_unbal_icc00,C0,C0R3,-1.8653328834905527
k2_g6_unbal_icc00,C0,C0R3,0.1518597622291955
k2_g6_unbal_icc00,C0,C0R3,-0.3797473509920957
k2_g6_unbal_icc00,C0,C0R3,0.10802802817751411
k2_g6_unbal_icc00,C0,C0R3,-0.31011564256321256
k2_g6_unbal_icc00,C0,C0R3,-0.7552774972220225
k2_g6_unbal_icc00,C0,C0R3,-0.37328912855831664
k2_g6_unbal_icc00,C0,C0R3,0.6510706122020602
k2_g6_unbal_icc00,C0,C0R3,-0.5845493055949709
k2_g6_unbal_icc00,C0,C0R3,-1.1634656740203162
k2_g6_unbal_icc00,C0,C0R3,-1.3713200970333443
k2_g6_unbal_icc00,C0,C0R3,-0.6231446079509299
k2_g6_unbal_icc00,C0,C0R3,-1.1511577639590604
k2_g6_unbal_icc00,C0,C0R3,1.4792138073267296
k2_g6_unbal_icc00,C0,C0R3,-1.5799828957688986
k2_g6_unbal_icc00,C0,C0R3,-1.4830180513918132
k2_g6_unbal_icc00,C0,C0R3,-0.7073107804698382
k2_g6_unbal_icc00,C0,C0R3,0.24859527795559322
k2_g6_unbal_icc00,C0,C0R4,-1.2083188559881854
k2_g6_unbal_icc00,C0,C0R4,-0.7522104809209338
k2_g6_unbal_icc00,C0,C0R4,0.5719442531744618
k2_g6_unbal_icc00,C0,C0R4,-1.3794004269878164
k2_g6_unbal_icc00,C0,C0R4,-0.49274620679893194
k2_g6_unbal_icc00,C0,C0R4,-1.0144724102070475
k2_g6_unbal_icc00,C0,C0R4,-0.07679844157319404
k2_g6_unbal_icc00,C0,C0R4,-0.004282675143608028
k2_g6_unbal_icc00,C0,C0R5,1.9854438618312258
k2_g6_unbal_icc00,C0,C0R5,-0.21181507020729143
k2_g6_unbal_icc00,C0,C0R5,-0.9107506366107474
k2_g6_unbal_icc00,C0,C0R5,-1.2954089545658978
k2_g6_unbal_icc00,C0,C0R5,-0.6609287115939034
k2_g6_unbal_icc00,C0,C0R5,-0.36960173833308674
k2_g6_unbal_icc00,C0,C0R5,0.19373993026025949
k2_g6_unbal_icc00,C0,C0R5,-0.395797393294003
k2_g6_unbal_icc00,C0,C0R5,0.082530446839989
k2_g6_unbal_icc00,C0,C0R5,-2.011369673343547
k2_g6_unbal_icc00,C0,C0R5,-1.1538025512282388
k2_g6_unbal_icc00,C0,C0R5,-1.4079761022566146
k2_g6_unbal_icc00,C0,C0R5,-0.2368316701329701
k2_g6_unbal_icc00,C0,C0R5,0.0565806047024871
k2_g6_unbal_icc00,C0,C0R5,-1.8675047441105432
k2_g6_unbal_icc00,C0,C0R5,-0.5693471293799883
k2_g6_unbal_icc00,C1,C1R0,-0.993966493951523
k2_g6_unbal_icc00,C1,C1R0,0.6843479071284778
k2_g6_unbal_icc00,C1,C1R0,0.45980418554480684
k2_g6_unbal_icc00,C1,C1R0,-0.3145003857535096
k2_g6_unbal_icc00,C1,C1R0,2.084448967616494
k2_g6_unbal_icc00,C1,C1R0,-0.9972933085843946
k2_g6_unbal_icc00,C1,C1R0,-0.15594874898509342
k2_g6_unbal_icc00,C1,C1R0,0.5762222777176054
k2_g6_unbal_icc00,C1,C1R0,0.3645402830389876
k2_g6_unbal_icc00,C1,C1R0,-0.04981773251266779
k2_g6_unbal_icc00,C1,C1R0,1.498314255646442
k2_g6_unbal_icc00,C1,C1R0,1.5667698523547031
k2_g6_unbal_icc00,C1,C1R0,1.034098053777237
k2_g6_unbal_icc00,C1,C1R0,1.123070490511679
k2_g6_unbal_icc00,C1,C1R0,0.06649337539039102
k2_g6_unbal_icc00,C1,C1R0,-1.0433705997464389
k2_g6_unbal_icc00,C1,C1R0,2.3092061089639038
k2_g6_unbal_icc00,C1,C1R0,-0.83609695640169
k2_g6_unbal_icc00,C1,C1R1,-0.005681002312240238
k2_g6_unbal_icc00,C1,C1R1,0.35323727230987284
k2_g6_unbal_icc00,C1,C1R1,-0.047728235576812786
k2_g6_unbal_icc00,C1,C1R1,1.0795408971240297
k2_g6_unbal_icc00,C1,C1R1,-0.38665325007685264
k2_g6_unbal_icc00,C1,C1R1,1.9646285482488641
k2_g6_unbal_icc00,C1,C1R1,0.6564533497336883
k2_g6_unbal_icc00,C1,C1R1,0.29605078925427086
k2_g6_unbal_icc00,C1,C1R1,-0.4486469515405706
k2_g6_unbal_icc00,C1,C1R1,0.4019785215136371
k2_g6_unbal_icc00,C1,C1R1,0.11817808047960796
k2_g6_unbal_icc00,C1,C1R1,2.021407216007587
k2_g6_unbal_icc00,C1,C1R1,1.0575404532174262
k2_g6_unbal_icc00,C1,C1R2,-2.2517534064890374
k2_g6_unbal_icc00,C1,C1R2,1.6622606801020288
k2_g6_unbal_icc00,C1,C1R2,-1.764550423021228
k2_g6_unbal_icc00,C1,C1R2,0.12219276706136595
k2_g6_unbal_icc00,C1,C1R2,0.9337780835389917
k2_g6_unbal_icc00,C1,C1R2,0.11369532593151141
k2_g6_unbal_icc00,C1,C1R2,-0.9766413582656251
k2_g6_unbal_icc00,C1,C1R2,1.3546948783175023
k2_g6_unbal_icc00,C1,C1R2,-1.6581490249952453
k2_g6_unbal_icc00,C1,C1R2,-1.338766368298326
k2_g6_unbal_icc00,C1,C1R2,1.505328498580447
k2_g6_unbal_icc00,C1,C1R2,-0.7435209578448552
k2_g6_unbal_icc00,C1,C1R2,0.36807677423012003
k2_g6_unbal_icc00,C1,C1R2,0.931286652811277
k2_g6_unbal_icc00,C1,C1R2,0.014942410793846991
k2_g6_unbal_icc00,C1,C1R2,0.39792314742046425
k2_g6_unbal_icc00,C1,C1R3,0.33556954598927813
k2_g6_unbal_icc00,C1,C1R3,1.3084749499853068
k2_g6_unbal_icc00,C1,C1R3,1.0556431128689494
k2_g6_unbal_icc00,C1,C1R3,0.4449052348620542
k2_g6_unbal_icc00,C1,C1R3,1.0388936468779526
k2_g6_unbal_icc00,C1,C1R3,-0.42033924433258746
k2_g6_unbal_icc00,C1,C1R3,-0.6429022532528563
k2_g6_unbal_icc00,C1,C1R3,-0.8802741266254442
k2_g6_unbal_icc00,C1,C1R3,0.9055589417714704
k2_g6_unbal_icc00,C1,C1R3,1.7461579352682455
k2_g6_unbal_icc00,C1,C1R3,0.2064252352779329
k2_g6_unbal_icc00,C1,C1R3,-1.8571866137631774
k2_g6_unbal_icc00,C1,C1R3,-0.38727679435400136
k2_g6_unbal_icc00,C1,C1R3,0.5894244292265023
k2_g6_unbal_icc00,C1,C1R3,0.4184459617986934
k2_g6_unbal_icc00,C1,C1R4,1.048055553004866
k2_g6_unbal_icc00,C1,C1R4,-1.2193507182037437
k2_g6_unbal_icc00,C1,C1R4,0.5561188853703506
k2_g6_unbal_icc00,C1,C1R4,-0.6182100916296862
k2_g6_unbal_icc00,C1,C1R4,0.3542567298870731
k2_g6_unbal_icc00,C1,C1R4,1.3653447520797548
k2_g6_unbal_icc00,C1,C1R4,1.9527997932688808
k2_g6_unbal_icc00,C1,C1R5,-0.3841947358126491
k2_g6_unbal_icc00,C1,C1R5,-0.22983412128091935
k2_g6_unbal_icc00,C1,C1R5,0.6544974206869573
k2_g6_unbal_icc00,C1,C1R5,-0.8665174711127404
k2_g6_unbal_icc00,C1,C1R5,0.053765154382984445
k2_g6_unbal_icc00,C1,C1R6,-0.17563807749628946
k2_g6_unbal_icc00,C1,C1R6,0.49121683998536775
k2_g6_unbal_icc00,C1,C1R6,1.4839482256266003
k2_g6_unbal_icc00,C1,C1R6,0.4266765039016765
k2_g6_unbal_icc00,C1,C1R6,-1.5949495410613699
k3_g4_unbal_icc02,C0,C0R0,-0.46161201562359866
k3_g4_unbal_icc02,C0,C0R0,0.24774571767808884
k3_g4_unbal_icc02,C0,C0R0,0.2624900043224717
k3_g4_unbal_icc02,C0,C0R0,-0.11641604268140271
k3_g4_unbal_icc02,C0,C0R0,-1.033061993854516
k3_g4_unbal_icc02,C0,C0R0,-1.3341686785643654
k3_g4_unbal_icc02,C0,C0R0,-1.3934486614127823
k3_g4_unbal_icc02,C0,C0R0,-0.9272227907908346
k3_g4_unbal_icc02,C0,C0R0,-0.6376875462531119
k3_g4_unbal_icc02,C0,C0R1,-1.8122548454365948
k3_g4_unbal_icc02,C0,C0R1,-0.3865367594620466
k3_g4_unbal_icc02,C0,C0R1,-2.5222441445475168
k3_g4_unbal_icc02,C0,C0R1,-0.864443517387852
k3_g4_unbal_icc02,C0,C0R1,-0.26762358291189
k3_g4_unbal_icc02,C0,C0R1,-1.6646217702542092
k3_g4_unbal_icc02,C0,C0R2,-0.017726376030753443
k3_g4_unbal_icc02,C0,C0R2,-0.7877644751703028
k3_g4_unbal_icc02,C0,C0R2,-2.5100448236313584
k3_g4_unbal_icc02,C0,C0R2,-1.0783322265292692
k3_g4_unbal_icc02,C0,C0R2,0.34446863395531735
k3_g4_unbal_icc02,C0,C0R2,0.3145905175598417
k3_g4_unbal_icc02,C0,C0R2,-0.035528279519056905
k3_g4_unbal_icc02,C0,C0R2,-0.8949041832174531
k3_g4_unbal_icc02,C0,C0R3,-0.6447097369196421
k3_g4_unbal_icc02,C0,C0R3,-0.9867922225804602
k3_g4_unbal_icc02,C0,C0R3,-0.7365551370030771
k3_g4_unbal_icc02,C0,C0R3,0.7142200497853549
k3_g4_unbal_icc02,C0,C0R3,-0.6307456978865582
k3_g4_unbal_icc02,C0,C0R3,-0.539026607475918
k3_g4_unbal_icc02,C0,C0R3,-0.21356717295528038
k3_g4_unbal_icc02,C0,C0R3,-1.066573383415009
k3_g4_unbal_icc02,C0,C0R3,-1.4702623427842691
k3_g4_unbal_icc02,C0,C0R3,-1.5425451978454205
k3_g4_unbal_icc02,C0,C0R3,-0.0533250406318756
k3_g4_unbal_icc02,C1,C1R0,0.709365500630925
k3_g4_unbal_icc02,C1,C1R0,-0.2492657900820232
k3_g4_unbal_icc02,C1,C1R0,-1.7584931585775037
k3_g4_unbal_icc02,C1,C1R0,0.1680449289559271
k3_g4_unbal_icc02,C1,C1R0,-0.5698284228169247
k3_g4_unbal_icc02,C1,C1R0,-1.7471913395539658
k3_g4_unbal_icc02,C1,C1R0,0.07855931601175387
k3_g4_unbal_icc02,C1,C1R1,-0.7996761006295776
k3_g4_unbal_icc02,C1,C1R1,0.17269042420747993
k3_g4_unbal_icc02,C1,C1R1,-2.58173776253359
k3_g4_unbal_icc02,C1,C1R1,-1.6757394489988637
k3_g4_unbal_icc02,C1,C1R1,-0.8315302701495737
k3_g4_unbal_icc02,C1,C1R1,-0.16461738437340837
k3_g4_unbal_icc02,C1,C1R1,-1.0696993583390446
k3_g4_unbal_icc02,C1,C1R1,-1.3979764666932855
k3_g4_unbal_icc02,C1,C1R2,0.2891355613444396
k3_g4_unbal_icc02,C1,C1R2,-1.8145289345481255
k3_g4_unbal_icc02,C1,C1R2,-2.438570223850291
k3_g4_unbal_icc02,C1,C1R2,-0.6734874729794156
k3_g4_unbal_icc02,C1,C1R2,-0.7572787328481865
k3_g4_unbal_icc02,C1,C1R2,-1.2789448206693959
k3_g4_unbal_icc02,C1,C1R3,0.5205458033574097
k3_g4_unbal_icc02,C1,C1R3,-0.8344962269671414
k3_g4_unbal_icc02,C1,C1R3,-0.6169883252375535
k3_g4_unbal_icc02,C1,C1R3,0.2883012893675048
k3_g4_unbal_icc02,C1,C1R3,-0.7008976448929911
k3_g4_unbal_icc02,C1,C1R3,-1.6650408999021404
k3_g4_unbal_icc02,C1,C1R3,-0.34288797825564954
k3_g4_unbal_icc02,C1,C1R3,-1.1711433401873033
k3_g4_unbal_icc02,C1,C1R3,0.04601199344901635
k3_g4_unbal_icc02,C1,C1R3,-0.7760954814266314
k3_g4_unbal_icc02,C1,C1R3,-0.4632499900715028
k3_g4_unbal_icc02,C2,C2R0,-1.03619874878607
k3_g4_unbal_icc02,C2,C2R0,-1.4048962120751656
k3_g4_unbal_icc02,C2,C2R0,1.2952176455442164
k3_g4_unbal_icc02,C2,C2R0,0.6869319150921684
k3_g4_unbal_icc02,C2,C2R0,-1.8970950073636028
k3_g4_unbal_icc02,C2,C2R0,-1.4504126383822527
k3_g4_unbal_icc02,C2,C2R0,0.1695877113222531
k3_g4_unbal_icc02,C2,C2R0,-0.9910061982082963
k3_g4_unbal_icc02,C2,C2R0,-0.39354370196955674
k3_g4_unbal_icc02,C2,C2R0,0.3972756476266482
k3_g4_unbal_icc02,C2,C2R1,-0.5006067862134991
k3_g4_unbal_icc02,C2,C2R1,-0.8415283884317242
k3_g4_unbal_icc02,C2,C2R1,-0.45824311346192265
k3_g4_unbal_icc02,C2,C2R1,0.010108786961062766
k3_g4_unbal_icc02,C2,C2R1,1.3446422188416838
k3_g4_unbal_icc02,C2,C2R2,0.48824404866861854
k3_g4_unbal_icc02,C2,C2R2,-0.30314364629433377
k3_g4_unbal_icc02,C2,C2R2,-1.8856031309750985
k3_g4_unbal_icc02,C2,C2R2,-0.5246883025730227
k3_g4_unbal_icc02,C2,C2R2,0.565581344249114
k3_g4_unbal_icc02,C2,C2R2,-1.0094777182505548
k3_g4_unbal_icc02,C2,C2R2,0.5074745498071216
k3_g4_unbal_icc02,C2,C2R3,-0.4080504270512828
k3_g4_unbal_icc02,C2,C2R3,-1.6134520587799441
k3_g4_unbal_icc02,C2,C2R3,1.6150980896121698
k3_g4_unbal_icc02,C2,C2R3,0.014605796051153697
k3_g4_unbal_icc02,C2,C2R3,0.5640204267309463
k3_g4_unbal_icc02,C2,C2R3,-0.8824334867086914
k3_g4_unbal_icc02,C2,C2R3,-1.8829708125967364
k3_g4_unbal_icc02,C2,C2R3,0.7651571472459434
