case_id,grid,shape,smooth,spacing,anisotropy,pose,rho_target,n_voxels,area_true,volume_true,area_est,volume_est,area_rel_err,volume_rel_err,rho_in,rho_vol,stencil_m,weights_evidence_bearing,surface_in_qualified_domain,volume_in_qualified_domain,error
confirm2-0000-sphere-rho4-sp1.2x1x1-offset0,confirm2,sphere,True,1.2x1x1,1.2,offset0,4,387,289.529179,463.2466863,282.5868599,464.4,-0.02397796003,0.00248963178,3.609401305,4.075892004,2,True,False,False,
confirm2-0001-sphere-rho4-sp1.2x1x1-offset1,confirm2,sphere,True,1.2x1x1,1.2,offset1,4,385,289.529179,463.2466863,282.0683607,462,-0.02576879569,-0.00269119319,3.726779962,4.20844106,2,True,False,False,
confirm2-0002-ellipsoid-rho4-sp1.2x1x1-rot0,confirm2,ellipsoid,True,1.2x1x1,1.2,rot0,4,1339,740.4538204,1621.363402,726.3477642,1606.8,-0.01905055494,-0.00898219494,3.726779962,4.20844106,2,True,False,False,
confirm2-0003-ellipsoid-rho4-sp1.2x1x1-rot1,confirm2,ellipsoid,True,1.2x1x1,1.2,rot1,4,1353,740.4538204,1621.363402,728.1403802,1623.6,-0.01662958557,0.001379455001,4.166666667,4.705180144,2,True,False,False,
confirm2-0004-cylinder-rho4-sp1.2x1x1-rot0,confirm2,cylinder,False,1.2x1x1,1.2,rot0,4,648,463.2466863,764.3570324,430.6444408,777.6,-0.0703777198,0.01732563056,3.726779962,4.20844106,2,True,False,False,
confirm2-0005-cylinder-rho4-sp1.2x1x1-rot1,confirm2,cylinder,False,1.2x1x1,1.2,rot1,4,641,463.2466863,764.3570324,429.0181333,769.2,-0.0738883925,0.006336001834,3.887301263,4.389708653,2,True,False,False,
confirm2-0006-box-rho4-sp1.2x1x1-rot0,confirm2,box,False,1.2x1x1,1.2,rot0,4,1100,705.9456,1265.17248,651.1013485,1320,-0.07768906204,0.04333600427,4.166666667,4.705180144,2,True,False,False,
confirm2-0007-box-rho4-sp1.2x1x1-rot1,confirm2,box,False,1.2x1x1,1.2,rot1,4,1057,705.9456,1265.17248,635.0631933,1268.4,-0.1004077462,0.002551051379,4.166666667,4.705180144,2,True,False,False,
confirm2-0008-capsule-rho4-sp1.2x1x1-rot0,confirm2,capsule,True,1.2x1x1,1.2,rot0,4,1694,940.9698316,2026.704253,929.2641284,2032.8,-0.01244004089,0.003007714277,3.535533906,3.992477744,2,True,False,False,
confirm2-0009-capsule-rho4-sp1.2x1x1-rot1,confirm2,capsule,True,1.2x1x1,1.2,rot1,4,1693,940.9698316,2026.704253,928.7980462,2031.6,-0.01293536196,0.002415619995,3.975620147,4.489442155,2,True,False,False,
confirm2-0010-torus-rho4-sp1.2x1x1-rot0,confirm2,torus,True,1.2x1x1,1.2,rot0,4,4717,2364.915128,5675.796308,2342.417491,5660.4,-0.009513084281,-0.002712625115,4,4.516972939,2,True,False,False,
confirm2-0011-torus-rho4-sp1.2x1x1-rot1,confirm2,torus,True,1.2x1x1,1.2,rot1,4,4748,2364.915128,5675.796308,2340.848564,5697.6,-0.01017650242,0.003841521296,3.993049517,4.509124153,2,True,False,False,
confirm2-0012-sphere-rho6.5-sp1.2x1x1-offset0,confirm2,sphere,True,1.2x1x1,1.2,offset0,6.5,1667,764.5379882,1987.798769,759.8069437,2000.4,-0.00618810912,0.006339288933,6.148622249,6.943290077,2,True,False,False,
confirm2-0013-sphere-rho6.5-sp1.2x1x1-offset1,confirm2,sphere,True,1.2x1x1,1.2,offset1,6.5,1658,764.5379882,1987.798769,757.0526778,1989.6,-0.009790632436,0.0009061434015,5.937171044,6.704510234,2,True,False,False,
confirm2-0014-ellipsoid-rho6.5-sp1.2x1x1-rot0,confirm2,ellipsoid,True,1.2x1x1,1.2,rot0,6.5,5797,1955.260869,6957.295692,1943.637098,6956.4,-0.005944870012,-0.0001287414616,6.666666667,7.528288231,2,True,False,False,
confirm2-0015-ellipsoid-rho6.5-sp1.2x1x1-rot1,confirm2,ellipsoid,True,1.2x1x1,1.2,rot1,6.5,5800,1955.260869,6957.295692,1941.218081,6960,-0.007182053554,0.0003887009699,6.584915422,7.435971191,2,True,False,False,
confirm2-0016-cylinder-rho6.5-sp1.2x1x1-rot0,confirm2,cylinder,False,1.2x1x1,1.2,rot0,6.5,2895,1223.260781,3279.867969,1209.747907,3474,-0.01104660131,0.05918897728,6.066758241,6.8508457,2,True,False,False,
confirm2-0017-cylinder-rho6.5-sp1.2x1x1-rot1,confirm2,cylinder,False,1.2x1x1,1.2,rot1,6.5,2734,1223.260781,3279.867969,1165.786367,3280.8,-0.04698459611,0.0002841671454,6.236095645,7.042068817,2,True,False,False,
confirm2-0018-box-rho6.5-sp1.2x1x1-rot0,confirm2,box,False,1.2x1x1,1.2,rot0,6.5,4080,1864.1376,5428.87488,1613.784886,4896,-0.1342994818,-0.09815567531,6.666666667,7.528288231,2,True,False,False,
confirm2-0019-box-rho6.5-sp1.2x1x1-rot1,confirm2,box,False,1.2x1x1,1.2,rot1,6.5,4521,1864.1376,5428.87488,1739.169543,5425.2,-0.06703800013,-0.0006769137402,6.584915422,7.435971191,2,True,False,False,
confirm2-0020-capsule-rho6.5-sp1.2x1x1-rot0,confirm2,capsule,True,1.2x1x1,1.2,rot0,6.5,7161,2484.748462,8696.619616,2459.928154,8593.2,-0.009989062405,-0.01189193274,6.346477588,7.16671688,2,True,False,False,
confirm2-0021-capsule-rho6.5-sp1.2x1x1-rot1,confirm2,capsule,True,1.2x1x1,1.2,rot1,6.5,7252,2484.748462,8696.619616,2471.589898,8702.4,-0.005295732765,0.0006646702667,6.508541397,7.34972634,2,True,False,False,
confirm2-0022-torus-rho6.5-sp1.2x1x1-rot0,confirm2,torus,True,1.2x1x1,1.2,rot0,6.5,20398,6244.85401,24354.93064,6220.131314,24477.6,-0.003958890959,0.005036736156,6.457123543,7.291663076,2,True,False,False,
confirm2-0023-torus-rho6.5-sp1.2x1x1-rot1,confirm2,torus,True,1.2x1x1,1.2,rot1,6.5,20319,6244.85401,24354.93064,6214.697388,24382.8,-0.004829035649,0.001144300517,6.508541397,7.34972634,2,True,False,False,
confirm2-0024-sphere-rho7.5-sp1.2x1x1-offset0,confirm2,sphere,True,1.2x1x1,1.2,offset0,7.5,2548,1017.87602,3053.628059,1010.411531,3057.6,-0.007333396764,0.00130072839,6.871842709,7.759981889,2,True,False,False,
confirm2-0025-sphere-rho7.5-sp1.2x1x1-offset1,confirm2,sphere,True,1.2x1x1,1.2,offset1,7.5,2543,1017.87602,3053.628059,1010.27822,3051.6,-0.007464366183,-0.0006641474501,7.071067812,7.984955488,2,True,False,False,
confirm2-0026-ellipsoid-rho7.5-sp1.2x1x1-rot0,confirm2,ellipsoid,True,1.2x1x1,1.2,rot0,7.5,8887,2603.157962,10687.69821,2585.609259,10664.4,-0.006741313189,-0.002179908813,7.5,8.46932426,3,True,False,False,
confirm2-0027-ellipsoid-rho7.5-sp1.2x1x1-rot1,confirm2,ellipsoid,True,1.2x1x1,1.2,rot1,7.5,8897,2603.157962,10687.69821,2581.286788,10676.4,-0.008401785368,-0.001057122618,7.681145748,8.67388187,3,True,False,False,
confirm2-0028-cylinder-rho7.5-sp1.2x1x1-rot0,confirm2,cylinder,False,1.2x1x1,1.2,rot0,7.5,4335,1628.601632,5038.486298,1559.826799,5202,-0.04222937722,0.03245294172,7.453559925,8.416882119,3,True,False,False,
confirm2-0029-cylinder-rho7.5-sp1.2x1x1-rot1,confirm2,cylinder,False,1.2x1x1,1.2,rot1,7.5,4202,1628.601632,5038.486298,1534.082975,5042.4,-0.05803669535,0.0007767614997,7.357913352,8.308873873,3,True,False,False,
confirm2-0030-box-rho7.5-sp1.2x1x1-rot0,confirm2,box,False,1.2x1x1,1.2,rot0,7.5,6840,2481.84,8339.76,2236.887082,8208,-0.0986981102,-0.0157990158,7.5,8.46932426,3,True,False,False,
confirm2-0031-box-rho7.5-sp1.2x1x1-rot1,confirm2,box,False,1.2x1x1,1.2,rot1,7.5,6954,2481.84,8339.76,2282.49346,8344.8,-0.08032207536,0.0006043339377,7.681145748,8.67388187,3,True,False,False,
confirm2-0032-capsule-rho7.5-sp1.2x1x1-rot0,confirm2,capsule,True,1.2x1x1,1.2,rot0,7.5,11140,3308.097064,13359.62276,3298.261182,13368,-0.00297327485,0.0006270566737,7.120003121,8.040215355,2,True,False,False,
confirm2-0033-capsule-rho7.5-sp1.2x1x1-rot1,confirm2,capsule,True,1.2x1x1,1.2,rot1,7.5,11119,3308.097064,13359.62276,3280.776886,13342.8,-0.00825857813,-0.001259224133,7.5,8.46932426,3,True,False,False,
confirm2-0034-torus-rho7.5-sp1.2x1x1-rot0,confirm2,torus,True,1.2x1x1,1.2,rot0,7.5,31202,8314.154747,37413.69636,8275.954163,37442.4,-0.004594644438,0.0007671959507,7.304869,8.248973899,3,True,False,False,
confirm2-0035-torus-rho7.5-sp1.2x1x1-rot1,confirm2,torus,True,1.2x1x1,1.2,rot1,7.5,31182,8314.154747,37413.69636,8266.50836,37418.4,-0.005730755439,0.0001257196377,7.492588931,8.46095536,3,True,False,False,
confirm2-0036-sphere-rho8.5-sp1.2x1x1-offset0,confirm2,sphere,True,1.2x1x1,1.2,offset0,8.5,3700,1307.405199,4445.177676,1292.032113,4440,-0.01175847062,-0.001164784856,7.986099034,9.018248305,3,True,False,False,
confirm2-0037-sphere-rho8.5-sp1.2x1x1-offset1,confirm2,sphere,True,1.2x1x1,1.2,offset1,8.5,3700,1307.405199,4445.177676,1292.679434,4440,-0.01126335214,-0.001164784856,8.333333333,9.410360289,3,True,False,False,
confirm2-0038-ellipsoid-rho8.5-sp1.2x1x1-rot0,confirm2,ellipsoid,True,1.2x1x1,1.2,rot0,8.5,12960,3343.611783,15558.12186,3327.75947,15552,-0.00474107453,-0.000393483532,8.333333333,9.410360289,3,True,False,False,
confirm2-0039-ellipsoid-rho8.5-sp1.2x1x1-rot1,confirm2,ellipsoid,True,1.2x1x1,1.2,rot1,8.5,12954,3343.611783,15558.12186,3324.919674,15544.8,-0.005590394434,-0.0008562643267,8.488554385,9.585642612,3,True,False,False,
confirm2-0040-cylinder-rho8.5-sp1.2x1x1-rot0,confirm2,cylinder,False,1.2x1x1,1.2,rot0,8.5,5868,2091.848318,7334.543165,1915.539141,7041.6,-0.08428392034,-0.03994020598,8.207381501,9.268130035,3,True,False,False,
confirm2-0041-cylinder-rho8.5-sp1.2x1x1-rot1,confirm2,cylinder,False,1.2x1x1,1.2,rot1,8.5,6110,2091.848318,7334.543165,1982.691201,7332,-0.05218213788,-0.0003467379972,8.491826135,9.589337213,3,True,False,False,
confirm2-0042-box-rho8.5-sp1.2x1x1-rot0,confirm2,box,False,1.2x1x1,1.2,rot0,8.5,10626,3187.7856,12140.21952,3020.610578,12751.2,-0.05244236701,0.05032697135,9.166666667,10.35139632,4,True,False,False,
confirm2-0043-box-rho8.5-sp1.2x1x1-rot1,confirm2,box,False,1.2x1x1,1.2,rot1,8.5,10115,3187.7856,12140.21952,2962.019946,12138,-0.07082209495,-0.0001828237122,8.488554385,9.585642612,3,True,False,False,
confirm2-0044-capsule-rho8.5-sp1.2x1x1-rot0,confirm2,capsule,True,1.2x1x1,1.2,rot0,8.5,16061,4249.066896,19447.65233,4203.849849,19273.2,-0.0106416416,-0.00897035426,8.207381501,9.268130035,3,True,False,False,
confirm2-0045-capsule-rho8.5-sp1.2x1x1-rot1,confirm2,capsule,True,1.2x1x1,1.2,rot1,8.5,16214,4249.066896,19447.65233,4227.379687,19456.8,-0.005103993319,0.0004703739513,8.459051694,9.552326897,3,True,False,False,
confirm2-0046-torus-rho8.5-sp1.2x1x1-rot0,confirm2,torus,True,1.2x1x1,1.2,rot0,8.5,45470,10679.06988,54463.25637,10643.89507,54564,-0.003293808299,0.001849754145,8.374896351,9.457295045,3,True,False,False,
confirm2-0047-torus-rho8.5-sp1.2x1x1-rot1,confirm2,torus,True,1.2x1x1,1.2,rot1,8.5,45395,10679.06988,54463.25637,10633.84881,54474,-0.004234551218,0.0001972638969,8.498365856,9.596722149,3,True,False,False,
confirm2-0048-sphere-rho9.5-sp1.2x1x1-offset0,confirm2,sphere,True,1.2x1x1,1.2,offset0,9.5,5147,1633.125525,6205.876995,1614.596852,6176.4,-0.01134552906,-0.004749851662,8.914719414,10.06688659,3,True,False,False,
confirm2-0049-sphere-rho9.5-sp1.2x1x1-offset1,confirm2,sphere,True,1.2x1x1,1.2,offset1,9.5,5179,1633.125525,6205.876995,1615.285808,6214.8,-0.0109236657,0.001437831405,9.130230617,10.31025115,4,True,False,False,
confirm2-0050-ellipsoid-rho9.5-sp1.2x1x1-rot0,confirm2,ellipsoid,True,1.2x1x1,1.2,rot0,9.5,18092,4176.62233,21720.56948,4149.136999,21710.4,-0.006580755813,-0.0004681959683,9.258629608,10.45524485,4,True,False,False,
confirm2-0051-ellipsoid-rho9.5-sp1.2x1x1-rot1,confirm2,ellipsoid,True,1.2x1x1,1.2,rot1,9.5,18090,4176.62233,21720.56948,4146.751203,21708,-0.007151981877,-0.0005786903087,9.553940432,10.7887226,4,True,False,False,
confirm2-0052-cylinder-rho9.5-sp1.2x1x1-rot0,confirm2,cylinder,False,1.2x1x1,1.2,rot0,9.5,8400,2613.00084,10239.69704,2455.793395,10080,-0.0601635647,-0.01559587567,8.975274679,10.13526821,3,True,False,False,
confirm2-0053-cylinder-rho9.5-sp1.2x1x1-rot1,confirm2,cylinder,False,1.2x1x1,1.2,rot1,9.5,8533,2613.00084,10239.69704,2475.196857,10239.6,-0.05273782576,-9.477039573e-06,9.273618495,10.47217095,4,True,False,False,
confirm2-0054-box-rho9.5-sp1.2x1x1-rot0,confirm2,box,False,1.2x1x1,1.2,rot0,9.5,13800,3981.9744,16948.86336,3619.758713,16560,-0.09096384127,-0.02294332969,10,11.29243235,4,True,True,False,
confirm2-0055-box-rho9.5-sp1.2x1x1-rot1,confirm2,box,False,1.2x1x1,1.2,rot1,9.5,14128,3981.9744,16948.86336,3702.326791,16953.6,-0.07022837941,0.0002794665282,9.637888197,10.88352004,4,True,False,False,
confirm2-0056-capsule-rho9.5-sp1.2x1x1-rot0,confirm2,capsule,True,1.2x1x1,1.2,rot0,9.5,22703,5307.657956,27150.71185,5288.8236,27243.6,-0.003548524855,0.003421204817,9.316949906,10.52110265,4,True,False,False,
confirm2-0057-capsule-rho9.5-sp1.2x1x1-rot1,confirm2,capsule,True,1.2x1x1,1.2,rot1,9.5,22624,5307.657956,27150.71185,5276.507929,27148.8,-0.005868883673,-7.041634251e-05,9.5,10.72781073,4,True,False,False,
confirm2-0058-torus-rho9.5-sp1.2x1x1-rot0,confirm2,torus,True,1.2x1x1,1.2,rot0,9.5,63358,13339.59939,76035.71655,13284.85135,76029.6,-0.004104174824,-8.044312432e-05,9.340770846,10.54800228,4,True,False,False,
confirm2-0059-torus-rho9.5-sp1.2x1x1-rot1,confirm2,torus,True,1.2x1x1,1.2,rot1,9.5,63361,13339.59939,76035.71655,13276.99376,76033.2,-0.00469321668,-3.309695382e-05,9.529194906,10.76077888,4,True,False,False,
confirm2-0060-sphere-rho11-sp1.2x1x1-offset0,confirm2,sphere,True,1.2x1x1,1.2,offset0,11,8032,2189.564416,9634.08343,2171.260576,9638.4,-0.008359580464,0.0004480519926,10.42965856,11.77762137,4,True,True,False,
confirm2-0061-sphere-rho11-sp1.2x1x1-offset1,confirm2,sphere,True,1.2x1x1,1.2,offset1,11,8023,2189.564416,9634.08343,2170.669506,9627.6,-0.008629529254,-0.0006729679859,10.72510036,12.11124702,4,True,True,False,
confirm2-0062-ellipsoid-rho11-sp1.2x1x1-rot0,confirm2,ellipsoid,True,1.2x1x1,1.2,rot0,11,28092,5599.682016,33719.292,5572.6429,33710.4,-0.004828687794,-0.0002637067239,10.83333333,12.23346838,4,True,True,False,
confirm2-0063-ellipsoid-rho11-sp1.2x1x1-rot1,confirm2,ellipsoid,True,1.2x1x1,1.2,rot1,11,28122,5599.682016,33719.292,5575.263754,33746.4,-0.004360651633,0.0008039313509,11.02270384,12.44731374,4,True,True,False,
confirm2-0064-cylinder-rho11-sp1.2x1x1-rot0,confirm2,cylinder,False,1.2x1x1,1.2,rot0,11,13128,3503.303065,15896.23766,3320.251196,15753.6,-0.05225122299,-0.008973045201,10.83333333,12.23346838,4,True,True,False,
confirm2-0065-cylinder-rho11-sp1.2x1x1-rot1,confirm2,cylinder,False,1.2x1x1,1.2,rot1,11,13235,3503.303065,15896.23766,3337.988243,15882,-0.04718827319,-0.0008956621904,10.93033495,12.3430068,4,True,True,False,
confirm2-0066-box-rho11-sp1.2x1x1-rot0,confirm2,box,False,1.2x1x1,1.2,rot0,11,21866,5338.7136,26311.63392,4986.481503,26239.2,-0.06597696072,-0.002752923677,10.83333333,12.23346838,4,True,True,False,
confirm2-0067-box-rho11-sp1.2x1x1-rot1,confirm2,box,False,1.2x1x1,1.2,rot1,11,21914,5338.7136,26311.63392,5003.700901,26296.8,-0.06275157723,-0.0005637779868,11.02270384,12.44731374,4,True,True,False,
confirm2-0068-capsule-rho11-sp1.2x1x1-rot0,confirm2,capsule,True,1.2x1x1,1.2,rot0,11,35106,7116.084351,42149.11501,7084.39055,42127.2,-0.004453825947,-0.0005199398619,10.83333333,12.23346838,4,True,True,False,
confirm2-0069-capsule-rho11-sp1.2x1x1-rot1,confirm2,capsule,True,1.2x1x1,1.2,rot1,11,35129,7116.084351,42149.11501,7088.617348,42154.8,-0.003859847884,0.0001348781573,10.9607887,12.37739648,4,True,True,False,
confirm2-0070-torus-rho11-sp1.2x1x1-rot0,confirm2,torus,True,1.2x1x1,1.2,rot0,11,98589,17884.67066,118038.8263,17840.18093,118306.8,-0.00248759002,0.002270216279,10.82178872,12.2204317,4,True,True,False,
confirm2-0071-torus-rho11-sp1.2x1x1-rot1,confirm2,torus,True,1.2x1x1,1.2,rot1,11,98377,17884.67066,118038.8263,17824.89205,118052.4,-0.003342449385,0.0001149932235,10.99747446,12.41882363,4,True,True,False,
confirm2-0072-sphere-rho13-sp1.2x1x1-offset0,confirm2,sphere,True,1.2x1x1,1.2,offset0,13,13248,3058.151953,15902.39015,3038.972394,15897.6,-0.006271617344,-0.0003012222721,12.56206812,14.18563044,4,True,True,False,
confirm2-0073-sphere-rho13-sp1.2x1x1-offset1,confirm2,sphere,True,1.2x1x1,1.2,offset1,13,13254,3058.151953,15902.39015,3040.806316,15904.8,-0.005671934137,0.0001515398555,12.36482466,13.9628946,4,True,True,False,
confirm2-0074-ellipsoid-rho13-sp1.2x1x1-rot0,confirm2,ellipsoid,True,1.2x1x1,1.2,rot0,13,46367,7821.043478,55658.36554,7797.669034,55640.4,-0.002988660506,-0.0003227823734,12.74754878,14.39508322,4,True,True,False,
confirm2-0075-ellipsoid-rho13-sp1.2x1x1-rot1,confirm2,ellipsoid,True,1.2x1x1,1.2,rot1,13,46363,7821.043478,55658.36554,7795.111368,55635.6,-0.003315684152,-0.0004090227787,13.01814972,14.7006575,4,True,True,False,
confirm2-0076-cylinder-rho13-sp1.2x1x1-rot0,confirm2,cylinder,False,1.2x1x1,1.2,rot0,13,22156,4893.043124,26238.94375,4748.308767,26587.2,-0.0295796203,0.01327249485,12.61062163,14.24045916,4,True,True,False,
confirm2-0077-cylinder-rho13-sp1.2x1x1-rot1,confirm2,cylinder,False,1.2x1x1,1.2,rot1,13,21869,4893.043124,26238.94375,4708.227945,26242.8,-0.03777100967,0.0001469665007,12.76279315,14.41229782,4,True,True,False,
confirm2-0078-box-rho13-sp1.2x1x1-rot0,confirm2,box,False,1.2x1x1,1.2,rot0,13,35836,7456.5504,43430.99904,6994.187392,43003.2,-0.06200762866,-0.00985008518,13.33333333,15.05657646,4,True,True,False,
confirm2-0079-box-rho13-sp1.2x1x1-rot1,confirm2,box,False,1.2x1x1,1.2,rot1,13,36175,7456.5504,43430.99904,7056.166964,43410,-0.05369553141,-0.000483503499,13.11699491,14.81227776,4,True,True,False,
confirm2-0080-capsule-rho13-sp1.2x1x1-rot0,confirm2,capsule,True,1.2x1x1,1.2,rot0,13,58114,9938.993846,69572.95692,9921.742959,69736.8,-0.001735677448,0.00235498221,12.93681225,14.60880771,4,True,True,False,
confirm2-0081-capsule-rho13-sp1.2x1x1-rot1,confirm2,capsule,True,1.2x1x1,1.2,rot1,13,57977,9938.993846,69572.95692,9914.966081,69572.4,-0.002417524925,-8.004894248e-06,12.9625529,14.63787517,4,True,True,False,
confirm2-0082-torus-rho13-sp1.2x1x1-rot0,confirm2,torus,True,1.2x1x1,1.2,rot0,13,162383,24979.41604,194839.4451,24933.23696,194859.6,-0.001848685461,0.0001034435187,12.89271974,14.55901654,4,True,True,False,
confirm2-0083-torus-rho13-sp1.2x1x1-rot1,confirm2,torus,True,1.2x1x1,1.2,rot1,13,162333,24979.41604,194839.4451,24920.7462,194799.6,-0.002348727647,-0.0002045023388,12.97005097,14.64634231,4,True,True,False,
confirm2-0084-sphere-rho15-sp1.2x1x1-offset0,confirm2,sphere,True,1.2x1x1,1.2,offset0,15,20343,4071.504079,24429.02447,4052.893544,24411.6,-0.004570923826,-0.0007132693462,14.67234738,16.56864902,4,True,True,False,
confirm2-0085-sphere-rho15-sp1.2x1x1-offset1,confirm2,sphere,True,1.2x1x1,1.2,offset1,15,20360,4071.504079,24429.02447,4054.881837,24432,-0.004082580178,0.0001218028861,14.62494065,16.51511528,4,True,True,False,
confirm2-0086-ellipsoid-rho15-sp1.2x1x1-rot0,confirm2,ellipsoid,True,1.2x1x1,1.2,rot0,15,71272,10412.63185,85501.58566,10391.95818,85526.4,-0.001985441586,0.0002902208153,15,16.93864852,4,True,True,False,
confirm2-0087-ellipsoid-rho15-sp1.2x1x1-rot1,confirm2,ellipsoid,True,1.2x1x1,1.2,rot1,15,71247,10412.63185,85501.58566,10392.28284,85496.4,-0.001954261501,-6.064987052e-05,15.04530196,16.98980545,4,True,True,False,
confirm2-0088-cylinder-rho15-sp1.2x1x1-rot0,confirm2,cylinder,False,1.2x1x1,1.2,rot0,15,33429,6514.406526,40307.89038,6277.113736,40114.8,-0.03642584932,-0.004790386715,14.74317168,16.64862687,4,True,True,False,
confirm2-0089-cylinder-rho15-sp1.2x1x1-rot1,confirm2,cylinder,False,1.2x1x1,1.2,rot1,15,33584,6514.406526,40307.89038,6299.613636,40300.8,-0.03297198129,-0.0001759055746,14.74317168,16.64862687,4,True,True,False,
confirm2-0090-box-rho15-sp1.2x1x1-rot0,confirm2,box,False,1.2x1x1,1.2,rot0,15,56160,9927.36,66718.08,9501.635419,67392,-0.04288396725,0.0101010101,15,16.93864852,4,True,True,False,
confirm2-0091-box-rho15-sp1.2x1x1-rot1,confirm2,box,False,1.2x1x1,1.2,rot1,15,55580,9927.36,66718.08,9460.297208,66696,-0.04704803615,-0.0003309447754,15.04530196,16.98980545,4,True,True,False,
confirm2-0092-capsule-rho15-sp1.2x1x1-rot0,confirm2,capsule,True,1.2x1x1,1.2,rot0,15,88938,13232.38826,106876.9821,13200.82417,106725.6,-0.002385366168,-0.001416414201,14.74317168,16.64862687,4,True,True,False,
confirm2-0093-capsule-rho15-sp1.2x1x1-rot1,confirm2,capsule,True,1.2x1x1,1.2,rot1,15,89082,13232.38826,106876.9821,13212.80999,106898.4,-0.001479571887,0.0002003979197,14.97126878,16.90620398,4,True,True,False,
confirm2-0094-torus-rho15-sp1.2x1x1-rot0,confirm2,torus,True,1.2x1x1,1.2,rot0,15,249462,33256.61899,299309.5709,33218.3595,299354.4,-0.001150432398,0.0001497749994,14.86606875,16.78740756,4,True,True,False,
confirm2-0095-torus-rho15-sp1.2x1x1-rot1,confirm2,torus,True,1.2x1x1,1.2,rot1,15,249437,33256.61899,299309.5709,33205.82847,299324.4,-0.001527230395,4.954432549e-05,14.98517786,16.92191072,4,True,True,False,
confirm2-0096-sphere-rho4-sp2.2x1x1-offset0,confirm2,sphere,True,2.2x1x1,2.2,offset0,4,1302,973.1397404,2854.543238,959.1099381,2864.4,-0.01441704795,0.003453008324,3.623842078,6.129866985,3,True,False,False,
confirm2-0097-sphere-rho4-sp2.2x1x1-offset1,confirm2,sphere,True,2.2x1x1,2.2,offset1,4,1306,973.1397404,2854.543238,962.101735,2873.2,-0.01134267248,0.006535813265,3.623842078,6.129866985,3,True,False,False,
confirm2-0098-ellipsoid-rho4-sp2.2x1x1-rot0,confirm2,ellipsoid,True,2.2x1x1,2.2,rot0,4,4542,2488.747563,9990.901335,2475.483227,9992.4,-0.005329723308,0.0001500030301,4.090909091,6.919928638,3,True,False,False,
confirm2-0099-ellipsoid-rho4-sp2.2x1x1-rot1,confirm2,ellipsoid,True,2.2x1x1,2.2,rot1,4,4558,2488.747563,9990.901335,2471.421237,10027.6,-0.006961865447,0.003673208677,3.984474,6.739889626,3,True,False,False,
confirm2-0100-cylinder-rho4-sp2.2x1x1-rot0,confirm2,cylinder,False,2.2x1x1,2.2,rot0,4,1936,1557.023585,4709.996343,1342.595723,4259.2,-0.1377165147,-0.09571055061,3.883638066,6.5693218,3,True,False,False,
confirm2-0101-cylinder-rho4-sp2.2x1x1-rot1,confirm2,cylinder,False,2.2x1x1,2.2,rot1,4,2143,1557.023585,4709.996343,1458.415672,4714.6,-0.06333103325,0.0009774225381,3.951147966,6.683517369,3,True,False,False,
confirm2-0102-box-rho4-sp2.2x1x1-rot0,confirm2,box,False,2.2x1x1,2.2,rot0,4,3600,2372.7616,7796.03968,2164.14029,7920,-0.0879234181,0.01590042189,4.090909091,6.919928638,3,True,False,False,
confirm2-0103-box-rho4-sp2.2x1x1-rot1,confirm2,box,False,2.2x1x1,2.2,rot1,4,3543,2372.7616,7796.03968,2162.82034,7794.6,-0.08847971053,-0.0001846681211,3.984474,6.739889626,3,True,False,False,
confirm2-0104-capsule-rho4-sp2.2x1x1-rot0,confirm2,capsule,True,2.2x1x1,2.2,rot0,4,5648,3162.704156,12488.62667,3149.460295,12425.6,-0.004187511869,-0.005046725299,4.065578141,6.877080371,3,True,False,False,
confirm2-0105-capsule-rho4-sp2.2x1x1-rot1,confirm2,capsule,True,2.2x1x1,2.2,rot1,4,5680,3162.704156,12488.62667,3135.945432,12496,-0.008460710445,0.0005904037359,3.99793335,6.76265663,3,True,False,False,
confirm2-0106-torus-rho4-sp2.2x1x1-rot0,confirm2,torus,True,2.2x1x1,2.2,rot0,4,16086,7948.742514,34974.46706,7929.084534,35389.2,-0.002473093023,0.01185816319,3.763680281,6.366408635,3,True,False,False,
confirm2-0107-torus-rho4-sp2.2x1x1-rot1,confirm2,torus,True,2.2x1x1,2.2,rot1,4,15894,7948.742514,34974.46706,7908.484196,34966.8,-0.005064740557,-0.0002192188423,4.003097974,6.771392787,3,True,False,False,
confirm2-0108-sphere-rho6.5-sp2.2x1x1-offset0,confirm2,sphere,True,2.2x1x1,2.2,offset0,6.5,5580,2569.697127,12248.88964,2550.784754,12276,-0.007359767438,0.002213291362,6.338261096,10.72141021,4,True,False,False,
confirm2-0109-sphere-rho6.5-sp2.2x1x1-offset1,confirm2,sphere,True,2.2x1x1,2.2,offset1,6.5,5582,2569.697127,12248.88964,2551.270491,12280.4,-0.007170742421,0.002572507596,6.338261096,10.72141021,4,True,False,False,
confirm2-0110-ellipsoid-rho6.5-sp2.2x1x1-rot0,confirm2,ellipsoid,True,2.2x1x1,2.2,rot0,6.5,19481,6571.849033,42871.11373,6563.904797,42858.2,-0.001208828229,-0.0003012222721,6.428243465,10.87361881,4,True,False,False,
confirm2-0111-ellipsoid-rho6.5-sp2.2x1x1-rot1,confirm2,ellipsoid,True,2.2x1x1,2.2,rot1,6.5,19499,6571.849033,42871.11373,6547.484283,42897.8,-0.00370744221,0.0006224766139,6.505560241,11.00440309,4,True,False,False,
confirm2-0112-cylinder-rho6.5-sp2.2x1x1-rot0,confirm2,cylinder,False,2.2x1x1,2.2,rot0,6.5,8946,4111.515403,20210.6679,3827.335462,19681.2,-0.06911805339,-0.0261974471,6.314747268,10.68163567,4,True,False,False,
confirm2-0113-cylinder-rho6.5-sp2.2x1x1-rot1,confirm2,cylinder,False,2.2x1x1,2.2,rot1,6.5,9184,4111.515403,20210.6679,3905.591992,20204.8,-0.05008455289,-0.0002903369317,6.321941328,10.69380469,4,True,False,False,
confirm2-0114-box-rho6.5-sp2.2x1x1-rot0,confirm2,box,False,2.2x1x1,2.2,rot0,6.5,15776,6265.5736,33452.92808,5857.379255,34707.2,-0.06514875901,0.03749363634,6.818181818,11.5332144,5,True,False,False,
confirm2-0115-box-rho6.5-sp2.2x1x1-rot1,confirm2,box,False,2.2x1x1,2.2,rot1,6.5,15213,6265.5736,33452.92808,5828.16178,33468.6,-0.06981193552,0.0004684767791,6.505560241,11.00440309,4,True,False,False,
confirm2-0116-capsule-rho6.5-sp2.2x1x1-rot0,confirm2,capsule,True,2.2x1x1,2.2,rot0,6.5,24170,8351.515663,53588.89217,8332.695882,53174,-0.002253456847,-0.007742129965,6.314747268,10.68163567,4,True,False,False,
confirm2-0117-capsule-rho6.5-sp2.2x1x1-rot1,confirm2,capsule,True,2.2x1x1,2.2,rot1,6.5,24348,8351.515663,53588.89217,8310.671482,53565.6,-0.004890630955,-0.0004346454445,6.467336877,10.93974681,4,True,False,False,
confirm2-0118-torus-rho6.5-sp2.2x1x1-rot0,confirm2,torus,True,2.2x1x1,2.2,rot0,6.5,68704,20989.6482,150075.9846,20976.62353,151148.8,-0.0006205281842,0.007148481236,6.590752349,11.14850878,4,True,False,False,
confirm2-0119-torus-rho6.5-sp2.2x1x1-rot1,confirm2,torus,True,2.2x1x1,2.2,rot1,6.5,68213,20989.6482,150075.9846,20944.88149,150068.6,-0.002132799328,-4.92060064e-05,6.508100483,11.0087,4,True,False,False,
confirm2-0120-sphere-rho7.5-sp2.2x1x1-offset0,confirm2,sphere,True,2.2x1x1,2.2,offset0,7.5,8531,3421.1944,18816.5692,3378.371819,18768.2,-0.01251685117,-0.002570564175,7.074573258,11.96691029,5,True,False,False,
confirm2-0121-sphere-rho7.5-sp2.2x1x1-offset1,confirm2,sphere,True,2.2x1x1,2.2,offset1,7.5,8576,3421.1944,18816.5692,3388.874613,18867.2,-0.009446930913,0.002690756258,7.475027295,12.64429355,5,True,False,False,
confirm2-0122-ellipsoid-rho7.5-sp2.2x1x1-rot0,confirm2,ellipsoid,True,2.2x1x1,2.2,rot0,7.5,29940,8749.503151,65857.9922,8720.967908,65868,-0.003261355768,0.0001519603665,7.619570279,12.88879352,5,True,False,False,
confirm2-0123-ellipsoid-rho7.5-sp2.2x1x1-rot1,confirm2,ellipsoid,True,2.2x1x1,2.2,rot1,7.5,29939,8749.503151,65857.9922,8701.183741,65865.8,-0.00552253186,0.0001185551574,7.630950462,12.90804353,5,True,False,False,
confirm2-0124-cylinder-rho7.5-sp2.2x1x1-rot0,confirm2,cylinder,False,2.2x1x1,2.2,rot0,7.5,13664,5473.91104,31047.33918,5047.92086,30060.8,-0.07782190395,-0.0317753213,7.329325226,12.39783295,5,True,False,False,
confirm2-0125-cylinder-rho7.5-sp2.2x1x1-rot1,confirm2,cylinder,False,2.2x1x1,2.2,rot1,7.5,14113,5473.91104,31047.33918,5189.040025,31048.6,-0.0520415865,4.060966955e-05,7.329325226,12.39783295,5,True,False,False,
confirm2-0126-box-rho7.5-sp2.2x1x1-rot0,confirm2,box,False,2.2x1x1,2.2,rot0,7.5,24420,8341.74,51389.91,7935.710158,53724,-0.04867447821,0.04541922724,7.727272727,13.07097632,5,True,False,False,
confirm2-0127-box-rho7.5-sp2.2x1x1-rot1,confirm2,box,False,2.2x1x1,2.2,rot1,7.5,23354,8341.74,51389.91,7778.467113,51378.8,-0.06752462757,-0.0002161902988,7.664989636,12.96562209,5,True,False,False,
confirm2-0128-capsule-rho7.5-sp2.2x1x1-rot0,confirm2,capsule,True,2.2x1x1,2.2,rot0,7.5,37393,11118.8818,82322.49024,11067.57149,82264.6,-0.004614700131,-0.0007032129863,7.329325226,12.39783295,5,True,False,False,
confirm2-0129-capsule-rho7.5-sp2.2x1x1-rot1,confirm2,capsule,True,2.2x1x1,2.2,rot1,7.5,37426,11118.8818,82322.49024,11054.98683,82337.2,-0.005746528008,0.0001786845338,7.466730618,12.63025941,5,True,False,False,
confirm2-0130-torus-rho7.5-sp2.2x1x1-rot0,confirm2,torus,True,2.2x1x1,2.2,rot0,7.5,104213,27944.7979,230544.5827,27836.22773,229268.6,-0.003885165619,-0.005534646143,7.131584966,12.06334777,5,True,False,False,
confirm2-0131-torus-rho7.5-sp2.2x1x1-rot1,confirm2,torus,True,2.2x1x1,2.2,rot1,7.5,104774,27944.7979,230544.5827,27822.34347,230502.8,-0.004382011598,-0.0001812347303,7.527360562,12.73281727,5,True,False,False,
confirm2-0132-sphere-rho8.5-sp2.2x1x1-offset0,confirm2,sphere,True,2.2x1x1,2.2,offset0,8.5,12457,4394.33414,27391.34947,4358.609672,27405.4,-0.008129665764,0.0005129548839,8.254225064,13.96233628,5,True,False,False,
confirm2-0133-sphere-rho8.5-sp2.2x1x1-offset1,confirm2,sphere,True,2.2x1x1,2.2,offset1,8.5,12463,4394.33414,27391.34947,4359.613306,27418.6,-0.007901273159,0.0009948588519,8.255226243,13.96402981,5,True,False,False,
confirm2-0134-ellipsoid-rho8.5-sp2.2x1x1-rot0,confirm2,ellipsoid,True,2.2x1x1,2.2,rot0,8.5,43550,11238.25071,95869.72316,11203.89851,95810,-0.00305672172,-0.000622961612,8.636363636,14.60873824,5,True,False,False,
confirm2-0135-ellipsoid-rho8.5-sp2.2x1x1-rot1,confirm2,ellipsoid,True,2.2x1x1,2.2,rot1,8.5,43558,11238.25071,95869.72316,11192.24523,95827.6,-0.004093651291,-0.000439379148,8.583089274,14.51862262,5,True,False,False,
confirm2-0136-cylinder-rho8.5-sp2.2x1x1-rot0,confirm2,cylinder,False,2.2x1x1,2.2,rot0,8.5,20862,7030.934624,45195.72663,6762.502542,45896.4,-0.03817871963,0.01550308892,8.294676178,14.03076088,5,True,False,False,
confirm2-0137-cylinder-rho8.5-sp2.2x1x1-rot1,confirm2,cylinder,False,2.2x1x1,2.2,rot1,8.5,20535,7030.934624,45195.72663,6714.519983,45177,-0.04500321199,-0.0004143451757,8.369069382,14.15659982,5,True,False,False,
confirm2-0138-box-rho8.5-sp2.2x1x1-rot0,confirm2,box,False,2.2x1x1,2.2,rot0,8.5,33374,10714.5016,74808.48232,9831.274825,73422.8,-0.08243283805,-0.01852306419,8.636363636,14.60873824,5,True,False,False,
confirm2-0139-box-rho8.5-sp2.2x1x1-rot1,confirm2,box,False,2.2x1x1,2.2,rot1,8.5,33996,10714.5016,74808.48232,10066.54288,74791.2,-0.06047492837,-0.0002310208611,8.583089274,14.51862262,5,True,False,False,
confirm2-0140-capsule-rho8.5-sp2.2x1x1-rot0,confirm2,capsule,True,2.2x1x1,2.2,rot0,8.5,54477,14281.58596,119837.1539,14241.11594,119849.4,-0.002833720297,0.0001021891207,8.344345341,14.11477816,5,True,False,False,
confirm2-0141-capsule-rho8.5-sp2.2x1x1-rot1,confirm2,capsule,True,2.2x1x1,2.2,rot1,8.5,54495,14281.58596,119837.1539,14228.09507,119889,-0.003745444528,0.0004326375559,8.467243641,14.32266532,5,True,False,False,
confirm2-0142-torus-rho8.5-sp2.2x1x1-rot0,confirm2,torus,True,2.2x1x1,2.2,rot0,8.5,153124,35893.54042,335604.6029,35818.75045,336872.8,-0.002083660877,0.003778843035,8.427620862,14.25564188,5,True,False,False,
confirm2-0143-torus-rho8.5-sp2.2x1x1-rot1,confirm2,torus,True,2.2x1x1,2.2,rot1,8.5,152531,35893.54042,335604.6029,35785.91739,335568.2,-0.002998395262,-0.0001084695605,8.512994443,14.40005454,5,True,False,False,
confirm2-0144-sphere-rho9.5-sp2.2x1x1-offset0,confirm2,sphere,True,2.2x1x1,2.2,offset0,9.5,17395,5489.116348,38240.84389,5456.147537,38269,-0.006006214634,0.0007362836607,9.286976574,15.70927482,5,True,False,False,
confirm2-0145-sphere-rho9.5-sp2.2x1x1-offset1,confirm2,sphere,True,2.2x1x1,2.2,offset1,9.5,17346,5489.116348,38240.84389,5448.432355,38161.2,-0.007411756441,-0.002082691786,9.076807244,15.35376539,5,True,False,False,
confirm2-0146-ellipsoid-rho9.5-sp2.2x1x1-rot0,confirm2,ellipsoid,True,2.2x1x1,2.2,rot0,9.5,60854,14038.09172,133842.9536,14023.36156,133878.8,-0.001049299267,0.0002678241841,9.545454545,16.14650016,5,True,False,False,
confirm2-0147-ellipsoid-rho9.5-sp2.2x1x1-rot1,confirm2,ellipsoid,True,2.2x1x1,2.2,rot1,9.5,60847,14038.09172,133842.9536,13999.19918,133863.4,-0.002770500836,0.0001527639617,9.538525624,16.13477962,5,True,False,False,
confirm2-0148-cylinder-rho9.5-sp2.2x1x1-rot0,confirm2,cylinder,False,2.2x1x1,2.2,rot0,9.5,28854,8782.586157,63097.39242,8427.979241,63478.8,-0.04037613863,0.006044743918,9.458478203,15.99937636,5,True,False,False,
confirm2-0149-cylinder-rho9.5-sp2.2x1x1-rot1,confirm2,cylinder,False,2.2x1x1,2.2,rot1,9.5,28679,8782.586157,63097.39242,8420.128435,63093.8,-0.04127004457,-5.693453868e-05,9.4129329,15.92233474,5,True,False,False,
confirm2-0150-box-rho9.5-sp2.2x1x1-rot0,confirm2,box,False,2.2x1x1,2.2,rot0,9.5,45264,13383.8584,104439.5238,12109.20341,99580.8,-0.09523823015,-0.04652188736,9.545454545,16.14650016,5,True,False,False,
confirm2-0151-box-rho9.5-sp2.2x1x1-rot1,confirm2,box,False,2.2x1x1,2.2,rot1,9.5,47477,13383.8584,104439.5238,12667.61484,104449.4,-0.05351547659,9.456419988e-05,9.538525624,16.13477962,5,True,False,False,
confirm2-0152-capsule-rho9.5-sp2.2x1x1-rot0,confirm2,capsule,True,2.2x1x1,2.2,rot0,9.5,76154,17839.62813,167303.692,17824.57793,167538.8,-0.0008436388153,0.001405276668,9.326492968,15.7761183,5,True,False,False,
confirm2-0153-capsule-rho9.5-sp2.2x1x1-rot1,confirm2,capsule,True,2.2x1x1,2.2,rot1,9.5,76066,17839.62813,167303.692,17788.7578,167345.2,-0.002851535286,0.0002480995745,9.480297098,16.03628385,5,True,False,False,
confirm2-0154-torus-rho9.5-sp2.2x1x1-rot0,confirm2,torus,True,2.2x1x1,2.2,rot0,9.5,213772,44835.87574,468534.9015,44772.74877,470298.4,-0.001407956694,0.003763857232,9.526387884,16.11424817,5,True,False,False,
confirm2-0155-torus-rho9.5-sp2.2x1x1-rot1,confirm2,torus,True,2.2x1x1,2.2,rot1,9.5,212984,44835.87574,468534.9015,44737.11855,468564.8,-0.002202637754,6.381270095e-05,9.510324968,16.08707714,5,True,False,False,
confirm2-0156-sphere-rho11-sp2.2x1x1-offset0,confirm2,sphere,True,2.2x1x1,2.2,offset0,11,26956,7359.369287,59365.57891,7324.717443,59303.2,-0.004708534387,-0.001050758925,10.69872936,18.09730846,5,True,True,False,
confirm2-0157-sphere-rho11-sp2.2x1x1-offset1,confirm2,sphere,True,2.2x1x1,2.2,offset1,11,26956,7359.369287,59365.57891,7324.540883,59303.2,-0.004732525577,-0.001050758925,10.7511291,18.18594461,5,True,True,False,
confirm2-0158-ellipsoid-rho11-sp2.2x1x1-rot0,confirm2,ellipsoid,True,2.2x1x1,2.2,rot0,11,94450,18821.15344,207779.5262,18817.48853,207790,-0.0001947229817,5.040827991e-05,10.90909091,18.45314304,5,True,True,False,
confirm2-0159-ellipsoid-rho11-sp2.2x1x1-rot1,confirm2,ellipsoid,True,2.2x1x1,2.2,rot1,11,94471,18821.15344,207779.5262,18796.06757,207836.2,-0.00133285546,0.00027275935,11.02738889,18.65324858,5,True,True,False,
confirm2-0160-cylinder-rho11-sp2.2x1x1-rot0,confirm2,cylinder,False,2.2x1x1,2.2,rot0,11,45950,11774.99086,97953.2052,11576.74905,101090,-0.01683583507,0.03202340126,10.90909091,18.45314304,5,True,True,False,
confirm2-0161-cylinder-rho11-sp2.2x1x1-rot1,confirm2,cylinder,False,2.2x1x1,2.2,rot1,11,44530,11774.99086,97953.2052,11368.39607,97966,-0.03453036991,0.0001306215087,10.85060078,18.35420475,5,True,True,False,
confirm2-0162-box-rho11-sp2.2x1x1-rot0,confirm2,box,False,2.2x1x1,2.2,rot0,11,73776,17944.0096,162133.2627,16939.24717,162307.2,-0.05599430978,0.001072804415,10.90909091,18.45314304,5,True,True,False,
confirm2-0163-box-rho11-sp2.2x1x1-rot1,confirm2,box,False,2.2x1x1,2.2,rot1,11,73695,17944.0096,162133.2627,17111.77316,162129,-0.04637962495,-2.629145882e-05,11.02738889,18.65324858,5,True,True,False,
confirm2-0164-capsule-rho11-sp2.2x1x1-rot0,confirm2,capsule,True,2.2x1x1,2.2,rot0,11,117739,23917.95018,259724.4077,23848.10554,259025.8,-0.002920176788,-0.002689803956,10.77569963,18.2275066,5,True,True,False,
confirm2-0165-capsule-rho11-sp2.2x1x1-rot1,confirm2,capsule,True,2.2x1x1,2.2,rot1,11,118018,23917.95018,259724.4077,23865.12082,259639.6,-0.002208774496,-0.0003265297247,10.96576189,18.54900416,5,True,True,False,
confirm2-0166-torus-rho11-sp2.2x1x1-rot0,confirm2,torus,True,2.2x1x1,2.2,rot0,11,330581,60112.36526,727359.6197,60080.96787,727278.2,-0.0005223116569,-0.0001119386911,10.89013505,18.42107847,5,True,True,False,
confirm2-0167-torus-rho11-sp2.2x1x1-rot1,confirm2,torus,True,2.2x1x1,2.2,rot1,11,330699,60112.36526,727359.6197,60043.85696,727537.8,-0.001139670808,0.0002449686667,10.99436369,18.5973852,5,True,True,False,
confirm2-0168-sphere-rho13-sp2.2x1x1-offset0,confirm2,sphere,True,2.2x1x1,2.2,offset0,13,44570,10278.78851,97991.11711,10256.52502,98054,-0.002165964188,0.0006417203407,12.5388652,21.20996836,5,True,True,False,
confirm2-0169-sphere-rho13-sp2.2x1x1-offset1,confirm2,sphere,True,2.2x1x1,2.2,offset1,13,44560,10278.78851,97991.11711,10256.97476,98032,-0.002122209884,0.0004172101948,12.68369162,21.45494777,5,True,True,False,
confirm2-0170-ellipsoid-rho13-sp2.2x1x1-rot0,confirm2,ellipsoid,True,2.2x1x1,2.2,rot0,13,155939,26287.39613,342968.9099,26312.51917,343065.8,0.0009557066826,0.0002825041073,13.11897245,22.19124188,5,True,True,False,
confirm2-0171-ellipsoid-rho13-sp2.2x1x1-rot1,confirm2,ellipsoid,True,2.2x1x1,2.2,rot1,13,155932,26287.39613,342968.9099,26270.47288,343050.4,-0.0006437780914,0.0002376020781,13.01112048,22.00880617,5,True,True,False,
confirm2-0172-cylinder-rho13-sp2.2x1x1-rot0,confirm2,cylinder,False,2.2x1x1,2.2,rot0,13,71764,16446.06161,161685.3432,15651.33435,157880.8,-0.048323257,-0.0235305387,12.80011622,21.65188442,5,True,True,False,
confirm2-0173-cylinder-rho13-sp2.2x1x1-rot1,confirm2,cylinder,False,2.2x1x1,2.2,rot1,13,73488,16446.06161,161685.3432,15968.65133,161673.6,-0.0290288517,-7.263012355e-05,12.83235838,21.70642325,5,True,True,False,
confirm2-0174-box-rho13-sp2.2x1x1-rot0,confirm2,box,False,2.2x1x1,2.2,rot0,13,118503,25062.2944,267623.4246,23347.69276,260706.6,-0.06841359444,-0.02584536331,13.18181818,22.29754784,5,True,True,False,
confirm2-0175-box-rho13-sp2.2x1x1-rot1,confirm2,box,False,2.2x1x1,2.2,rot1,13,121650,25062.2944,267623.4246,24070.59046,267630,-0.03956955932,2.456944869e-05,13.16174019,22.26358515,5,True,True,False,
confirm2-0176-capsule-rho13-sp2.2x1x1-rot0,confirm2,capsule,True,2.2x1x1,2.2,rot0,13,194839,33406.06265,428711.1373,33389.96268,428645.8,-0.0004819476796,-0.0001524041183,12.85648693,21.74723762,5,True,True,False,
confirm2-0177-capsule-rho13-sp2.2x1x1-rot1,confirm2,capsule,True,2.2x1x1,2.2,rot1,13,194884,33406.06265,428711.1373,33383.27754,428744.8,-0.000682064977,7.852060326e-05,12.99364117,21.97923924,5,True,True,False,
confirm2-0178-torus-rho13-sp2.2x1x1-rot0,confirm2,torus,True,2.2x1x1,2.2,rot0,13,541576,83958.59281,1200607.877,83619.35944,1191467.2,-0.004040484119,-0.007613374269,13,21.98999545,5,True,True,False,
confirm2-0179-torus-rho13-sp2.2x1x1-rot1,confirm2,torus,True,2.2x1x1,2.2,rot1,13,545715,83958.59281,1200607.877,83907.42993,1200573,-0.0006093822021,-2.904955027e-05,12.99268707,21.97762535,5,True,True,False,
confirm2-0180-sphere-rho15-sp2.2x1x1-offset0,confirm2,sphere,True,2.2x1x1,2.2,offset0,15,68437,13684.7776,150532.5536,13667.01115,150561.4,-0.001298263969,0.0001916290523,14.47397208,24.4832754,5,True,True,False,
confirm2-0181-sphere-rho15-sp2.2x1x1-offset1,confirm2,sphere,True,2.2x1x1,2.2,offset1,15,68438,13684.7776,150532.5536,13667.46981,150563.6,-0.001264747651,0.0002062438313,14.51673301,24.55560714,5,True,True,False,
confirm2-0182-ellipsoid-rho15-sp2.2x1x1-rot0,confirm2,ellipsoid,True,2.2x1x1,2.2,rot0,15,239541,34998.0126,526863.9376,35049.75575,526990.2,0.001478459497,0.0002396490404,15,25.37307167,5,True,True,False,
confirm2-0183-ellipsoid-rho15-sp2.2x1x1-rot1,confirm2,ellipsoid,True,2.2x1x1,2.2,rot1,15,239465,34998.0126,526863.9376,34997.44757,526823,-1.614479533e-05,-7.7700446e-05,15.00991408,25.38984172,5,True,True,False,
confirm2-0184-cylinder-rho15-sp2.2x1x1-rot0,confirm2,cylinder,False,2.2x1x1,2.2,rot0,15,112794,21895.64416,248378.7134,21255.78179,248146.8,-0.02922327215,-0.0009337089291,14.88939941,25.18598657,5,True,True,False,
confirm2-0185-cylinder-rho15-sp2.2x1x1-rot1,confirm2,cylinder,False,2.2x1x1,2.2,rot1,15,112912,21895.64416,248378.7134,21344.78839,248406.4,-0.02515823521,0.000111469204,14.94507852,25.28016989,5,True,True,False,
confirm2-0186-box-rho15-sp2.2x1x1-rot0,confirm2,box,False,2.2x1x1,2.2,rot0,15,187902,33366.96,411119.28,31959.97554,413384.4,-0.04216699562,0.005509641873,15,25.37307167,5,True,True,False,
confirm2-0187-box-rho15-sp2.2x1x1-rot1,confirm2,box,False,2.2x1x1,2.2,rot1,15,186862,33366.96,411119.28,32199.01354,411096.4,-0.03500308269,-5.565294821e-05,15.08625339,25.51897257,5,True,True,False,
confirm2-0188-capsule-rho15-sp2.2x1x1-rot0,confirm2,capsule,True,2.2x1x1,2.2,rot0,15,299282,44475.5272,658579.922,44483.61532,658420.4,0.00018185567,-0.0002422211008,14.78495997,25.00932327,5,True,True,False,
confirm2-0189-capsule-rho15-sp2.2x1x1-rot1,confirm2,capsule,True,2.2x1x1,2.2,rot1,15,299418,44475.5272,658579.922,44462.42608,658719.6,-0.0002945691471,0.0002120897429,15.00027548,25.37353766,5,True,True,False,
confirm2-0190-torus-rho15-sp2.2x1x1-rot0,confirm2,torus,True,2.2x1x1,2.2,rot0,15,838355,111779.1916,1844356.661,111844.0685,1844381,0.000580402036,1.319621003e-05,14.86606875,25.14652186,5,True,True,False,
confirm2-0191-torus-rho15-sp2.2x1x1-rot1,confirm2,torus,True,2.2x1x1,2.2,rot1,15,838238,111779.1916,1844356.661,111767.3831,1844123.6,-0.0001056411217,-0.000126364649,15.00027548,25.37353766,5,True,True,False,
confirm2-0192-sphere-rho4-sp3.5x1x1-offset0,confirm2,sphere,True,3.5x1x1,3.5,offset0,4,3290,2463.00864,11494.04032,2426.047481,11515,-0.01500650808,0.001823525712,3.706034792,8.543218652,5,True,False,False,
confirm2-0193-sphere-rho4-sp3.5x1x1-offset1,confirm2,sphere,True,3.5x1x1,3.5,offset1,4,3290,2463.00864,11494.04032,2427.943086,11515,-0.01423687854,0.001823525712,3.706034792,8.543218652,5,True,False,False,
confirm2-0194-ellipsoid-rho4-sp3.5x1x1-rot0,confirm2,ellipsoid,True,3.5x1x1,3.5,rot0,4,11496,6298.999513,40229.14113,6265.406275,40236,-0.00533310707,0.0001704951445,4,9.220872584,5,True,False,False,
confirm2-0195-ellipsoid-rho4-sp3.5x1x1-rot1,confirm2,ellipsoid,True,3.5x1x1,3.5,rot1,4,11513,6298.999513,40229.14113,6252.368443,40295.5,-0.007402932819,0.001649522495,3.97183965,9.155956834,5,True,False,False,
confirm2-0196-cylinder-rho4-sp3.5x1x1-rot0,confirm2,cylinder,False,3.5x1x1,3.5,rot0,4,5562,3940.813825,18965.16653,3733.116773,19467,-0.05270410153,0.02646079949,3.886134431,8.958387608,5,True,False,False,
confirm2-0197-cylinder-rho4-sp3.5x1x1-rot1,confirm2,cylinder,False,3.5x1x1,3.5,rot1,4,5425,3940.813825,18965.16653,3695.355124,18987.5,-0.06228629719,0.001177604677,3.940889778,9.084610628,5,True,False,False,
confirm2-0198-box-rho4-sp3.5x1x1-rot0,confirm2,box,False,3.5x1x1,3.5,rot0,4,9548,6005.44,31391.36,5719.170096,33418,-0.04766843121,0.06456043956,4,9.220872584,5,True,False,False,
confirm2-0199-box-rho4-sp3.5x1x1-rot1,confirm2,box,False,3.5x1x1,3.5,rot1,4,8975,6005.44,31391.36,5474.411954,31412.5,-0.08842450279,0.0006734337091,3.97183965,9.155956834,5,True,False,False,
confirm2-0200-capsule-rho4-sp3.5x1x1-rot0,confirm2,capsule,True,3.5x1x1,3.5,rot0,4,14389,8004.778081,50286.42641,8007.509085,50361.5,0.0003411717246,0.001492919599,3.886134431,8.958387608,5,True,False,False,
confirm2-0201-capsule-rho4-sp3.5x1x1-rot1,confirm2,capsule,True,3.5x1x1,3.5,rot1,4,14393,8004.778081,50286.42641,7955.714154,50375.5,-0.006129330086,0.001771324747,4.010191099,9.244365291,5,True,False,False,
confirm2-0202-torus-rho4-sp3.5x1x1-rot0,confirm2,torus,True,3.5x1x1,3.5,rot0,4,40652,20118.20161,140827.4113,20090.37712,142282,-0.001383050437,0.01032887496,3.782343513,8.7191269,5,True,False,False,
confirm2-0203-torus-rho4-sp3.5x1x1-rot1,confirm2,torus,True,3.5x1x1,3.5,rot1,4,40115,20118.20161,140827.4113,20046.48125,140402.5,-0.003564949154,-0.003017248378,4,9.220872584,5,True,False,False,
confirm2-0204-sphere-rho6.5-sp3.5x1x1-offset0,confirm2,sphere,True,3.5x1x1,3.5,offset0,6.5,14088,6503.882191,49321.10662,6489.329608,49308,-0.002237522547,-0.0002657405054,6.149498071,14.17593454,5,True,False,False,
confirm2-0205-sphere-rho6.5-sp3.5x1x1-offset1,confirm2,sphere,True,3.5x1x1,3.5,offset1,6.5,14142,6503.882191,49321.10662,6501.519987,49497,-0.000363199097,0.003566290302,6.364762689,14.67216644,5,True,False,False,
confirm2-0206-ellipsoid-rho6.5-sp3.5x1x1-rot0,confirm2,ellipsoid,True,3.5x1x1,3.5,rot0,6.5,49346,16633.29559,172623.8732,16689.64128,172711,0.00338752407,0.0005047207151,6.446008099,14.85945484,5,True,False,False,
confirm2-0207-ellipsoid-rho6.5-sp3.5x1x1-rot1,confirm2,ellipsoid,True,3.5x1x1,3.5,rot1,6.5,49323,16633.29559,172623.8732,16624.32337,172630.5,-0.0005394133098,3.838892376e-05,6.515288143,15.01916045,5,True,False,False,
confirm2-0208-cylinder-rho6.5-sp3.5x1x1-rot0,confirm2,cylinder,False,3.5x1x1,3.5,rot0,6.5,22792,10406.21151,81379.82592,9822.254021,79772,-0.05611624215,-0.0197570577,6.420630015,14.80095282,5,True,False,False,
confirm2-0209-cylinder-rho6.5-sp3.5x1x1-rot1,confirm2,cylinder,False,3.5x1x1,3.5,rot1,6.5,23221,10406.21151,81379.82592,10011.22204,81273.5,-0.03795708559,-0.001306538996,6.403124237,14.76059818,5,True,False,False,
confirm2-0210-box-rho6.5-sp3.5x1x1-rot0,confirm2,box,False,3.5x1x1,3.5,rot0,6.5,38250,15858.115,134700.8163,14897.58495,133875,-0.06057025408,-0.006130744215,6.571428571,15.14857639,5,True,False,False,
confirm2-0211-box-rho6.5-sp3.5x1x1-rot1,confirm2,box,False,3.5x1x1,3.5,rot1,6.5,38484,15858.115,134700.8163,14950.74702,134694,-0.05721789605,-5.060288564e-05,6.541858938,15.08041193,5,True,False,False,
confirm2-0212-capsule-rho6.5-sp3.5x1x1-rot0,confirm2,capsule,True,3.5x1x1,3.5,rot0,6.5,61559,21137.61712,215779.8414,21266.08403,215456.5,0.006077643645,-0.001498478458,6.38876565,14.72749851,5,True,False,False,
confirm2-0213-capsule-rho6.5-sp3.5x1x1-rot1,confirm2,capsule,True,3.5x1x1,3.5,rot1,6.5,61640,21137.61712,215779.8414,21129.01387,215740,-0.0004070114866,-0.0001846393243,6.510587923,15.00832542,5,True,False,False,
confirm2-0214-torus-rho6.5-sp3.5x1x1-rot0,confirm2,torus,True,3.5x1x1,3.5,rot0,6.5,171997,53124.62613,604292.6222,53290.97758,601989.5,0.003131343406,-0.003811269803,6.167723756,14.21794872,5,True,False,False,
confirm2-0215-torus-rho6.5-sp3.5x1x1-rot1,confirm2,torus,True,3.5x1x1,3.5,rot1,6.5,172682,53124.62613,604292.6222,53244.33294,604387,0.002253320538,0.0001561789325,6.504315679,14.99386653,5,True,False,False,
confirm2-0216-sphere-rho7.5-sp3.5x1x1-offset0,confirm2,sphere,True,3.5x1x1,3.5,offset0,7.5,21624,8659.014751,75766.37908,8651.09027,75684,-0.0009151712382,-0.001087277448,7.144285571,16.46913674,5,True,False,False,
confirm2-0217-sphere-rho7.5-sp3.5x1x1-offset1,confirm2,sphere,True,3.5x1x1,3.5,offset1,7.5,21683,8659.014751,75766.37908,8663.667348,75890.5,0.000537312482,0.001638205841,7.26186573,16.74018465,5,True,False,False,
confirm2-0218-ellipsoid-rho7.5-sp3.5x1x1-rot0,confirm2,ellipsoid,True,3.5x1x1,3.5,rot0,7.5,75764,22144.92016,265182.3268,22216.43416,265174,0.003229363567,-3.140014445e-05,7.428571429,17.12447766,5,True,False,False,
confirm2-0219-ellipsoid-rho7.5-sp3.5x1x1-rot1,confirm2,ellipsoid,True,3.5x1x1,3.5,rot1,7.5,75797,22144.92016,265182.3268,22140.7553,265289.5,-0.0001880729915,0.0004041492431,7.54307359,17.38843012,5,True,False,False,
confirm2-0220-cylinder-rho7.5-sp3.5x1x1-rot0,confirm2,cylinder,False,3.5x1x1,3.5,rot0,7.5,34656,13854.4236,125014.5255,13060.73629,121296,-0.05728764589,-0.02974474734,7.450517035,17.17506707,5,True,False,False,
confirm2-0221-cylinder-rho7.5-sp3.5x1x1-rot1,confirm2,cylinder,False,3.5x1x1,3.5,rot1,7.5,35715,13854.4236,125014.5255,13436.67749,125002.5,-0.03015254364,-9.619261532e-05,7.44640716,17.16559291,5,True,False,False,
confirm2-0222-box-rho7.5-sp3.5x1x1-rot0,confirm2,box,False,3.5x1x1,3.5,rot0,7.5,57304,21112.875,206925.4688,19614.30159,200564,-0.07097912595,-0.03074280217,7.428571429,17.12447766,5,True,False,False,
confirm2-0223-box-rho7.5-sp3.5x1x1-rot1,confirm2,box,False,3.5x1x1,3.5,rot1,7.5,59112,21112.875,206925.4688,20025.59598,206892,-0.05149838766,-0.0001617430189,7.54307359,17.38843012,5,True,False,False,
confirm2-0224-capsule-rho7.5-sp3.5x1x1-rot0,confirm2,capsule,True,3.5x1x1,3.5,rot0,7.5,94669,28141.79794,331477.9085,28343.24539,331341.5,0.007158300592,-0.0004115159736,7.412069583,17.0864373,5,True,False,False,
confirm2-0225-capsule-rho7.5-sp3.5x1x1-rot1,confirm2,capsule,True,3.5x1x1,3.5,rot1,7.5,94651,28141.79794,331477.9085,28143.763,331278.5,6.982715375e-05,-0.0006015738881,7.483314774,17.25067301,5,True,False,False,
confirm2-0226-torus-rho7.5-sp3.5x1x1-rot0,confirm2,torus,True,3.5x1x1,3.5,rot0,7.5,266502,70728.05254,928305.6896,70955.83429,932757,0.003220529051,0.004795091177,7.466933912,17.21291155,5,True,False,False,
confirm2-0227-torus-rho7.5-sp3.5x1x1-rot1,confirm2,torus,True,3.5x1x1,3.5,rot1,7.5,265198,70728.05254,928305.6896,70962.61358,928193,0.003316379212,-0.0001213927477,7.495576927,17.27893995,5,True,False,False,
confirm2-0228-sphere-rho8.5-sp3.5x1x1-offset0,confirm2,sphere,True,3.5x1x1,3.5,offset0,8.5,31529,11122.02339,110293.3986,11136.32473,110351.5,0.001285857903,0.0005267891339,8.252396065,19.02357316,5,True,False,False,
confirm2-0229-sphere-rho8.5-sp3.5x1x1-offset1,confirm2,sphere,True,3.5x1x1,3.5,offset1,8.5,31480,11122.02339,110293.3986,11125.42118,110180,0.000305500687,-0.001028154336,8.171628369,18.837386,5,True,False,False,
confirm2-0230-ellipsoid-rho8.5-sp3.5x1x1-rot0,confirm2,ellipsoid,True,3.5x1x1,3.5,rot0,8.5,110326,28443.91968,386026.8952,28566.16274,386141,0.004297687016,0.0002955876267,8.523676509,19.64893376,5,True,False,False,
confirm2-0231-ellipsoid-rho8.5-sp3.5x1x1-rot1,confirm2,ellipsoid,True,3.5x1x1,3.5,rot1,8.5,110307,28443.91968,386026.8952,28458.63608,386074.5,0.0005173830013,0.000123319837,8.523676509,19.64893376,5,True,False,False,
confirm2-0232-cylinder-rho8.5-sp3.5x1x1-rot0,confirm2,cylinder,False,3.5x1x1,3.5,rot0,8.5,52839,17795.23743,181984.1077,17426.0876,184936.5,-0.02074430472,0.01622335207,8.40310924,19.3709999,5,True,False,False,
confirm2-0233-cylinder-rho8.5-sp3.5x1x1-rot1,confirm2,cylinder,False,3.5x1x1,3.5,rot1,8.5,51978,17795.23743,181984.1077,17304.75965,181923,-0.02756230608,-0.0003357861862,8.496097544,19.58535823,5,True,False,False,
confirm2-0234-box-rho8.5-sp3.5x1x1-rot0,confirm2,box,False,3.5x1x1,3.5,rot0,8.5,85800,27118.315,301222.1713,25846.97374,300300,-0.04688127786,-0.003061432185,8.571428571,19.75901268,5,True,False,False,
confirm2-0235-box-rho8.5-sp3.5x1x1-rot1,confirm2,box,False,3.5x1x1,3.5,rot1,8.5,86076,27118.315,301222.1713,25886.48546,301266,-0.04542426566,0.0001455030678,8.523676509,19.64893376,5,True,False,False,
confirm2-0236-capsule-rho8.5-sp3.5x1x1-rot0,confirm2,capsule,True,3.5x1x1,3.5,rot0,8.5,138001,36146.57602,482533.619,36452.7146,483003.5,0.008469365732,0.0009737787145,8.40310924,19.3709999,5,True,False,False,
confirm2-0237-capsule-rho8.5-sp3.5x1x1-rot1,confirm2,capsule,True,3.5x1x1,3.5,rot1,8.5,137857,36146.57602,482533.619,36198.62978,482499.5,0.001440074302,-7.070809453e-05,8.486483852,19.56319657,5,True,False,False,
confirm2-0238-torus-rho8.5-sp3.5x1x1-rot0,confirm2,torus,True,3.5x1x1,3.5,rot0,8.5,387452,90846.25415,1351338.03,91215.96285,1356082,0.00406960862,0.003510572044,8.40310924,19.3709999,5,True,False,False,
confirm2-0239-torus-rho8.5-sp3.5x1x1-rot1,confirm2,torus,True,3.5x1x1,3.5,rot1,8.5,386102,90846.25415,1351338.03,91169.3239,1351357,0.003556225344,1.403757689e-05,8.504500609,19.60472913,5,True,False,False,
confirm2-0240-sphere-rho9.5-sp3.5x1x1-offset0,confirm2,sphere,True,3.5x1x1,3.5,offset0,9.5,44063,13892.90811,153979.7316,13931.03068,154220.5,0.002744030834,0.001563637104,9.363411205,21.58470542,5,True,False,False,
confirm2-0241-sphere-rho9.5-sp3.5x1x1-offset1,confirm2,sphere,True,3.5x1x1,3.5,offset1,9.5,44046,13892.90811,153979.7316,13926.24491,154161,0.002399554859,0.001177222611,9.376479475,21.61483063,5,True,False,False,
confirm2-0242-ellipsoid-rho9.5-sp3.5x1x1-rot0,confirm2,ellipsoid,True,3.5x1x1,3.5,rot0,9.5,153989,35530.29413,538929.0605,35696.15132,538961.5,0.004668050007,6.019247792e-05,9.497582936,21.89400053,5,True,False,False,
confirm2-0243-ellipsoid-rho9.5-sp3.5x1x1-rot1,confirm2,ellipsoid,True,3.5x1x1,3.5,rot1,9.5,154020,35530.29413,538929.0605,35572.13702,539070,0.001177667932,0.0002615176763,9.506174148,21.91380515,5,True,False,False,
confirm2-0244-cylinder-rho9.5-sp3.5x1x1-rot0,confirm2,cylinder,False,3.5x1x1,3.5,rot0,9.5,72912,22228.65298,254066.5571,21647.47485,255192,-0.0261454497,0.004429716797,9.398219545,21.66494624,5,True,False,False,
confirm2-0245-cylinder-rho9.5-sp3.5x1x1-rot1,confirm2,cylinder,False,3.5x1x1,3.5,rot1,9.5,72616,22228.65298,254066.5571,21727.24985,254156,-0.02255661319,0.0003520451359,9.450191662,21.7847533,5,True,False,False,
confirm2-0246-box-rho9.5-sp3.5x1x1-rot0,confirm2,box,False,3.5x1x1,3.5,rot0,9.5,122275,33874.435,420533.8638,32923.51984,427962.5,-0.02807176445,0.0176647754,9.714285714,22.3935477,5,True,False,False,
confirm2-0247-box-rho9.5-sp3.5x1x1-rot1,confirm2,box,False,3.5x1x1,3.5,rot1,9.5,120160,33874.435,420533.8638,32464.6451,420560,-0.04161810817,6.215016733e-05,9.506174148,21.91380515,5,True,False,False,
confirm2-0248-capsule-rho9.5-sp3.5x1x1-rot0,confirm2,capsule,True,3.5x1x1,3.5,rot0,9.5,192528,45151.95137,673661.3257,45552.11708,673848,0.008862644878,0.0002771041432,9.42424143,21.72493236,5,True,False,False,
confirm2-0249-capsule-rho9.5-sp3.5x1x1-rot1,confirm2,capsule,True,3.5x1x1,3.5,rot1,9.5,192512,45151.95137,673661.3257,45228.84915,673792,0.001703088769,0.0001939763194,9.490059246,21.87665678,5,True,False,False,
confirm2-0250-torus-rho9.5-sp3.5x1x1-rot0,confirm2,torus,True,3.5x1x1,3.5,rot0,9.5,539324,113479.231,1886592.215,113992.5248,1887634,0.004523240672,0.0005522047801,9.237236092,21.29384426,5,True,False,False,
confirm2-0251-torus-rho9.5-sp3.5x1x1-rot1,confirm2,torus,True,3.5x1x1,3.5,rot1,9.5,539059,113479.231,1886592.215,113956.2736,1886706.5,0.004203787628,6.057760556e-05,9.480377156,21.85433745,5,True,False,False,
confirm2-0252-sphere-rho11-sp3.5x1x1-offset0,confirm2,sphere,True,3.5x1x1,3.5,offset0,11,68311,18626.50284,239040.1198,18679.96326,239088.5,0.00287012622,0.0002023935556,10.79304387,24.88032057,5,True,True,False,
confirm2-0253-sphere-rho11-sp3.5x1x1-offset1,confirm2,sphere,True,3.5x1x1,3.5,offset1,11,68283,18626.50284,239040.1198,18670.85169,238990.5,0.002380954132,-0.0002075794651,10.77411865,24.83669382,5,True,True,False,
confirm2-0254-ellipsoid-rho11-sp3.5x1x1-rot0,confirm2,ellipsoid,True,3.5x1x1,3.5,rot0,11,239113,47636.18382,836640.4194,47900.37673,836895.5,0.005546055208,0.0003048868108,11.14010955,25.68038269,5,True,True,False,
confirm2-0255-ellipsoid-rho11-sp3.5x1x1-rot1,confirm2,ellipsoid,True,3.5x1x1,3.5,rot1,11,239031,47636.18382,836640.4194,47712.59399,836608.5,0.001604036232,-3.815183922e-05,11.04443714,25.45983692,5,True,True,False,
confirm2-0256-cylinder-rho11-sp3.5x1x1-rot0,confirm2,cylinder,False,3.5x1x1,3.5,rot0,11,111576,29802.40455,394416.1977,28868.14249,390516,-0.03134854619,-0.009888533296,10.8609016,25.03674746,5,True,True,False,
confirm2-0257-cylinder-rho11-sp3.5x1x1-rot1,confirm2,cylinder,False,3.5x1x1,3.5,rot1,11,112671,29802.40455,394416.1977,29232.05832,394348.5,-0.0191375911,-0.0001716402718,10.90684114,25.14264811,5,True,True,False,
confirm2-0258-box-rho11-sp3.5x1x1-rot0,confirm2,box,False,3.5x1x1,3.5,rot0,11,189805,45416.14,652842.19,44393.05602,664317.5,-0.02252688097,0.01757746386,11.14285714,25.68671648,5,True,True,False,
confirm2-0259-box-rho11-sp3.5x1x1-rot1,confirm2,box,False,3.5x1x1,3.5,rot1,11,186523,45416.14,652842.19,43735.71161,652830.5,-0.03700068712,-1.790631822e-05,11.09145654,25.56822688,5,True,True,False,
confirm2-0260-capsule-rho11-sp3.5x1x1-rot0,confirm2,capsule,True,3.5x1x1,3.5,rot0,11,298847,60536.13424,1045800.524,61047.66959,1045964.5,0.008450082882,0.0001567945155,10.93580526,25.20941673,5,True,True,False,
confirm2-0261-capsule-rho11-sp3.5x1x1-rot1,confirm2,capsule,True,3.5x1x1,3.5,rot1,11,298848,60536.13424,1045800.524,60664.51326,1045968,0.002120700609,0.0001601412341,10.9953608,25.34670524,5,True,True,False,
confirm2-0262-torus-rho11-sp3.5x1x1-rot0,confirm2,torus,True,3.5x1x1,3.5,rot0,11,833195,152143.8997,2928770.069,152884.9603,2916182.5,0.004870787621,-0.004297902748,10.97771397,25.30602545,5,True,True,False,
confirm2-0263-torus-rho11-sp3.5x1x1-rot1,confirm2,torus,True,3.5x1x1,3.5,rot1,11,836914,152143.8997,2928770.069,152837.1194,2929199,0.00455634268,0.0001464543348,10.99907232,25.35526109,5,True,True,False,
confirm2-0264-sphere-rho13-sp3.5x1x1-offset0,confirm2,sphere,True,3.5x1x1,3.5,offset0,13,112752,26015.52876,394568.8529,26109.07067,394632,0.003595618148,0.0001600406954,12.75515102,29.40340559,5,True,True,False,
confirm2-0265-sphere-rho13-sp3.5x1x1-offset1,confirm2,sphere,True,3.5x1x1,3.5,offset1,13,112784,26015.52876,394568.8529,26111.65785,394744,0.003695065614,0.0004438948293,12.68857754,29.24993919,5,True,True,False,
confirm2-0266-ellipsoid-rho13-sp3.5x1x1-rot0,confirm2,ellipsoid,True,3.5x1x1,3.5,rot0,13,394575,66533.18236,1380990.985,66909.31877,1381012.5,0.005653365739,1.557921658e-05,12.93626448,29.82091163,5,True,True,False,
confirm2-0267-ellipsoid-rho13-sp3.5x1x1-rot1,confirm2,ellipsoid,True,3.5x1x1,3.5,rot1,13,394579,66533.18236,1380990.985,66670.33946,1381026.5,0.002061484152,2.571686422e-05,12.99607476,29.95878737,5,True,True,False,
confirm2-0268-cylinder-rho13-sp3.5x1x1-rot0,confirm2,cylinder,False,3.5x1x1,3.5,rot0,13,182056,41624.84602,651038.6073,40119.70381,637196,-0.03615970642,-0.02126234477,12.88568261,29.70430938,5,True,True,False,
confirm2-0269-cylinder-rho13-sp3.5x1x1-rot1,confirm2,cylinder,False,3.5x1x1,3.5,rot1,13,185999,41624.84602,651038.6073,40992.69139,650996.5,-0.01518695423,-6.467716056e-05,12.89280768,29.72073421,5,True,True,False,
confirm2-0270-box-rho13-sp3.5x1x1-rot0,confirm2,box,False,3.5x1x1,3.5,rot0,13,309400,63432.46,1077606.53,61778.27925,1082900,-0.02607782746,0.004912247516,13.14285714,30.29715278,5,True,True,False,
confirm2-0271-box-rho13-sp3.5x1x1-rot1,confirm2,box,False,3.5x1x1,3.5,rot1,13,307888,63432.46,1077606.53,61396.68932,1077608,-0.03209351621,1.364134273e-06,13.07825739,30.14823625,5,True,True,False,
confirm2-0272-capsule-rho13-sp3.5x1x1-rot0,confirm2,capsule,True,3.5x1x1,3.5,rot0,13,493552,84550.46848,1726238.732,85317.34427,1727432,0.009070035894,0.0006912534317,12.92995257,29.80636129,5,True,True,False,
confirm2-0273-capsule-rho13-sp3.5x1x1-rot1,confirm2,capsule,True,3.5x1x1,3.5,rot1,13,493236,84550.46848,1726238.732,84801.74523,1726326,0.002971914274,5.055410093e-05,12.98664935,29.93705973,5,True,True,False,
confirm2-0274-torus-rho13-sp3.5x1x1-rot0,confirm2,torus,True,3.5x1x1,3.5,rot0,13,1383690,212498.5045,4834340.978,213597.5551,4842915,0.005172038982,0.001773565881,12.72070464,29.32399917,5,True,True,False,
confirm2-0275-torus-rho13-sp3.5x1x1-rot1,confirm2,torus,True,3.5x1x1,3.5,rot1,13,1381245,212498.5045,4834340.978,213534.5137,4834357.5,0.004875371667,3.417676458e-06,12.99921505,29.96602641,5,True,True,False,
confirm2-0276-sphere-rho15-sp3.5x1x1-offset0,confirm2,sphere,True,3.5x1x1,3.5,offset0,15,173198,34636.05901,606131.0326,34774.5698,606193,0.003999034562,0.0001022343267,14.70873682,33.90684702,5,True,True,False,
confirm2-0277-sphere-rho15-sp3.5x1x1-offset1,confirm2,sphere,True,3.5x1x1,3.5,offset1,15,173213,34636.05901,606131.0326,34775.97774,606245.5,0.004039684038,0.0001888492617,14.74130667,33.98192764,5,True,True,False,
confirm2-0278-ellipsoid-rho15-sp3.5x1x1-rot0,confirm2,ellipsoid,True,3.5x1x1,3.5,rot0,15,606099,88579.68066,2121458.614,89103.88661,2121346.5,0.005917902875,-5.284765217e-05,15.02446984,34.6346805,5,True,True,False,
confirm2-0279-ellipsoid-rho15-sp3.5x1x1-rot1,confirm2,ellipsoid,True,3.5x1x1,3.5,rot1,15,606175,88579.68066,2121458.614,88807.05226,2121612.5,0.002566859548,7.253777757e-05,15.05161189,34.69724885,5,True,True,False,
confirm2-0280-cylinder-rho15-sp3.5x1x1-rot0,confirm2,cylinder,False,3.5x1x1,3.5,rot0,15,285813,55417.69441,1000116.204,54442.69724,1000345.5,-0.01759360763,0.0002292695647,14.90103407,34.35013413,5,True,True,False,
confirm2-0281-cylinder-rho15-sp3.5x1x1-rot1,confirm2,cylinder,False,3.5x1x1,3.5,rot1,15,285742,55417.69441,1000116.204,54718.94012,1000097,-0.01260886612,-1.920156197e-05,14.90719591,34.36433851,5,True,True,False,
confirm2-0282-box-rho15-sp3.5x1x1-rot0,confirm2,box,False,3.5x1x1,3.5,rot0,15,470925,84451.5,1655403.75,82029.19702,1648237.5,-0.02868277032,-0.004329004329,15.14285714,34.90758907,5,True,True,False,
confirm2-0283-box-rho15-sp3.5x1x1-rot1,confirm2,box,False,3.5x1x1,3.5,rot1,15,472981,84451.5,1655403.75,82025.27021,1655433.5,-0.02872926812,1.797144654e-05,15.05161189,34.69724885,5,True,True,False,
confirm2-0284-capsule-rho15-sp3.5x1x1-rot0,confirm2,capsule,True,3.5x1x1,3.5,rot0,15,757585,112567.1918,2651823.268,113637.457,2651547.5,0.009507790402,-0.000103991709,14.84889881,34.22995099,5,True,True,False,
confirm2-0285-capsule-rho15-sp3.5x1x1-rot1,confirm2,capsule,True,3.5x1x1,3.5,rot1,15,757647,112567.1918,2651823.268,112887.8438,2651764.5,0.002848538998,-2.216121805e-05,14.9938763,34.56415573,5,True,True,False,
confirm2-0286-torus-rho15-sp3.5x1x1-rot0,confirm2,torus,True,3.5x1x1,3.5,rot0,15,2112376,282912.2102,7426445.517,284358.2003,7393316,0.005111091224,-0.004461019279,15,34.57827219,5,True,True,False,
confirm2-0287-torus-rho15-sp3.5x1x1-rot1,confirm2,torus,True,3.5x1x1,3.5,rot1,15,2122012,282912.2102,7426445.517,284345.5171,7427042,0.00506626052,8.031882432e-05,14.99659825,34.57043042,5,True,True,False,
confirm2-0288-sphere-rho4-sp5x1x1-offset0,confirm2,sphere,True,5x1x1,5,offset0,4,6677,5026.548246,33510.32164,5008.185052,33385,-0.003653241383,-0.003739792164,3.847076812,11.24892084,5,True,False,False,
confirm2-0289-sphere-rho4-sp5x1x1-offset1,confirm2,sphere,True,5x1x1,5,offset1,4,6703,5026.548246,33510.32164,5015.383523,33515,-0.002221150956,0.0001396095734,3.8,11.11126741,5,True,False,False,
confirm2-0290-ellipsoid-rho4-sp5x1x1-rot0,confirm2,ellipsoid,True,5x1x1,5,rot0,4,23487,12855.10105,117286.1257,12955.96182,117435,0.007845972572,0.001269325464,4,11.69607095,5,True,False,False,
confirm2-0291-ellipsoid-rho4-sp5x1x1-rot1,confirm2,ellipsoid,True,5x1x1,5,rot1,4,23456,12855.10105,117286.1257,12875.85584,117280,0.001614517832,-5.222897406e-05,3.969886648,11.60801898,5,True,False,False,
confirm2-0292-cylinder-rho4-sp5x1x1-rot0,confirm2,cylinder,False,5x1x1,5,rot0,4,11304,8042.477193,55292.0307,7681.559337,56520,-0.04487645384,0.02220879359,3.939543121,11.51929397,5,True,False,False,
confirm2-0293-cylinder-rho4-sp5x1x1-rot1,confirm2,cylinder,False,5x1x1,5,rot1,4,11042,8042.477193,55292.0307,7665.418499,55210,-0.04688340234,-0.001483589988,3.939543121,11.51929397,5,True,False,False,
confirm2-0294-box-rho4-sp5x1x1-rot0,confirm2,box,False,5x1x1,5,rot0,4,19360,12256,91520,11933.68583,96800,-0.02629848,0.05769230769,4,11.69607095,5,True,False,False,
confirm2-0295-box-rho4-sp5x1x1-rot1,confirm2,box,False,5x1x1,5,rot1,4,18317,12256,91520,11423.50921,91585,-0.06792516234,0.0007102272727,4.084115571,11.94202638,5,True,False,False,
confirm2-0296-capsule-rho4-sp5x1x1-rot0,confirm2,capsule,True,5x1x1,5,rot0,4,29421,16336.2818,146607.6572,16490.29325,147105,0.009427570506,0.003392338723,3.929376541,11.48956671,5,True,False,False,
confirm2-0297-capsule-rho4-sp5x1x1-rot1,confirm2,capsule,True,5x1x1,5,rot1,4,29236,16336.2818,146607.6572,16335.02901,146180,-7.668760331e-05,-0.00291701795,4.009987531,11.72527467,5,True,False,False,
confirm2-0298-torus-rho4-sp5x1x1-rot0,confirm2,torus,True,5x1x1,5,rot0,4,80998,41057.55431,410575.5431,41312.65967,404990,0.006213359965,-0.01360417877,3.969886648,11.60801898,5,True,False,False,
confirm2-0299-torus-rho4-sp5x1x1-rot1,confirm2,torus,True,5x1x1,5,rot1,4,82049,41057.55431,410575.5431,41296.10258,410245,0.005810094565,-0.0008050725156,3.989987469,11.66679413,5,True,False,False,
confirm2-0300-sphere-rho6.5-sp5x1x1-offset0,confirm2,sphere,True,5x1x1,5,offset0,6.5,28833,13273.22896,143793.3137,13388.15557,144165,0.008658526725,0.002584864634,6.330876717,18.51159582,5,True,False,False,
confirm2-0301-sphere-rho6.5-sp5x1x1-offset1,confirm2,sphere,True,5x1x1,5,offset1,6.5,28796,13273.22896,143793.3137,13371.23456,143980,0.007383704344,0.001298295772,6.241794614,18.25111817,5,True,False,False,
confirm2-0302-ellipsoid-rho6.5-sp5x1x1-rot0,confirm2,ellipsoid,True,5x1x1,5,rot0,6.5,100664,33945.5012,503276.5981,34331.60933,503320,0.01137435334,8.623862062e-05,6.477653896,18.94077489,5,True,False,False,
confirm2-0303-ellipsoid-rho6.5-sp5x1x1-rot1,confirm2,ellipsoid,True,5x1x1,5,rot1,6.5,100660,33945.5012,503276.5981,34134.35868,503300,0.00556354945,4.649904187e-05,6.536053855,19.11153741,5,True,False,False,
confirm2-0304-cylinder-rho6.5-sp5x1x1-rot0,confirm2,cylinder,False,5x1x1,5,rot0,6.5,46480,21237.16634,237258.9677,20120.93716,232400,-0.05256017488,-0.02047959549,6.428063472,18.79577161,5,True,False,False,
confirm2-0305-cylinder-rho6.5-sp5x1x1-rot1,confirm2,cylinder,False,5x1x1,5,rot1,6.5,47462,21237.16634,237258.9677,20734.64089,237310,-0.0236625473,0.0002150911941,6.449806199,18.85934773,5,True,False,False,
confirm2-0306-box-rho6.5-sp5x1x1-rot0,confirm2,box,False,5x1x1,5,rot0,6.5,78455,32363.5,392713.75,31097.50346,392275,-0.03911803555,-0.001117225969,6.6,19.29851707,5,True,False,False,
confirm2-0307-box-rho6.5-sp5x1x1-rot1,confirm2,box,False,5x1x1,5,rot1,6.5,78546,32363.5,392713.75,30960.63113,392730,-0.04334725439,4.13787396e-05,6.536053855,19.11153741,5,True,False,False,
confirm2-0308-capsule-rho6.5-sp5x1x1-rot0,confirm2,capsule,True,5x1x1,5,rot0,6.5,125630,43137.99412,629095.7477,43603.1106,628150,0.01078206079,-0.001503344529,6.403124237,18.72284885,5,True,False,False,
confirm2-0309-capsule-rho6.5-sp5x1x1-rot1,confirm2,capsule,True,5x1x1,5,rot1,6.5,125894,43137.99412,629095.7477,43501.27085,629470,0.008421270604,0.0005949052285,6.499230724,19.00386592,5,True,False,False,
confirm2-0310-torus-rho6.5-sp5x1x1-rot0,confirm2,torus,True,5x1x1,5,rot0,6.5,351580,108417.6043,1761786.071,109450.5964,1757900,0.009527899638,-0.002205756242,6.174139616,18.05329376,5,True,False,False,
confirm2-0311-torus-rho6.5-sp5x1x1-rot1,confirm2,torus,True,5x1x1,5,rot1,6.5,352607,108417.6043,1761786.071,109512.851,1763035,0.01010211062,0.0007088995644,6.502307283,19.01286183,5,True,False,False,
confirm2-0312-sphere-rho7.5-sp5x1x1-offset0,confirm2,sphere,True,5x1x1,5,offset0,7.5,44259,17671.45868,220893.2335,17844.01596,221295,0.009764744937,0.001818826852,7.378346698,21.57441662,5,True,False,False,
confirm2-0313-sphere-rho7.5-sp5x1x1-offset1,confirm2,sphere,True,5x1x1,5,offset1,7.5,44031,17671.45868,220893.2335,17755.09333,220155,0.00473275321,-0.003342037436,7.028513356,20.55149773,5,True,False,False,
confirm2-0314-ellipsoid-rho7.5-sp5x1x1-rot0,confirm2,ellipsoid,True,5x1x1,5,rot0,7.5,154592,45193.71462,773126.3171,45720.96731,772960,0.01166650487,-0.0002151227952,7.467261881,21.8344062,5,True,False,False,
confirm2-0315-ellipsoid-rho7.5-sp5x1x1-rot1,confirm2,ellipsoid,True,5x1x1,5,rot1,7.5,154540,45193.71462,773126.3171,45439.5565,772700,0.005439736043,-0.0005514197162,7.517978452,21.98270235,5,True,False,False,
confirm2-0316-cylinder-rho7.5-sp5x1x1-rot0,confirm2,cylinder,False,5x1x1,5,rot0,7.5,70688,28274.33388,364473.8352,26742.03457,353440,-0.05419400208,-0.03027332592,7.421590126,21.70086117,5,True,False,False,
confirm2-0317-cylinder-rho7.5-sp5x1x1-rot1,confirm2,cylinder,False,5x1x1,5,rot1,7.5,72899,28274.33388,364473.8352,27727.18992,364495,-0.01935125912,5.806945884e-05,7.467261881,21.8344062,5,True,False,False,
confirm2-0318-box-rho7.5-sp5x1x1-rot0,confirm2,box,False,5x1x1,5,rot0,7.5,116850,43087.5,603281.25,40717.29666,584250,-0.05500907089,-0.03154623155,7.6,22.22253481,5,True,False,False,
confirm2-0319-box-rho7.5-sp5x1x1-rot1,confirm2,box,False,5x1x1,5,rot1,7.5,120657,43087.5,603281.25,41472.91288,603285,-0.03747228597,6.216006216e-06,7.56306816,22.11454546,5,True,False,False,
confirm2-0320-capsule-rho7.5-sp5x1x1-rot0,confirm2,capsule,True,5x1x1,5,rot0,7.5,192957,57432.2407,966407.8964,58042.80375,964785,0.01063101565,-0.001679307851,7.4,21.63773126,5,True,False,False,
confirm2-0321-capsule-rho7.5-sp5x1x1-rot1,confirm2,capsule,True,5x1x1,5,rot1,7.5,193333,57432.2407,966407.8964,57907.63473,966665,0.008277476589,0.0002660404918,7.496665926,21.92038414,5,True,False,False,
confirm2-0322-torus-rho7.5-sp5x1x1-rot0,confirm2,torus,True,5x1x1,5,rot0,7.5,538037,144342.9644,2706430.582,145767.7451,2690185,0.009870801711,-0.00600258583,7.102112362,20.76670252,5,True,False,False,
confirm2-0323-torus-rho7.5-sp5x1x1-rot1,confirm2,torus,True,5x1x1,5,rot1,7.5,541152,144342.9644,2706430.582,145913.2086,2705760,0.0108785646,-0.0002477735308,7.496665926,21.92038414,5,True,False,False,
confirm2-0324-sphere-rho8.5-sp5x1x1-offset0,confirm2,sphere,True,5x1x1,5,offset0,8.5,64148,22698.00692,321555.0981,22837.68564,320740,0.006153787963,-0.002534862825,8.024961059,23.46512849,5,True,False,False,
confirm2-0325-sphere-rho8.5-sp5x1x1-offset1,confirm2,sphere,True,5x1x1,5,offset1,8.5,64386,22698.00692,321555.0981,22927.89353,321930,0.01012805263,0.001165902634,8.345058418,24.40109884,5,True,False,False,
confirm2-0326-ellipsoid-rho8.5-sp5x1x1-rot0,confirm2,ellipsoid,True,5x1x1,5,rot0,8.5,225023,58048.81567,1125442.843,58710.10969,1125115,0.01139203295,-0.0002913015326,8.409518417,24.58958102,5,True,False,False,
confirm2-0327-ellipsoid-rho8.5-sp5x1x1-rot1,confirm2,ellipsoid,True,5x1x1,5,rot1,8.5,225037,58048.81567,1125442.843,58462.34512,1125185,0.007123822295,-0.0002291037938,8.544003745,24.98281851,5,True,False,False,
confirm2-0328-cylinder-rho8.5-sp5x1x1-rot0,confirm2,cylinder,False,5x1x1,5,rot0,8.5,102042,36316.81108,530565.9118,34279.52597,510210,-0.05609757694,-0.03836641472,8.402380615,24.56870996,5,True,False,False,
confirm2-0329-cylinder-rho8.5-sp5x1x1-rot1,confirm2,cylinder,False,5x1x1,5,rot1,8.5,106089,36316.81108,530565.9118,35691.27047,530445,-0.01722454665,-0.0002278921495,8.461678321,24.7420975,5,True,False,False,
confirm2-0330-box-rho8.5-sp5x1x1-rot0,confirm2,box,False,5x1x1,5,rot0,8.5,175780,55343.5,878198.75,53798.20733,878900,-0.02792184577,0.000798509449,8.6,25.14655255,5,True,False,False,
confirm2-0331-box-rho8.5-sp5x1x1-rot1,confirm2,box,False,5x1x1,5,rot1,8.5,175621,55343.5,878198.75,53493.80375,878105,-0.03342210467,-0.0001067526001,8.548684109,24.99650397,5,True,False,False,
confirm2-0332-capsule-rho8.5-sp5x1x1-rot0,confirm2,capsule,True,5x1x1,5,rot0,8.5,281535,73768.5225,1406803.554,74679.03997,1407675,0.01234289967,0.0006194510713,8.459314393,24.73518534,5,True,False,False,
confirm2-0333-capsule-rho8.5-sp5x1x1-rot1,confirm2,capsule,True,5x1x1,5,rot1,8.5,281329,73768.5225,1406803.554,74405.10201,1406645,0.008629419317,-0.0001127051683,8.499411744,24.8524307,5,True,False,False,
confirm2-0334-torus-rho8.5-sp5x1x1-rot0,confirm2,torus,True,5x1x1,5,rot0,8.5,780359,185400.5187,3939761.022,187339.0605,3901795,0.01045596772,-0.009636630654,8.032434251,23.48698023,5,True,False,False,
confirm2-0335-torus-rho8.5-sp5x1x1-rot1,confirm2,torus,True,5x1x1,5,rot1,8.5,788062,185400.5187,3939761.022,187505.8545,3940310,0.01135560911,0.0001393430121,8.497058314,24.84554923,5,True,False,False,
confirm2-0336-sphere-rho9.5-sp5x1x1-offset0,confirm2,sphere,True,5x1x1,5,offset0,9.5,89876,28352.8737,448920.5002,28654.61282,449380,0.01064227666,0.001023566024,9.314504818,27.23577731,5,True,False,False,
confirm2-0337-sphere-rho9.5-sp5x1x1-offset1,confirm2,sphere,True,5x1x1,5,offset1,9.5,89689,28352.8737,448920.5002,28602.91082,448445,0.008818757606,-0.001059208097,9.114823092,26.6519044,5,True,False,False,
confirm2-0338-ellipsoid-rho9.5-sp5x1x1-rot0,confirm2,ellipsoid,True,5x1x1,5,rot0,9.5,314228,72510.80435,1571221.751,73348.95449,1571140,0.01155896904,-5.203008425e-05,9.453041838,27.64086202,5,True,False,False,
confirm2-0339-ellipsoid-rho9.5-sp5x1x1-rot1,confirm2,ellipsoid,True,5x1x1,5,rot1,9.5,314247,72510.80435,1571221.751,73095.62457,1571235,0.008065283912,8.432418863e-06,9.535197953,27.88108795,5,True,False,False,
confirm2-0340-cylinder-rho9.5-sp5x1x1-rot0,confirm2,cylinder,False,5x1x1,5,rot0,9.5,148911,45364.59792,740718.8254,44294.45949,744555,-0.02358972581,0.005178988965,9.440338977,27.60371862,5,True,False,False,
confirm2-0341-cylinder-rho9.5-sp5x1x1-rot1,confirm2,cylinder,False,5x1x1,5,rot1,9.5,148155,45364.59792,740718.8254,44796.36797,740775,-0.01252584563,7.583798454e-05,9.453041838,27.64086202,5,True,False,False,
confirm2-0342-box-rho9.5-sp5x1x1-rot0,confirm2,box,False,5x1x1,5,rot0,9.5,249375,69131.5,1226046.25,68262.90263,1246875,-0.01256442251,0.01698855161,9.6,28.07057029,5,True,False,False,
confirm2-0343-box-rho9.5-sp5x1x1-rot1,confirm2,box,False,5x1x1,5,rot1,9.5,245206,69131.5,1226046.25,67071.93048,1226030,-0.02979205597,-1.325398614e-05,9.535197953,27.88108795,5,True,False,False,
confirm2-0344-capsule-rho9.5-sp5x1x1-rot0,confirm2,capsule,True,5x1x1,5,rot0,9.5,392972,92146.83952,1964027.189,93336.45362,1964860,0.01290998267,0.0004240325718,9.453041838,27.64086202,5,True,False,False,
confirm2-0345-capsule-rho9.5-sp5x1x1-rot1,confirm2,capsule,True,5x1x1,5,rot1,9.5,392730,92146.83952,1964027.189,93005.96861,1963650,0.00932347865,-0.0001920485125,9.493155429,27.75815487,5,True,False,False,
confirm2-0346-torus-rho9.5-sp5x1x1-rot0,confirm2,torus,True,5x1x1,5,rot0,9.5,1103696,231590.2673,5500268.848,234084.4454,5518480,0.01076978838,0.003310956756,9.433981132,27.58512817,5,True,False,False,
confirm2-0347-torus-rho9.5-sp5x1x1-rot1,confirm2,torus,True,5x1x1,5,rot1,9.5,1099937,231590.2673,5500268.848,234244.8692,5499685,0.01146249348,-0.0001061489385,9.505787711,27.79509188,5,True,False,False,
confirm2-0348-sphere-rho11-sp5x1x1-offset0,confirm2,sphere,True,5x1x1,5,offset0,11,139198,38013.27111,696909.9703,38366.26211,695990,0.009285993852,-0.001320070541,10.93252029,31.96688327,5,True,False,False,
confirm2-0349-sphere-rho11-sp5x1x1-offset1,confirm2,sphere,True,5x1x1,5,offset1,11,139487,38013.27111,696909.9703,38431.32495,697435,0.01099757603,0.0007533680117,10.60942977,31.02216083,5,True,False,False,
confirm2-0350-ellipsoid-rho11-sp5x1x1-rot0,confirm2,ellipsoid,True,5x1x1,5,rot0,11,487901,97216.70167,2439184.896,98436.94697,2439505,0.0125518072,0.0001312339527,11,32.16419512,5,True,False,False,
confirm2-0351-ellipsoid-rho11-sp5x1x1-rot1,confirm2,ellipsoid,True,5x1x1,5,rot1,11,487920,97216.70167,2439184.896,98053.89167,2439600,0.008611586057,0.0001701813897,11.02361102,32.23323417,5,True,False,False,
confirm2-0352-cylinder-rho11-sp5x1x1-rot0,confirm2,cylinder,False,5x1x1,5,rot0,11,227760,60821.23377,1149901.451,58972.70953,1138800,-0.03039274497,-0.009654262998,10.98362417,32.11631192,5,True,False,False,
confirm2-0353-cylinder-rho11-sp5x1x1-rot1,confirm2,cylinder,False,5x1x1,5,rot1,11,229964,60821.23377,1149901.451,60224.93282,1149820,-0.009804157402,-7.083305281e-05,10.96357606,32.05769087,5,True,False,False,
confirm2-0354-box-rho11-sp5x1x1-rot0,confirm2,box,False,5x1x1,5,rot0,11,372680,92686,1903330,89414.42376,1863400,-0.03529741536,-0.02097902098,11,32.16419512,5,True,False,False,
confirm2-0355-box-rho11-sp5x1x1-rot1,confirm2,box,False,5x1x1,5,rot1,11,380652,92686,1903330,90263.20271,1903260,-0.02613984089,-3.67776476e-05,11.02361102,32.23323417,5,True,False,False,
confirm2-0356-capsule-rho11-sp5x1x1-rot0,confirm2,capsule,True,5x1x1,5,rot0,11,609906,123543.1311,3048981.12,125111.6234,3049530,0.01269590852,0.0001800207422,10.91237829,31.90798769,5,True,False,False,
confirm2-0357-capsule-rho11-sp5x1x1-rot1,confirm2,capsule,True,5x1x1,5,rot1,11,609784,123543.1311,3048981.12,124661.288,3048920,0.009050741369,-2.004609194e-05,11,32.16419512,5,True,False,False,
confirm2-0358-torus-rho11-sp5x1x1-rot0,confirm2,torus,True,5x1x1,5,rot0,11,1711131,310497.7545,8538688.248,313973.6051,8555655,0.01119444698,0.001987044369,10.76289924,31.47090829,5,True,False,False,
confirm2-0359-torus-rho11-sp5x1x1-rot1,confirm2,torus,True,5x1x1,5,rot1,11,1707383,310497.7545,8538688.248,314114.6083,8536915,0.01164856692,-0.0002076721331,11,32.16419512,5,True,False,False,
confirm2-0360-sphere-rho13-sp5x1x1-offset0,confirm2,sphere,True,5x1x1,5,offset0,13,230270,53092.91585,1150346.51,53711.43901,1151350,0.01164982476,0.0008723371626,12.52996409,36.63783725,5,True,False,False,
confirm2-0361-sphere-rho13-sp5x1x1-offset1,confirm2,sphere,True,5x1x1,5,offset1,13,229804,53092.91585,1150346.51,53579.26095,1149020,0.009160263604,-0.001153139491,12.8996124,37.71869547,5,True,False,False,
confirm2-0362-ellipsoid-rho13-sp5x1x1-rot0,confirm2,ellipsoid,True,5x1x1,5,rot0,13,805318,135782.0048,4026212.785,137513.5258,4026590,0.0127522124,9.368979163e-05,13,38.0122306,5,True,False,False,
confirm2-0363-ellipsoid-rho13-sp5x1x1-rot1,confirm2,ellipsoid,True,5x1x1,5,rot1,13,805288,135782.0048,4026212.785,136929.1108,4026440,0.008448144437,5.643393656e-05,13.02459212,38.0841384,5,True,False,False,
confirm2-0364-cylinder-rho13-sp5x1x1-rot0,confirm2,cylinder,False,5x1x1,5,rot0,13,385062,84948.66535,1898071.741,84096.89827,1925310,-0.01002684477,0.01435048946,12.90736224,37.74135614,5,True,False,False,
confirm2-0365-cylinder-rho13-sp5x1x1-rot1,confirm2,cylinder,False,5x1x1,5,rot1,13,379614,84948.66535,1898071.741,84421.13616,1898070,-0.00620997627,-9.175009432e-07,12.9305839,37.80925669,5,True,False,False,
confirm2-0366-box-rho13-sp5x1x1-rot0,confirm2,box,False,5x1x1,5,rot0,13,613470,129454,3141710,125170.0277,3067350,-0.0330926219,-0.02366863905,13,38.0122306,5,True,False,False,
confirm2-0367-box-rho13-sp5x1x1-rot1,confirm2,box,False,5x1x1,5,rot1,13,628310,129454,3141710,126611.2491,3141550,-0.02195954505,-5.092767951e-05,13.07210771,38.22307482,5,True,False,False,
confirm2-0368-capsule-rho13-sp5x1x1-rot0,confirm2,capsule,True,5x1x1,5,rot0,13,1006931,172551.9765,5032765.981,174869.9608,5034655,0.01343354255,0.000375344056,12.92439554,37.79116181,5,True,False,False,
confirm2-0369-capsule-rho13-sp5x1x1-rot1,confirm2,capsule,True,5x1x1,5,rot1,13,1006559,172551.9765,5032765.981,174194.7941,5032795,0.009520711504,5.765973663e-06,12.9938447,37.99423238,5,True,False,False,
confirm2-0370-torus-rho13-sp5x1x1-rot0,confirm2,torus,True,5x1x1,5,rot0,13,2825158,433670.4174,14094288.56,438659.8877,14125790,0.01150521263,0.002235049671,12.6015872,36.84726451,5,True,False,False,
confirm2-0371-torus-rho13-sp5x1x1-rot1,confirm2,torus,True,5x1x1,5,rot1,13,2818566,433670.4174,14094288.56,438887.1728,14092830,0.01202930894,-0.0001034862433,13,38.0122306,5,True,False,False,
confirm2-0372-sphere-rho15-sp5x1x1-offset0,confirm2,sphere,True,5x1x1,5,offset0,15,353552,70685.83471,1767145.868,71514.69857,1767760,0.01172602503,0.0003475278227,14.58218091,42.63855563,5,True,False,False,
confirm2-0373-sphere-rho15-sp5x1x1-offset1,confirm2,sphere,True,5x1x1,5,offset1,15,353586,70685.83471,1767145.868,71520.93774,1767930,0.01181429121,0.0004437281438,14.56571316,42.59040366,5,True,False,False,
confirm2-0374-ellipsoid-rho15-sp5x1x1-rot0,confirm2,ellipsoid,True,5x1x1,5,rot0,15,1237036,180774.8585,6185010.537,183096.1878,6185180,0.01284099641,2.739902286e-05,15,43.86026607,5,True,False,False,
confirm2-0375-ellipsoid-rho15-sp5x1x1-rot1,confirm2,ellipsoid,True,5x1x1,5,rot1,15,1237030,180774.8585,6185010.537,182365.1795,6185150,0.008797246702,2.25485865e-05,15.01066288,43.89144451,5,True,False,False,
confirm2-0376-cylinder-rho15-sp5x1x1-rot0,confirm2,cylinder,False,5x1x1,5,rot0,15,583275,113097.3355,2915790.682,111075.604,2916375,-0.01787603163,0.0002003979197,14.90905765,43.59434903,5,True,False,False,
confirm2-0377-cylinder-rho15-sp5x1x1-rot1,confirm2,cylinder,False,5x1x1,5,rot1,15,583122,113097.3355,2915790.682,112563.2995,2915610,-0.004721914791,-6.196659252e-05,14.9639567,43.75487481,5,True,False,False,
confirm2-0378-box-rho15-sp5x1x1-rot0,confirm2,box,False,5x1x1,5,rot0,15,965250,172350,4826250,170127.5547,4826250,-0.01289495363,0,15,43.86026607,5,True,False,False,
confirm2-0379-box-rho15-sp5x1x1-rot1,confirm2,box,False,5x1x1,5,rot1,15,965217,172350,4826250,169023.9304,4826085,-0.01929834423,-3.418803419e-05,15.01066288,43.89144451,5,True,False,False,
confirm2-0380-capsule-rho15-sp5x1x1-rot0,confirm2,capsule,True,5x1x1,5,rot0,15,1546448,229728.9628,7731263.171,232774.2069,7732240,0.01325581288,0.0001263479246,14.90905765,43.59434903,5,True,False,False,
confirm2-0381-capsule-rho15-sp5x1x1-rot1,confirm2,capsule,True,5x1x1,5,rot1,15,1546284,229728.9628,7731263.171,232058.3643,7731420,0.01013978146,2.028504953e-05,15,43.86026607,5,True,False,False,
confirm2-0382-torus-rho15-sp5x1x1-rot0,confirm2,torus,True,5x1x1,5,rot0,15,4336667,577371.8575,21651444.65,584069.0636,21683335,0.01159946749,0.001472896872,14.68059944,42.92633318,5,True,False,False,
confirm2-0383-torus-rho15-sp5x1x1-rot1,confirm2,torus,True,5x1x1,5,rot1,15,4329737,577371.8575,21651444.65,584367.7262,21648685,0.01211674709,-0.0001274582336,15,43.86026607,5,True,False,False,
confirm2-0384-sphere-rho4-sp2.4x0.6x0.6-offset0,confirm2,sphere,True,2.4x0.6x0.6,4,offset0,4,4291,1158.116716,3705.973491,1143.976482,3707.424,-0.01220967968,0.000391397667,3.741657387,9.428385806,5,True,False,False,
confirm2-0385-sphere-rho4-sp2.4x0.6x0.6-offset1,confirm2,sphere,True,2.4x0.6x0.6,4,offset1,4,4316,1158.116716,3705.973491,1147.007868,3729.024,-0.009592166303,0.006219825759,3.579455266,9.019662073,5,True,False,False,
confirm2-0386-ellipsoid-rho4-sp2.4x0.6x0.6-rot0,confirm2,ellipsoid,True,2.4x0.6x0.6,4,rot0,4,15031,2961.815281,12970.90722,2958.813218,12986.784,-0.001013588937,0.001224030252,4,10.0793684,5,True,False,False,
confirm2-0387-ellipsoid-rho4-sp2.4x0.6x0.6-rot1,confirm2,ellipsoid,True,2.4x0.6x0.6,4,rot1,4,14978,2961.815281,12970.90722,2932.439615,12940.992,-0.009918128993,-0.002306331907,4.015594601,10.11866433,5,True,False,False,
confirm2-0388-cylinder-rho4-sp2.4x0.6x0.6-rot0,confirm2,cylinder,False,2.4x0.6x0.6,4,rot0,4,7254,1852.986745,6114.85626,1760.052516,6267.456,-0.05015374747,0.02495557279,3.913118961,9.860441898,5,True,False,False,
confirm2-0389-cylinder-rho4-sp2.4x0.6x0.6-rot1,confirm2,cylinder,False,2.4x0.6x0.6,4,rot1,4,7081,1852.986745,6114.85626,1744.141135,6117.984,-0.0587406306,0.0005114986095,3.889087297,9.7998859,5,True,False,False,
confirm2-0390-box-rho4-sp2.4x0.6x0.6-rot0,confirm2,box,False,2.4x0.6x0.6,4,rot0,4,11520,2823.7824,10121.37984,2550.896457,9953.28,-0.096638446,-0.01660839161,4,10.0793684,5,True,False,False,
confirm2-0391-box-rho4-sp2.4x0.6x0.6-rot1,confirm2,box,False,2.4x0.6x0.6,4,rot1,4,11713,2823.7824,10121.37984,2589.468762,10120.032,-0.08297864538,-0.0001331676136,4.015594601,10.11866433,5,True,False,False,
confirm2-0392-capsule-rho4-sp2.4x0.6x0.6-rot0,confirm2,capsule,True,2.4x0.6x0.6,4,rot0,4,18821,3763.879326,16213.63402,3768.723528,16261.344,0.001287023554,0.002942583906,3.881043674,9.779617241,5,True,False,False,
confirm2-0393-capsule-rho4-sp2.4x0.6x0.6-rot1,confirm2,capsule,True,2.4x0.6x0.6,4,rot1,4,18757,3763.879326,16213.63402,3744.155284,16206.048,-0.005240349224,-0.0004678791603,4.007804885,10.09903548,5,True,False,False,
confirm2-0394-torus-rho4-sp2.4x0.6x0.6-rot0,confirm2,torus,True,2.4x0.6x0.6,4,rot0,4,53019,9459.660513,45406.37046,9452.37887,45808.416,-0.0007697573263,0.00885438618,3.783186488,9.533032583,5,True,False,False,
confirm2-0395-torus-rho4-sp2.4x0.6x0.6-rot1,confirm2,torus,True,2.4x0.6x0.6,4,rot1,4,52582,9459.660513,45406.37046,9446.86334,45430.848,-0.001352815261,0.0005390772013,4.007804885,10.09903548,5,True,False,False,
confirm2-0396-sphere-rho6.5-sp2.4x0.6x0.6-offset0,confirm2,sphere,True,2.4x0.6x0.6,4,offset0,6.5,18323,3058.151953,15902.39015,3043.787882,15831.072,-0.00469697746,-0.004484744331,6.025985397,15.1845317,5,True,False,False,
confirm2-0397-sphere-rho6.5-sp2.4x0.6x0.6-offset1,confirm2,sphere,True,2.4x0.6x0.6,4,offset1,6.5,18472,3058.151953,15902.39015,3060.64248,15959.808,0.0008143896099,0.00361064251,6.34921255,15.99901308,5,True,False,False,
confirm2-0398-ellipsoid-rho6.5-sp2.4x0.6x0.6-rot0,confirm2,ellipsoid,True,2.4x0.6x0.6,4,rot0,6.5,64455,7821.043478,55658.36554,7844.441647,55689.12,0.002991694016,0.0005525577399,6.5,16.37897365,5,True,False,False,
confirm2-0399-ellipsoid-rho6.5-sp2.4x0.6x0.6-rot1,confirm2,ellipsoid,True,2.4x0.6x0.6,4,rot1,6.5,64420,7821.043478,55658.36554,7814.417056,55658.88,-0.0008472554131,9.243186803e-06,6.480740698,16.33044325,5,True,False,False,
confirm2-0400-cylinder-rho6.5-sp2.4x0.6x0.6-rot0,confirm2,cylinder,False,2.4x0.6x0.6,4,rot0,6.5,31875,4893.043124,26238.94375,4856.971743,27540,-0.007371972922,0.04958493215,6.427480066,16.19623487,5,True,False,False,
confirm2-0401-cylinder-rho6.5-sp2.4x0.6x0.6-rot1,confirm2,cylinder,False,2.4x0.6x0.6,4,rot1,6.5,30369,4893.043124,26238.94375,4735.617627,26238.816,-0.03217333129,-4.868879512e-06,6.480740698,16.33044325,5,True,False,False,
confirm2-0402-box-rho6.5-sp2.4x0.6x0.6-rot0,confirm2,box,False,2.4x0.6x0.6,4,rot0,6.5,50388,7456.5504,43430.99904,7073.174022,43535.232,-0.05141471021,0.002399966897,6.5,16.37897365,5,True,False,False,
confirm2-0403-box-rho6.5-sp2.4x0.6x0.6-rot1,confirm2,box,False,2.4x0.6x0.6,4,rot1,6.5,50280,7456.5504,43430.99904,7069.767483,43441.92,-0.05187156206,0.0002514554176,6.504805916,16.3910838,5,True,False,False,
confirm2-0404-capsule-rho6.5-sp2.4x0.6x0.6-rot0,confirm2,capsule,True,2.4x0.6x0.6,4,rot0,6.5,80490,9938.993846,69572.95692,9980.996281,69543.36,0.004226024839,-0.0004254084557,6.363961031,16.03617693,5,True,False,False,
confirm2-0405-capsule-rho6.5-sp2.4x0.6x0.6-rot1,confirm2,capsule,True,2.4x0.6x0.6,4,rot1,6.5,80501,9938.993846,69572.95692,9940.316058,69552.864,0.0001330327557,-0.0002888036538,6.480740698,16.33044325,5,True,False,False,
confirm2-0406-torus-rho6.5-sp2.4x0.6x0.6-rot0,confirm2,torus,True,2.4x0.6x0.6,4,rot0,6.5,225239,24979.41604,194839.4451,25080.5961,194606.496,0.004050537272,-0.001195595287,6.209871174,15.64789482,5,True,False,False,
confirm2-0407-torus-rho6.5-sp2.4x0.6x0.6-rot1,confirm2,torus,True,2.4x0.6x0.6,4,rot1,6.5,225298,24979.41604,194839.4451,25074.7579,194657.472,0.003816817029,-0.000933964486,6.504805916,16.3910838,5,True,False,False,
confirm2-0408-sphere-rho7.5-sp2.4x0.6x0.6-offset0,confirm2,sphere,True,2.4x0.6x0.6,4,offset0,7.5,28331,4071.504079,24429.02447,4078.861156,24477.984,0.001806967838,0.002004153941,7.318640584,18.44181866,5,True,False,False,
confirm2-0409-sphere-rho7.5-sp2.4x0.6x0.6-offset1,confirm2,sphere,True,2.4x0.6x0.6,4,offset1,7.5,28204,4071.504079,24429.02447,4067.006712,24368.256,-0.001104595952,-0.00248755223,7.057797107,17.78453428,5,True,False,False,
confirm2-0410-ellipsoid-rho7.5-sp2.4x0.6x0.6-rot0,confirm2,ellipsoid,True,2.4x0.6x0.6,4,rot0,7.5,98970,10412.63185,85501.58566,10456.99147,85510.08,0.004260173984,9.934716221e-05,7.5,18.89881575,5,True,False,False,
confirm2-0411-ellipsoid-rho7.5-sp2.4x0.6x0.6-rot1,confirm2,ellipsoid,True,2.4x0.6x0.6,4,rot1,7.5,98973,10412.63185,85501.58566,10415.3469,85512.672,0.0002607461488,0.0001296623895,7.491662032,18.87780539,5,True,False,False,
confirm2-0412-cylinder-rho7.5-sp2.4x0.6x0.6-rot0,confirm2,cylinder,False,2.4x0.6x0.6,4,rot0,7.5,45168,6514.406526,40307.89038,6128.212346,39025.152,-0.05928309487,-0.03182350578,7.386643351,18.61317489,5,True,False,False,
confirm2-0413-cylinder-rho7.5-sp2.4x0.6x0.6-rot1,confirm2,cylinder,False,2.4x0.6x0.6,4,rot1,7.5,46656,6514.406526,40307.89038,6342.486661,40310.784,-0.02639071802,7.178786471e-05,7.43723739,18.74066388,5,True,False,False,
confirm2-0414-box-rho7.5-sp2.4x0.6x0.6-rot0,confirm2,box,False,2.4x0.6x0.6,4,rot0,7.5,79200,9927.36,66718.08,9642.934525,68428.8,-0.02865066593,0.02564102564,7.5,18.89881575,5,True,False,False,
confirm2-0415-box-rho7.5-sp2.4x0.6x0.6-rot1,confirm2,box,False,2.4x0.6x0.6,4,rot1,7.5,77196,9927.36,66718.08,9478.755511,66697.344,-0.0451886996,-0.0003108003108,7.520804478,18.95123975,5,True,False,False,
confirm2-0416-capsule-rho7.5-sp2.4x0.6x0.6-rot0,confirm2,capsule,True,2.4x0.6x0.6,4,rot0,7.5,123689,13232.38826,106876.9821,13318.04383,106867.296,0.006473175398,-9.062826192e-05,7.458216945,18.79352905,5,True,False,False,
confirm2-0417-capsule-rho7.5-sp2.4x0.6x0.6-rot1,confirm2,capsule,True,2.4x0.6x0.6,4,rot1,7.5,123711,13232.38826,106876.9821,13259.14221,106886.304,0.00202185399,8.722107131e-05,7.5,18.89881575,5,True,False,False,
confirm2-0418-torus-rho7.5-sp2.4x0.6x0.6-rot0,confirm2,torus,True,2.4x0.6x0.6,4,rot0,7.5,345285,33256.61899,299309.5709,33416.33535,298326.24,0.004802543495,-0.003285330657,7.158910532,18.03932415,5,True,False,False,
confirm2-0419-torus-rho7.5-sp2.4x0.6x0.6-rot1,confirm2,torus,True,2.4x0.6x0.6,4,rot1,7.5,346303,33256.61899,299309.5709,33405.0473,299205.792,0.004463120912,-0.0003467276669,7.5,18.89881575,5,True,False,False,
confirm2-0420-sphere-rho8.5-sp2.4x0.6x0.6-offset0,confirm2,sphere,True,2.4x0.6x0.6,4,offset0,8.5,41223,5229.620795,35561.42141,5244.452626,35616.672,0.002836119882,0.001553666661,8.366600265,21.08251158,5,True,False,False,
confirm2-0421-sphere-rho8.5-sp2.4x0.6x0.6-offset1,confirm2,sphere,True,2.4x0.6x0.6,4,offset1,8.5,41145,5229.620795,35561.42141,5238.90761,35549.28,0.001775810463,-0.0003414206926,8.158584436,20.55834454,5,True,False,False,
confirm2-0422-ellipsoid-rho8.5-sp2.4x0.6x0.6-rot0,confirm2,ellipsoid,True,2.4x0.6x0.6,4,rot0,8.5,144051,13374.44713,124464.9749,13429.83377,124460.064,0.004141228101,-3.945622413e-05,8.5,21.41865785,5,True,False,False,
confirm2-0423-ellipsoid-rho8.5-sp2.4x0.6x0.6-rot1,confirm2,ellipsoid,True,2.4x0.6x0.6,4,rot1,8.5,144072,13374.44713,124464.9749,13385.15805,124478.208,0.0008008493761,0.0001063197262,8.544003745,21.52954034,5,True,False,False,
confirm2-0424-cylinder-rho8.5-sp2.4x0.6x0.6-rot0,confirm2,cylinder,False,2.4x0.6x0.6,4,rot0,8.5,69046,8367.393272,58676.34532,8186.536102,59655.744,-0.02161451772,0.01669154199,8.355387484,21.05425714,5,True,False,False,
confirm2-0425-cylinder-rho8.5-sp2.4x0.6x0.6-rot1,confirm2,cylinder,False,2.4x0.6x0.6,4,rot1,8.5,67945,8367.393272,58676.34532,8193.41913,58704.48,-0.02079191651,0.0004794893306,8.403868157,21.17642078,5,True,False,False,
confirm2-0426-box-rho8.5-sp2.4x0.6x0.6-rot0,confirm2,box,False,2.4x0.6x0.6,4,rot0,8.5,112200,12751.1424,97121.75616,12202.60195,96940.8,-0.04301892607,-0.001863188714,8.5,21.41865785,5,True,False,False,
confirm2-0427-box-rho8.5-sp2.4x0.6x0.6-rot1,confirm2,box,False,2.4x0.6x0.6,4,rot1,8.5,112398,12751.1424,97121.75616,12235.84757,97111.872,-0.0404116596,-0.0001017708121,8.547660499,21.53875478,5,True,False,False,
confirm2-0428-capsule-rho8.5-sp2.4x0.6x0.6-rot0,confirm2,capsule,True,2.4x0.6x0.6,4,rot0,8.5,180124,16996.26758,155581.2186,17111.74686,155627.136,0.006794390128,0.0002951342904,8.403868157,21.17642078,5,True,False,False,
confirm2-0429-capsule-rho8.5-sp2.4x0.6x0.6-rot1,confirm2,capsule,True,2.4x0.6x0.6,4,rot1,8.5,180045,16996.26758,155581.2186,17041.16173,155558.88,0.002641412006,-0.0001435819029,8.492643876,21.40012158,5,True,False,False,
confirm2-0430-torus-rho8.5-sp2.4x0.6x0.6-rot0,confirm2,torus,True,2.4x0.6x0.6,4,rot0,8.5,506340,42716.2795,435706.0509,42927.17812,437477.76,0.004937195313,0.004066294397,8.459462158,21.31650889,5,True,False,False,
confirm2-0431-torus-rho8.5-sp2.4x0.6x0.6-rot1,confirm2,torus,True,2.4x0.6x0.6,4,rot1,8.5,504379,42716.2795,435706.0509,42930.6929,435783.456,0.005019477367,0.000177654346,8.492643876,21.40012158,5,True,False,False,
confirm2-0432-sphere-rho9.5-sp2.4x0.6x0.6-offset0,confirm2,sphere,True,2.4x0.6x0.6,4,offset0,9.5,57483,6532.5021,49647.01596,6552.2165,49665.312,0.003017894161,0.0003685224251,9.233092656,23.26593559,5,True,False,False,
confirm2-0433-sphere-rho9.5-sp2.4x0.6x0.6-offset1,confirm2,sphere,True,2.4x0.6x0.6,4,offset1,9.5,57537,6532.5021,49647.01596,6556.360724,49711.968,0.003652294853,0.001308276791,9.370832407,23.61301801,5,True,False,False,
confirm2-0434-ellipsoid-rho9.5-sp2.4x0.6x0.6-rot0,confirm2,ellipsoid,True,2.4x0.6x0.6,4,rot0,9.5,201072,16706.48932,173764.5559,16789.08093,173726.208,0.004943684054,-0.0002206886456,9.5,23.93849995,5,True,False,False,
confirm2-0435-ellipsoid-rho9.5-sp2.4x0.6x0.6-rot1,confirm2,ellipsoid,True,2.4x0.6x0.6,4,rot1,9.5,201117,16706.48932,173764.5559,16724.73277,173765.088,0.001091997974,3.062393916e-06,9.503288904,23.94678747,5,True,False,False,
confirm2-0436-cylinder-rho9.5-sp2.4x0.6x0.6-rot0,confirm2,cylinder,False,2.4x0.6x0.6,4,rot0,9.5,95361,10452.00336,81917.57634,10186.25773,82391.904,-0.02542532975,0.005790303926,9.410765112,23.71364212,5,True,False,False,
confirm2-0437-cylinder-rho9.5-sp2.4x0.6x0.6-rot1,confirm2,cylinder,False,2.4x0.6x0.6,4,rot1,9.5,94816,10452.00336,81917.57634,10240.82654,81921.024,-0.02020443463,4.208698599e-05,9.433981132,23.77214283,5,True,False,False,
confirm2-0438-box-rho9.5-sp2.4x0.6x0.6-rot0,confirm2,box,False,2.4x0.6x0.6,4,rot0,9.5,159600,15927.8976,135590.9069,15516.58011,137894.4,-0.02582371493,0.01698855161,9.5,23.93849995,5,True,False,False,
confirm2-0439-box-rho9.5-sp2.4x0.6x0.6-rot1,confirm2,box,False,2.4x0.6x0.6,4,rot1,9.5,156927,15927.8976,135590.9069,15335.96918,135584.928,-0.03716299781,-4.409499234e-05,9.581883948,24.14483457,5,True,False,False,
confirm2-0440-capsule-rho9.5-sp2.4x0.6x0.6-rot0,confirm2,capsule,True,2.4x0.6x0.6,4,rot0,9.5,251424,21230.63183,217205.6948,21396.71431,217230.336,0.007822776129,0.0001134462401,9.394147114,23.67176739,5,True,False,False,
confirm2-0441-capsule-rho9.5-sp2.4x0.6x0.6-rot1,confirm2,capsule,True,2.4x0.6x0.6,4,rot1,9.5,251343,21230.63183,217205.6948,21290.80744,217160.352,0.002834376964,-0.0002087552568,9.486832981,23.90532114,5,True,False,False,
confirm2-0442-torus-rho9.5-sp2.4x0.6x0.6-rot0,confirm2,torus,True,2.4x0.6x0.6,4,rot0,9.5,706445,53358.39758,608285.7324,53646.16242,610368.48,0.005393056334,0.003423962596,9.440603794,23.78883089,5,True,False,False,
confirm2-0443-torus-rho9.5-sp2.4x0.6x0.6-rot1,confirm2,torus,True,2.4x0.6x0.6,4,rot1,9.5,704185,53358.39758,608285.7324,53637.40966,608415.84,0.005229019104,0.0002138922356,9.503288904,23.94678747,5,True,False,False,
confirm2-0444-sphere-rho11-sp2.4x0.6x0.6-offset0,confirm2,sphere,True,2.4x0.6x0.6,4,offset0,11,89162,8758.257663,77072.66744,8785.695413,77035.968,0.003132786254,-0.0004761667008,10.76162163,27.11758723,5,True,True,False,
confirm2-0445-sphere-rho11-sp2.4x0.6x0.6-offset1,confirm2,sphere,True,2.4x0.6x0.6,4,offset1,11,89165,8758.257663,77072.66744,8785.189369,77038.56,0.003075007244,-0.0004425361015,10.83974169,27.31443747,5,True,True,False,
confirm2-0446-ellipsoid-rho11-sp2.4x0.6x0.6-rot0,confirm2,ellipsoid,True,2.4x0.6x0.6,4,rot0,11,312220,22398.72807,269754.336,22516.53548,269758.08,0.00525955831,1.387917553e-05,11,27.7182631,5,True,True,False,
confirm2-0447-ellipsoid-rho11-sp2.4x0.6x0.6-rot1,confirm2,ellipsoid,True,2.4x0.6x0.6,4,rot1,11,312222,22398.72807,269754.336,22427.41895,269759.808,0.001280915863,2.028500398e-05,10.96870548,27.63940586,5,True,True,False,
confirm2-0448-cylinder-rho11-sp2.4x0.6x0.6-rot0,confirm2,cylinder,False,2.4x0.6x0.6,4,rot0,11,145728,14013.21226,127169.9013,13557.37476,125908.992,-0.03252912243,-0.00991515492,10.9573035,27.61067466,5,True,True,False,
confirm2-0449-cylinder-rho11-sp2.4x0.6x0.6-rot1,confirm2,cylinder,False,2.4x0.6x0.6,4,rot1,11,147166,14013.21226,127169.9013,13786.86848,127151.424,-0.01615216938,-0.0001452959556,10.93732143,27.56032299,5,True,True,False,
confirm2-0450-box-rho11-sp2.4x0.6x0.6-rot0,confirm2,box,False,2.4x0.6x0.6,4,rot0,11,239008,21354.8544,210493.0714,20365.70285,206502.912,-0.04631975144,-0.01895625036,11,27.7182631,5,True,True,False,
confirm2-0451-box-rho11-sp2.4x0.6x0.6-rot1,confirm2,box,False,2.4x0.6x0.6,4,rot1,11,243680,21354.8544,210493.0714,20669.37696,210539.52,-0.03209937338,0.0002206658856,11.02270384,27.7754732,5,True,True,False,
confirm2-0452-capsule-rho11-sp2.4x0.6x0.6-rot0,confirm2,capsule,True,2.4x0.6x0.6,4,rot0,11,390527,28464.33741,337192.92,28698.49774,337415.328,0.008226446137,0.0006595866832,10.84550598,27.32896257,5,True,True,False,
confirm2-0453-capsule-rho11-sp2.4x0.6x0.6-rot1,confirm2,capsule,True,2.4x0.6x0.6,4,rot1,11,390237,28464.33741,337192.92,28557.86151,337164.768,0.003285658808,-8.348941689e-05,11,27.7182631,5,True,True,False,
confirm2-0454-torus-rho11-sp2.4x0.6x0.6-rot0,confirm2,torus,True,2.4x0.6x0.6,4,rot0,11,1088468,71538.68263,944310.6107,71935.80527,940436.352,0.005551159603,-0.004102737632,10.96870548,27.63940586,5,True,True,False,
confirm2-0455-torus-rho11-sp2.4x0.6x0.6-rot1,confirm2,torus,True,2.4x0.6x0.6,4,rot1,11,1093182,71538.68263,944310.6107,71944.05612,944509.248,0.005666493657,0.0002103516776,10.98294132,27.67527791,5,True,True,False,
confirm2-0456-sphere-rho13-sp2.4x0.6x0.6-offset0,confirm2,sphere,True,2.4x0.6x0.6,4,offset0,13,147139,12232.60781,127219.1212,12278.73273,127128.096,0.003770653346,-0.0007154996189,12.80868846,32.27587242,5,True,True,False,
confirm2-0457-sphere-rho13-sp2.4x0.6x0.6-offset1,confirm2,sphere,True,2.4x0.6x0.6,4,offset1,13,147161,12232.60781,127219.1212,12277.75905,127147.104,0.003691055942,-0.0005660881168,12.87682026,32.4475538,5,True,True,False,
confirm2-0458-ellipsoid-rho13-sp2.4x0.6x0.6-rot0,confirm2,ellipsoid,True,2.4x0.6x0.6,4,rot0,13,515378,31284.17391,445266.9243,31459.93505,445286.592,0.005618212494,4.417055093e-05,13,32.7579473,5,True,True,False,
confirm2-0459-ellipsoid-rho13-sp2.4x0.6x0.6-rot1,confirm2,ellipsoid,True,2.4x0.6x0.6,4,rot1,13,515428,31284.17391,445266.9243,31349.46034,445329.792,0.002086883655,0.0001411910068,13.02401628,32.81846452,5,True,True,False,
confirm2-0460-cylinder-rho13-sp2.4x0.6x0.6-rot0,confirm2,cylinder,False,2.4x0.6x0.6,4,rot0,13,237776,19572.1725,209911.55,18853.39001,205438.464,-0.03672471659,-0.02130938499,12.91559135,32.54525084,5,True,True,False,
confirm2-0461-cylinder-rho13-sp2.4x0.6x0.6-rot1,confirm2,cylinder,False,2.4x0.6x0.6,4,rot1,13,242958,19572.1725,209911.55,19328.45423,209915.712,-0.01245228493,1.982723654e-05,12.9034879,32.51475205,5,True,True,False,
confirm2-0462-box-rho13-sp2.4x0.6x0.6-rot0,confirm2,box,False,2.4x0.6x0.6,4,rot0,13,403104,29826.2016,347447.9923,29042.87406,348281.856,-0.02626306725,0.002399966897,13,32.7579473,5,True,True,False,
confirm2-0463-box-rho13-sp2.4x0.6x0.6-rot1,confirm2,box,False,2.4x0.6x0.6,4,rot1,13,402141,29826.2016,347447.9923,29000.99868,347449.824,-0.02766704694,5.271810575e-06,13.05995789,32.9090317,5,True,True,False,
confirm2-0464-capsule-rho13-sp2.4x0.6x0.6-rot0,confirm2,capsule,True,2.4x0.6x0.6,4,rot0,13,644214,39755.97539,556583.6554,40096.67965,556600.896,0.008569888101,3.097576893e-05,12.97112177,32.68517872,5,True,True,False,
confirm2-0465-capsule-rho13-sp2.4x0.6x0.6-rot1,confirm2,capsule,True,2.4x0.6x0.6,4,rot1,13,644188,39755.97539,556583.6554,39918.55626,556578.432,0.004089470085,-9.384740732e-06,12.99278646,32.73977032,5,True,True,False,
confirm2-0466-torus-rho13-sp2.4x0.6x0.6-rot0,confirm2,torus,True,2.4x0.6x0.6,4,rot0,13,1807086,99917.66417,1558715.561,100514.3144,1561322.304,0.005971419353,0.001672366073,12.73037706,32.07854005,5,True,True,False,
confirm2-0467-torus-rho13-sp2.4x0.6x0.6-rot1,confirm2,torus,True,2.4x0.6x0.6,4,rot1,13,1803883,99917.66417,1558715.561,100501.4334,1558554.912,0.005842502535,-0.0001030649734,13.00240362,32.76400405,5,True,True,False,
confirm2-0468-sphere-rho15-sp2.4x0.6x0.6-offset0,confirm2,sphere,True,2.4x0.6x0.6,4,offset0,15,226155,16286.01632,195432.1958,16359.81497,195397.92,0.004531412486,-0.0001753845848,14.81975034,37.3434308,5,True,True,True,
confirm2-0469-sphere-rho15-sp2.4x0.6x0.6-offset1,confirm2,sphere,True,2.4x0.6x0.6,4,offset1,15,226252,16286.01632,195432.1958,16365.85156,195481.728,0.004902073026,0.0002534495674,14.70756608,37.06074419,5,True,True,True,
confirm2-0470-ellipsoid-rho15-sp2.4x0.6x0.6-rot0,confirm2,ellipsoid,True,2.4x0.6x0.6,4,rot0,15,791739,41650.5274,684012.6853,41897.31615,684062.496,0.005925225132,7.282133837e-05,15,37.7976315,5,True,True,True,
confirm2-0471-ellipsoid-rho15-sp2.4x0.6x0.6-rot1,confirm2,ellipsoid,True,2.4x0.6x0.6,4,rot1,15,791652,41650.5274,684012.6853,41753.24871,683987.328,0.002466266732,-3.707136044e-05,14.98540957,37.76086592,5,True,True,True,
confirm2-0472-cylinder-rho15-sp2.4x0.6x0.6-rot0,confirm2,cylinder,False,2.4x0.6x0.6,4,rot0,15,372834,26057.62611,322463.1231,25526.99327,322128.576,-0.02036382127,-0.00103747386,14.9770658,37.73984094,5,True,True,True,
confirm2-0473-cylinder-rho15-sp2.4x0.6x0.6-rot1,confirm2,cylinder,False,2.4x0.6x0.6,4,rot1,15,373219,26057.62611,322463.1231,25798.41266,322461.216,-0.00994770003,-5.914043534e-06,14.98749479,37.76612034,5,True,True,True,
confirm2-0474-box-rho15-sp2.4x0.6x0.6-rot0,confirm2,box,False,2.4x0.6x0.6,4,rot0,15,617760,39709.44,533744.64,38724.20832,533744.64,-0.02481101919,0,15,37.7976315,5,True,True,True,
confirm2-0475-box-rho15-sp2.4x0.6x0.6-rot1,confirm2,box,False,2.4x0.6x0.6,4,rot1,15,617777,39709.44,533744.64,38725.54679,533759.328,-0.02477731264,2.751877752e-05,15.03745324,37.89200775,5,True,True,True,
confirm2-0476-capsule-rho15-sp2.4x0.6x0.6-rot0,confirm2,capsule,True,2.4x0.6x0.6,4,rot0,15,989788,52929.55303,855015.8566,53377.32344,855176.832,0.008459742986,0.0001882718288,14.91643389,37.5870581,5,True,True,True,
confirm2-0477-capsule-rho15-sp2.4x0.6x0.6-rot1,confirm2,capsule,True,2.4x0.6x0.6,4,rot1,15,989468,52929.55303,855015.8566,53136.0261,854900.352,0.003900903329,-0.0001350905952,15,37.7976315,5,True,True,True,
confirm2-0478-torus-rho15-sp2.4x0.6x0.6-rot0,confirm2,torus,True,2.4x0.6x0.6,4,rot0,15,2772335,133026.476,2394476.567,133854.386,2395297.44,0.006223648397,0.0003428192774,14.81764151,37.3381169,5,True,True,True,
confirm2-0479-torus-rho15-sp2.4x0.6x0.6-rot1,confirm2,torus,True,2.4x0.6x0.6,4,rot1,15,2771614,133026.476,2394476.567,133830.5351,2394674.496,0.006044354272,8.266054015e-05,15,37.7976315,5,True,True,True,
confirm3-0000-sphere-rhovol11-sp0.4x0.4x0.4-sym-centre,confirm3,sphere,True,0.4x0.4x0.4,1,sym-centre,11,5575,243.2849351,356.8179048,241.3969745,356.8,-0.007760285532,-5.017910896e-05,11.04536102,11.04536102,3,True,True,False,
confirm3-0001-sphere-rhovol11-sp0.4x0.4x0.4-sym-corner,confirm3,sphere,True,0.4x0.4x0.4,1,sym-corner,11,5616,243.2849351,356.8179048,242.1752353,359.424,-0.004561317191,0.007303711951,10.24695077,10.24695077,3,True,True,False,
confirm3-0002-sphere-rhovol11-sp0.4x0.4x0.4-sym-face,confirm3,sphere,True,0.4x0.4x0.4,1,sym-face,11,5552,243.2849351,356.8179048,240.685612,355.328,-0.01068427473,-0.00417553263,10.34408043,10.34408043,3,True,True,False,
confirm3-0003-sphere-rhovol11-sp0.4x0.4x0.4-sym-edge,confirm3,sphere,True,0.4x0.4x0.4,1,sym-edge,11,5542,243.2849351,356.8179048,239.8588233,354.688,-0.01408271258,-0.005969164596,10.63014581,10.63014581,3,True,True,False,
confirm3-0004-sphere-rhovol11-sp0.4x0.4x0.4-sym-zcorner,confirm3,sphere,True,0.4x0.4x0.4,1,sym-zcorner,11,5542,243.2849351,356.8179048,239.8588233,354.688,-0.01408271258,-0.005969164596,10.63014581,10.63014581,3,True,True,False,
confirm3-0005-sphere-rhovol11-sp0.4x0.4x0.4-rand0,confirm3,sphere,True,0.4x0.4x0.4,1,rand0,11,5569,243.2849351,356.8179048,240.9846556,356.416,-0.00945508408,-0.001126358288,10.44030651,10.44030651,3,True,True,False,
confirm3-0006-sphere-rhovol11-sp0.4x0.4x0.4-rand1,confirm3,sphere,True,0.4x0.4x0.4,1,rand1,11,5592,243.2849351,356.8179048,241.5087159,357.888,-0.007300983094,0.002998995233,10.34408043,10.34408043,3,True,True,False,
confirm3-0007-ellipsoid-rhovol11-sp0.4x0.4x0.4-sym-centre,confirm3,ellipsoid,True,0.4x0.4x0.4,1,sym-centre,11,15883,530.158054,1020.499208,526.4552163,1016.512,-0.006984403283,-0.003907114979,11.04536102,11.04536102,3,True,True,False,
confirm3-0008-ellipsoid-rhovol11-sp0.4x0.4x0.4-sym-corner,confirm3,ellipsoid,True,0.4x0.4x0.4,1,sym-corner,11,15936,530.158054,1020.499208,526.7427337,1019.904,-0.006442079517,-0.0005832515463,10.77032961,10.77032961,3,True,True,False,
confirm3-0009-ellipsoid-rhovol11-sp0.4x0.4x0.4-sym-face,confirm3,ellipsoid,True,0.4x0.4x0.4,1,sym-face,11,15964,530.158054,1020.499208,527.6149436,1021.696,-0.004796890997,0.001172751777,10.77032961,10.77032961,3,True,True,False,
confirm3-0010-ellipsoid-rhovol11-sp0.4x0.4x0.4-sym-edge,confirm3,ellipsoid,True,0.4x0.4x0.4,1,sym-edge,11,15966,530.158054,1020.499208,527.1025157,1021.824,-0.005763447903,0.001298180586,11,11,3,True,True,False,
confirm3-0011-ellipsoid-rhovol11-sp0.4x0.4x0.4-sym-zcorner,confirm3,ellipsoid,True,0.4x0.4x0.4,1,sym-zcorner,11,15896,530.158054,1020.499208,526.764376,1017.344,-0.006401257087,-0.003091827722,11,11,3,True,True,False,
confirm3-0012-ellipsoid-rhovol11-sp0.4x0.4x0.4-rand0,confirm3,ellipsoid,True,0.4x0.4x0.4,1,rand0,11,15952,530.158054,1020.499208,527.4208775,1020.928,-0.005162944253,0.000420178924,11.04536102,11.04536102,3,True,True,False,
confirm3-0013-ellipsoid-rhovol11-sp0.4x0.4x0.4-rand1,confirm3,ellipsoid,True,0.4x0.4x0.4,1,rand1,11,15955,530.158054,1020.499208,527.4038282,1021.12,-0.005195103107,0.0006083221372,11,11,3,True,True,False,
confirm3-0014-capsule-rhovol11-sp0.4x0.4x0.4-sym-centre,confirm3,capsule,True,0.4x0.4x0.4,1,sym-centre,11,21311,705.5263118,1373.748933,701.7784134,1363.904,-0.005312202115,-0.007166472168,11.04536102,11.04536102,3,True,True,False,
confirm3-0015-capsule-rhovol11-sp0.4x0.4x0.4-sym-corner,confirm3,capsule,True,0.4x0.4x0.4,1,sym-corner,11,21664,705.5263118,1373.748933,704.4184727,1386.496,-0.001570230741,0.009279036505,10.44030651,10.44030651,3,True,True,False,
confirm3-0016-capsule-rhovol11-sp0.4x0.4x0.4-sym-face,confirm3,capsule,True,0.4x0.4x0.4,1,sym-face,11,21624,705.5263118,1373.748933,703.4546893,1383.936,-0.002936279556,0.007415522774,10.44030651,10.44030651,3,True,True,False,
confirm3-0017-capsule-rhovol11-sp0.4x0.4x0.4-sym-edge,confirm3,capsule,True,0.4x0.4x0.4,1,sym-edge,11,21378,705.5263118,1373.748933,702.4749248,1368.192,-0.004324979746,-0.004045086669,10.63014581,10.63014581,3,True,True,False,
confirm3-0018-capsule-rhovol11-sp0.4x0.4x0.4-sym-zcorner,confirm3,capsule,True,0.4x0.4x0.4,1,sym-zcorner,11,21288,705.5263118,1373.748933,701.0304687,1362.432,-0.006372325141,-0.008237992563,11.04536102,11.04536102,3,True,True,False,
confirm3-0019-capsule-rhovol11-sp0.4x0.4x0.4-rand0,confirm3,capsule,True,0.4x0.4x0.4,1,rand0,11,21455,705.5263118,1373.748933,701.5067773,1373.12,-0.005697214149,-0.0004578227375,11,11,3,True,True,False,
confirm3-0020-capsule-rhovol11-sp0.4x0.4x0.4-rand1,confirm3,capsule,True,0.4x0.4x0.4,1,rand1,11,21452,705.5263118,1373.748933,701.8323607,1372.928,-0.005235738177,-0.0005975862673,10.95445115,10.95445115,3,True,True,False,
confirm3-0021-torus-rhovol11-sp0.4x0.4x0.4-sym-centre,confirm3,torus,True,0.4x0.4x0.4,1,sym-centre,11,59868,1757.894979,3867.368954,1743.533957,3831.552,-0.00816944248,-0.009261323245,11,11,3,True,True,False,
confirm3-0022-torus-rhovol11-sp0.4x0.4x0.4-sym-corner,confirm3,torus,True,0.4x0.4x0.4,1,sym-corner,11,60648,1757.894979,3867.368954,1753.264325,3881.472,-0.002634203937,0.003646677154,10.63014581,10.63014581,3,True,True,False,
confirm3-0023-torus-rhovol11-sp0.4x0.4x0.4-sym-face,confirm3,torus,True,0.4x0.4x0.4,1,sym-face,11,59760,1757.894979,3867.368954,1742.219641,3824.64,-0.008917107294,-0.01104858484,11,11,3,True,True,False,
confirm3-0024-torus-rhovol11-sp0.4x0.4x0.4-sym-edge,confirm3,torus,True,0.4x0.4x0.4,1,sym-edge,11,59804,1757.894979,3867.368954,1742.763549,3827.456,-0.008607698338,-0.01032044123,11,11,3,True,True,False,
confirm3-0025-torus-rhovol11-sp0.4x0.4x0.4-sym-zcorner,confirm3,torus,True,0.4x0.4x0.4,1,sym-zcorner,11,60552,1757.894979,3867.368954,1752.580642,3875.328,-0.003023125192,0.002058000181,10.63014581,10.63014581,3,True,True,False,
confirm3-0026-torus-rhovol11-sp0.4x0.4x0.4-rand0,confirm3,torus,True,0.4x0.4x0.4,1,rand0,11,60409,1757.894979,3867.368954,1751.469332,3866.176,-0.003655307774,-0.0003084665583,11,11,3,True,True,False,
confirm3-0027-torus-rhovol11-sp0.4x0.4x0.4-rand1,confirm3,torus,True,0.4x0.4x0.4,1,rand1,11,60458,1757.894979,3867.368954,1752.084972,3869.312,-0.003305093259,0.0005024206462,11,11,3,True,True,False,
confirm3-0028-sphere-rhovol15-sp0.4x0.4x0.4-sym-centre,confirm3,sphere,True,0.4x0.4x0.4,1,sym-centre,15,14147,452.3893421,904.7786842,450.3322941,905.408,-0.004547074459,0.0006955466316,15.03329638,15.03329638,4,True,True,False,
confirm3-0029-sphere-rhovol15-sp0.4x0.4x0.4-sym-corner,confirm3,sphere,True,0.4x0.4x0.4,1,sym-corner,15,14328,452.3893421,904.7786842,453.8914744,916.992,0.003320441306,0.01349867761,14.28285686,14.28285686,4,True,True,False,
confirm3-0030-sphere-rhovol15-sp0.4x0.4x0.4-sym-face,confirm3,sphere,True,0.4x0.4x0.4,1,sym-face,15,14108,452.3893421,904.7786842,449.1262013,902.912,-0.007213124917,-0.002063139049,14.35270009,14.35270009,4,True,True,False,
confirm3-0031-sphere-rhovol15-sp0.4x0.4x0.4-sym-edge,confirm3,sphere,True,0.4x0.4x0.4,1,sym-edge,15,14094,452.3893421,904.7786842,449.0163014,902.016,-0.007456056911,-0.003053436472,14.56021978,14.56021978,4,True,True,False,
confirm3-0032-sphere-rhovol15-sp0.4x0.4x0.4-sym-zcorner,confirm3,sphere,True,0.4x0.4x0.4,1,sym-zcorner,15,14094,452.3893421,904.7786842,449.0163014,902.016,-0.007456056911,-0.003053436472,14.56021978,14.56021978,4,True,True,False,
confirm3-0033-sphere-rhovol15-sp0.4x0.4x0.4-rand0,confirm3,sphere,True,0.4x0.4x0.4,1,rand0,15,14150,452.3893421,904.7786842,450.0696279,905.6,-0.005127694323,0.0009077532224,14.49137675,14.49137675,4,True,True,False,
confirm3-0034-sphere-rhovol15-sp0.4x0.4x0.4-rand1,confirm3,sphere,True,0.4x0.4x0.4,1,rand1,15,14117,452.3893421,904.7786842,449.5218095,903.488,-0.006338638778,-0.001426519276,14.76482306,14.76482306,4,True,True,False,
confirm3-0035-ellipsoid-rhovol15-sp0.4x0.4x0.4-sym-centre,confirm3,ellipsoid,True,0.4x0.4x0.4,1,sym-centre,15,40407,985.8310921,2587.667037,982.4941365,2586.048,-0.003384916182,-0.0006256743568,15.03329638,15.03329638,4,True,True,False,
confirm3-0036-ellipsoid-rhovol15-sp0.4x0.4x0.4-sym-corner,confirm3,ellipsoid,True,0.4x0.4x0.4,1,sym-corner,15,40472,985.8310921,2587.667037,983.2892415,2590.208,-0.002578383559,0.000981951331,14.86606875,14.86606875,4,True,True,False,
confirm3-0037-ellipsoid-rhovol15-sp0.4x0.4x0.4-sym-face,confirm3,ellipsoid,True,0.4x0.4x0.4,1,sym-face,15,40480,985.8310921,2587.667037,982.6676846,2590.72,-0.003208873738,0.001179812954,14.86606875,14.86606875,4,True,True,False,
confirm3-0038-ellipsoid-rhovol15-sp0.4x0.4x0.4-sym-edge,confirm3,ellipsoid,True,0.4x0.4x0.4,1,sym-edge,15,40462,985.8310921,2587.667037,982.7905549,2589.568,-0.003084237522,0.0007346243021,14.86606875,14.86606875,4,True,True,False,
confirm3-0039-ellipsoid-rhovol15-sp0.4x0.4x0.4-sym-zcorner,confirm3,ellipsoid,True,0.4x0.4x0.4,1,sym-zcorner,15,40426,985.8310921,2587.667037,982.7378261,2587.264,-0.00313772411,-0.0001557530019,15,15,4,True,True,False,
confirm3-0040-ellipsoid-rhovol15-sp0.4x0.4x0.4-rand0,confirm3,ellipsoid,True,0.4x0.4x0.4,1,rand0,15,40452,985.8310921,2587.667037,982.7448985,2588.928,-0.003130550142,0.0004872972732,15.09966887,15.09966887,4,True,True,False,
confirm3-0041-ellipsoid-rhovol15-sp0.4x0.4x0.4-rand1,confirm3,ellipsoid,True,0.4x0.4x0.4,1,rand1,15,40432,985.8310921,2587.667037,982.7690001,2587.648,-0.003106102119,-7.356784536e-06,15,15,4,True,True,False,
confirm3-0042-capsule-rhovol15-sp0.4x0.4x0.4-sym-centre,confirm3,capsule,True,0.4x0.4x0.4,1,sym-centre,15,54507,1311.929092,3483.397934,1310.378135,3488.448,-0.001182195987,0.00144975274,15.03329638,15.03329638,4,True,True,False,
confirm3-0043-capsule-rhovol15-sp0.4x0.4x0.4-sym-corner,confirm3,capsule,True,0.4x0.4x0.4,1,sym-corner,15,54920,1311.929092,3483.397934,1313.467061,3514.88,0.001172295577,0.009037745986,14.4222051,14.4222051,4,True,True,False,
confirm3-0044-capsule-rhovol15-sp0.4x0.4x0.4-sym-face,confirm3,capsule,True,0.4x0.4x0.4,1,sym-face,15,55140,1311.929092,3483.397934,1318.219664,3528.96,0.004794902537,0.01307977629,14.4222051,14.4222051,4,True,True,False,
confirm3-0045-capsule-rhovol15-sp0.4x0.4x0.4-sym-edge,confirm3,capsule,True,0.4x0.4x0.4,1,sym-edge,15,53894,1311.929092,3483.397934,1300.98848,3449.216,-0.008339332233,-0.009812813507,14.56021978,14.56021978,4,True,True,False,
confirm3-0046-capsule-rhovol15-sp0.4x0.4x0.4-sym-zcorner,confirm3,capsule,True,0.4x0.4x0.4,1,sym-zcorner,15,54558,1311.929092,3483.397934,1311.624662,3491.712,-0.0002320474431,0.002386768855,15.03329638,15.03329638,4,True,True,False,
confirm3-0047-capsule-rhovol15-sp0.4x0.4x0.4-rand0,confirm3,capsule,True,0.4x0.4x0.4,1,rand0,15,54446,1311.929092,3483.397934,1308.627573,3484.544,-0.00251653799,0.0003290079748,14.89966443,14.89966443,4,True,True,False,
confirm3-0048-capsule-rhovol15-sp0.4x0.4x0.4-rand1,confirm3,capsule,True,0.4x0.4x0.4,1,rand1,15,54431,1311.929092,3483.397934,1308.178738,3483.584,-0.002858656164,5.341499971e-05,14.96662955,14.96662955,4,True,True,False,
confirm3-0049-torus-rhovol15-sp0.4x0.4x0.4-sym-centre,confirm3,torus,True,0.4x0.4x0.4,1,sym-centre,15,152192,3268.812978,9806.438933,3251.857438,9740.288,-0.005187063372,-0.006745663066,15,15,4,True,True,False,
confirm3-0050-torus-rhovol15-sp0.4x0.4x0.4-sym-corner,confirm3,torus,True,0.4x0.4x0.4,1,sym-corner,15,153384,3268.812978,9806.438933,3262.532846,9816.576,-0.001921226965,0.001033715414,14.59451952,14.59451952,4,True,True,False,
confirm3-0051-torus-rhovol15-sp0.4x0.4x0.4-sym-face,confirm3,torus,True,0.4x0.4x0.4,1,sym-face,15,152268,3268.812978,9806.438933,3252.820239,9745.152,-0.004892521854,-0.006249662425,15,15,4,True,True,False,
confirm3-0052-torus-rhovol15-sp0.4x0.4x0.4-sym-edge,confirm3,torus,True,0.4x0.4x0.4,1,sym-edge,15,152218,3268.812978,9806.438933,3253.298202,9741.952,-0.004746302743,-0.006575978636,15.03329638,15.03329638,4,True,True,False,
confirm3-0053-torus-rhovol15-sp0.4x0.4x0.4-sym-zcorner,confirm3,torus,True,0.4x0.4x0.4,1,sym-zcorner,15,153592,3268.812978,9806.438933,3265.528975,9829.888,-0.001004646715,0.002391190853,14.59451952,14.59451952,4,True,True,False,
confirm3-0054-torus-rhovol15-sp0.4x0.4x0.4-rand0,confirm3,torus,True,0.4x0.4x0.4,1,rand0,15,153213,3268.812978,9806.438933,3262.28684,9805.632,-0.001996485521,-8.22860294e-05,15,15,4,True,True,False,
confirm3-0055-torus-rhovol15-sp0.4x0.4x0.4-rand1,confirm3,torus,True,0.4x0.4x0.4,1,rand1,15,153211,3268.812978,9806.438933,3263.07787,9805.504,-0.001754492576,-9.533867786e-05,15,15,4,True,True,False,
confirm3-0056-sphere-rhovol20-sp0.4x0.4x0.4-sym-centre,confirm3,sphere,True,0.4x0.4x0.4,1,sym-centre,20,33401,804.2477193,2144.660585,800.381912,2137.664,-0.00480673711,-0.003262327335,20.02498439,20.02498439,4,True,True,False,
confirm3-0057-sphere-rhovol20-sp0.4x0.4x0.4-sym-corner,confirm3,sphere,True,0.4x0.4x0.4,1,sym-corner,20,33552,804.2477193,2144.660585,802.7569788,2147.328,-0.001853583726,0.001243746991,19.20937271,19.20937271,4,True,True,False,
confirm3-0058-sphere-rhovol20-sp0.4x0.4x0.4-sym-face,confirm3,sphere,True,0.4x0.4x0.4,1,sym-face,20,33536,804.2477193,2144.660585,802.3077142,2146.304,-0.002412198475,0.0007662821618,19.31320792,19.31320792,4,True,True,False,
confirm3-0059-sphere-rhovol20-sp0.4x0.4x0.4-sym-edge,confirm3,sphere,True,0.4x0.4x0.4,1,sym-edge,20,33400,804.2477193,2144.660585,800.3363839,2137.6,-0.004863346594,-0.003292168887,19.5192213,19.5192213,4,True,True,False,
confirm3-0060-sphere-rhovol20-sp0.4x0.4x0.4-sym-zcorner,confirm3,sphere,True,0.4x0.4x0.4,1,sym-zcorner,20,33400,804.2477193,2144.660585,800.3363839,2137.6,-0.004863346594,-0.003292168887,19.5192213,19.5192213,4,True,True,False,
confirm3-0061-sphere-rhovol20-sp0.4x0.4x0.4-rand0,confirm3,sphere,True,0.4x0.4x0.4,1,rand0,20,33491,804.2477193,2144.660585,801.7449433,2143.424,-0.00311194664,-0.0005765876705,19.59591794,19.59591794,4,True,True,False,
confirm3-0062-sphere-rhovol20-sp0.4x0.4x0.4-rand1,confirm3,sphere,True,0.4x0.4x0.4,1,rand1,20,33502,804.2477193,2144.660585,801.9327528,2144.128,-0.00287842478,-0.0002483306004,19.6468827,19.6468827,4,True,True,False,
confirm3-0063-ellipsoid-rhovol20-sp0.4x0.4x0.4-sym-centre,confirm3,ellipsoid,True,0.4x0.4x0.4,1,sym-centre,20,95693,1752.588608,6133.729273,1747.920155,6124.352,-0.002663747267,-0.001528804461,20.02498439,20.02498439,4,True,True,False,
confirm3-0064-ellipsoid-rhovol20-sp0.4x0.4x0.4-sym-corner,confirm3,ellipsoid,True,0.4x0.4x0.4,1,sym-corner,20,95944,1752.588608,6133.729273,1751.000166,6140.416,-0.0009063406354,0.001090156906,19.87460691,19.87460691,4,True,True,False,
confirm3-0065-ellipsoid-rhovol20-sp0.4x0.4x0.4-sym-face,confirm3,ellipsoid,True,0.4x0.4x0.4,1,sym-face,20,95856,1752.588608,6133.729273,1749.323267,6134.784,-0.001863153497,0.0001719553114,19.87460691,19.87460691,4,True,True,False,
confirm3-0066-ellipsoid-rhovol20-sp0.4x0.4x0.4-sym-edge,confirm3,ellipsoid,True,0.4x0.4x0.4,1,sym-edge,20,95808,1752.588608,6133.729273,1749.720092,6131.712,-0.001636731293,-0.0003288819221,19.92485885,19.92485885,4,True,True,False,
confirm3-0067-ellipsoid-rhovol20-sp0.4x0.4x0.4-sym-zcorner,confirm3,ellipsoid,True,0.4x0.4x0.4,1,sym-zcorner,20,95788,1752.588608,6133.729273,1749.224582,6130.432,-0.001919461224,-0.0005375641027,20,20,4,True,True,False,
confirm3-0068-ellipsoid-rhovol20-sp0.4x0.4x0.4-rand0,confirm3,ellipsoid,True,0.4x0.4x0.4,1,rand0,20,95875,1752.588608,6133.729273,1750.647716,6136,-0.001107442889,0.000370203383,20.04993766,20.04993766,4,True,True,False,
confirm3-0069-ellipsoid-rhovol20-sp0.4x0.4x0.4-rand1,confirm3,ellipsoid,True,0.4x0.4x0.4,1,rand1,20,95857,1752.588608,6133.729273,1750.306446,6134.848,-0.00130216662,0.0001823894204,20.09975124,20.09975124,4,True,True,False,
confirm3-0070-capsule-rhovol20-sp0.4x0.4x0.4-sym-centre,confirm3,capsule,True,0.4x0.4x0.4,1,sym-centre,20,128933,2332.318386,8256.943252,2331.582082,8251.712,-0.0003156961903,-0.0006335579058,20.02498439,20.02498439,4,True,True,False,
confirm3-0071-capsule-rhovol20-sp0.4x0.4x0.4-sym-corner,confirm3,capsule,True,0.4x0.4x0.4,1,sym-corner,20,129616,2332.318386,8256.943252,2334.587381,8295.424,0.0009728497789,0.004660410899,19.41648784,19.41648784,4,True,True,False,
confirm3-0072-capsule-rhovol20-sp0.4x0.4x0.4-sym-face,confirm3,capsule,True,0.4x0.4x0.4,1,sym-face,20,129600,2332.318386,8256.943252,2334.138117,8294.4,0.0007802240032,0.004536394061,19.41648784,19.41648784,4,True,True,False,
confirm3-0073-capsule-rhovol20-sp0.4x0.4x0.4-sym-edge,confirm3,capsule,True,0.4x0.4x0.4,1,sym-edge,20,128552,2332.318386,8256.943252,2323.905657,8227.328,-0.003607024164,-0.003586708879,19.6468827,19.6468827,4,True,True,False,
confirm3-0074-capsule-rhovol20-sp0.4x0.4x0.4-sym-zcorner,confirm3,capsule,True,0.4x0.4x0.4,1,sym-zcorner,20,128932,2332.318386,8256.943252,2331.577924,8251.648,-0.0003174790442,-0.0006413089582,20.02498439,20.02498439,4,True,True,False,
confirm3-0075-capsule-rhovol20-sp0.4x0.4x0.4-rand0,confirm3,capsule,True,0.4x0.4x0.4,1,rand0,20,128995,2332.318386,8256.943252,2329.193972,8255.68,-0.001339617195,-0.0001529926556,19.92485885,19.92485885,4,True,True,False,
confirm3-0076-capsule-rhovol20-sp0.4x0.4x0.4-rand1,confirm3,capsule,True,0.4x0.4x0.4,1,rand1,20,129058,2332.318386,8256.943252,2330.279314,8259.712,-0.0008742684807,0.0003353236471,19.94993734,19.94993734,4,True,True,False,
confirm3-0077-torus-rhovol20-sp0.4x0.4x0.4-sym-centre,confirm3,torus,True,0.4x0.4x0.4,1,sym-centre,20,361772,5811.223071,23244.89229,5796.885554,23153.408,-0.002467211706,-0.003935672591,20.02498439,20.02498439,4,True,True,False,
confirm3-0078-torus-rhovol20-sp0.4x0.4x0.4-sym-corner,confirm3,torus,True,0.4x0.4x0.4,1,sym-corner,20,363864,5811.223071,23244.89229,5810.417779,23287.296,-0.0001385754348,0.001824216436,19.6468827,19.6468827,4,True,True,False,
confirm3-0079-torus-rhovol20-sp0.4x0.4x0.4-sym-face,confirm3,torus,True,0.4x0.4x0.4,1,sym-face,20,361804,5811.223071,23244.89229,5796.783953,23155.456,-0.00248469533,-0.003847567214,20,20,4,True,True,False,
confirm3-0080-torus-rhovol20-sp0.4x0.4x0.4-sym-edge,confirm3,torus,True,0.4x0.4x0.4,1,sym-edge,20,361644,5811.223071,23244.89229,5795.369057,23145.216,-0.002728171771,-0.004288094099,20,20,4,True,True,False,
confirm3-0081-torus-rhovol20-sp0.4x0.4x0.4-sym-zcorner,confirm3,torus,True,0.4x0.4x0.4,1,sym-zcorner,20,363552,5811.223071,23244.89229,5807.764732,23267.328,-0.0005951137721,0.0009651890092,19.6468827,19.6468827,4,True,True,False,
confirm3-0082-torus-rhovol20-sp0.4x0.4x0.4-rand0,confirm3,torus,True,0.4x0.4x0.4,1,rand0,20,363226,5811.223071,23244.89229,5808.084914,23246.464,-0.000540016728,6.761548021e-05,20.02498439,20.02498439,4,True,True,False,
confirm3-0083-torus-rhovol20-sp0.4x0.4x0.4-rand1,confirm3,torus,True,0.4x0.4x0.4,1,rand1,20,363116,5811.223071,23244.89229,5807.530788,23239.424,-0.0006353710688,-0.0002352467535,20,20,4,True,True,False,
confirm3-0084-sphere-rhovol27-sp0.4x0.4x0.4-sym-centre,confirm3,sphere,True,0.4x0.4x0.4,1,sym-centre,27,82519,1465.741468,5276.669286,1465.703026,5281.216,-2.622716871e-05,0.0008616635422,27.01851217,27.01851217,4,True,True,False,
confirm3-0085-sphere-rhovol27-sp0.4x0.4x0.4-sym-corner,confirm3,sphere,True,0.4x0.4x0.4,1,sym-corner,27,82712,1465.741468,5276.669286,1467.530597,5293.568,0.001220630479,0.003202534142,26.19160171,26.19160171,4,True,True,False,
confirm3-0086-sphere-rhovol27-sp0.4x0.4x0.4-sym-face,confirm3,sphere,True,0.4x0.4x0.4,1,sym-face,27,82468,1465.741468,5276.669286,1464.00218,5277.952,-0.001186626904,0.0002430915182,26.32489316,26.32489316,4,True,True,False,
confirm3-0087-sphere-rhovol27-sp0.4x0.4x0.4-sym-edge,confirm3,sphere,True,0.4x0.4x0.4,1,sym-edge,27,82374,1465.741468,5276.669286,1463.309135,5271.936,-0.001659456093,-0.0008970216239,26.55183609,26.55183609,4,True,True,False,
confirm3-0088-sphere-rhovol27-sp0.4x0.4x0.4-sym-zcorner,confirm3,sphere,True,0.4x0.4x0.4,1,sym-zcorner,27,82374,1465.741468,5276.669286,1463.309135,5271.936,-0.001659456093,-0.0008970216239,26.55183609,26.55183609,4,True,True,False,
confirm3-0089-sphere-rhovol27-sp0.4x0.4x0.4-rand0,confirm3,sphere,True,0.4x0.4x0.4,1,rand0,27,82436,1465.741468,5276.669286,1464.113248,5275.904,-0.001110851091,-0.0001450321046,26.64582519,26.64582519,4,True,True,False,
confirm3-0090-sphere-rhovol27-sp0.4x0.4x0.4-rand1,confirm3,sphere,True,0.4x0.4x0.4,1,rand1,27,82428,1465.741468,5276.669286,1464.038512,5275.392,-0.001161839282,-0.0002420630103,26.75817632,26.75817632,4,True,True,False,
confirm3-0091-ellipsoid-rhovol27-sp0.4x0.4x0.4-sym-centre,confirm3,ellipsoid,True,0.4x0.4x0.4,1,sym-centre,27,235655,3194.092739,15091.27416,3191.893697,15081.92,-0.0006884713927,-0.0006198389317,27.01851217,27.01851217,4,True,True,False,
confirm3-0092-ellipsoid-rhovol27-sp0.4x0.4x0.4-sym-corner,confirm3,ellipsoid,True,0.4x0.4x0.4,1,sym-corner,27,235888,3194.092739,15091.27416,3193.331482,15096.832,-0.0002383326839,0.0003682817427,26.85144316,26.85144316,4,True,True,False,
confirm3-0093-ellipsoid-rhovol27-sp0.4x0.4x0.4-sym-face,confirm3,ellipsoid,True,0.4x0.4x0.4,1,sym-face,27,235920,3194.092739,15091.27416,3193.71757,15098.88,-0.0001174571099,0.0005039893032,26.85144316,26.85144316,4,True,True,False,
confirm3-0094-ellipsoid-rhovol27-sp0.4x0.4x0.4-sym-edge,confirm3,ellipsoid,True,0.4x0.4x0.4,1,sym-edge,27,235842,3194.092739,15091.27416,3192.781174,15093.888,-0.0004106219688,0.0001732021246,26.92582404,26.92582404,4,True,True,False,
confirm3-0095-ellipsoid-rhovol27-sp0.4x0.4x0.4-sym-zcorner,confirm3,ellipsoid,True,0.4x0.4x0.4,1,sym-zcorner,27,235726,3194.092739,15091.27416,3192.635362,15086.464,-0.0004562723007,-0.000318737782,27,27,4,True,True,False,
confirm3-0096-ellipsoid-rhovol27-sp0.4x0.4x0.4-rand0,confirm3,ellipsoid,True,0.4x0.4x0.4,1,rand0,27,235815,3194.092739,15091.27416,3193.122541,15092.16,-0.0003037472993,5.86988705e-05,27.03701167,27.03701167,4,True,True,False,
confirm3-0097-ellipsoid-rhovol27-sp0.4x0.4x0.4-rand1,confirm3,ellipsoid,True,0.4x0.4x0.4,1,rand1,27,235756,3194.092739,15091.27416,3193.006032,15088.384,-0.000340223726,-0.000191511944,27,27,4,True,True,False,
confirm3-0098-capsule-rhovol27-sp0.4x0.4x0.4-sym-centre,confirm3,capsule,True,0.4x0.4x0.4,1,sym-centre,27,317325,4250.650259,20315.17675,4257.449125,20308.8,0.001599488494,-0.0003138910834,27.01851217,27.01851217,4,True,True,False,
confirm3-0099-capsule-rhovol27-sp0.4x0.4x0.4-sym-corner,confirm3,capsule,True,0.4x0.4x0.4,1,sym-corner,27,317760,4250.650259,20315.17675,4251.45321,20336.64,0.0001889008333,0.001056512942,26.40075756,26.40075756,4,True,True,False,
confirm3-0100-capsule-rhovol27-sp0.4x0.4x0.4-sym-face,confirm3,capsule,True,0.4x0.4x0.4,1,sym-face,27,317588,4250.650259,20315.17675,4249.548571,20325.632,-0.0002591809777,0.0005146520401,26.40075756,26.40075756,4,True,True,False,
confirm3-0101-capsule-rhovol27-sp0.4x0.4x0.4-sym-edge,confirm3,capsule,True,0.4x0.4x0.4,1,sym-edge,27,316578,4250.650259,20315.17675,4243.624389,20260.992,-0.001652892841,-0.002667205582,26.57066051,26.57066051,4,True,True,False,
confirm3-0102-capsule-rhovol27-sp0.4x0.4x0.4-sym-zcorner,confirm3,capsule,True,0.4x0.4x0.4,1,sym-zcorner,27,317196,4250.650259,20315.17675,4255.966056,20300.544,0.001250584584,-0.0007202867599,27.01851217,27.01851217,4,True,True,False,
confirm3-0103-capsule-rhovol27-sp0.4x0.4x0.4-rand0,confirm3,capsule,True,0.4x0.4x0.4,1,rand0,27,317397,4250.650259,20315.17675,4249.056324,20313.408,-0.0003749860952,-8.70655895e-05,26.98147513,26.98147513,4,True,True,False,
confirm3-0104-capsule-rhovol27-sp0.4x0.4x0.4-rand1,confirm3,capsule,True,0.4x0.4x0.4,1,rand1,27,317415,4250.650259,20315.17675,4250.917558,20314.56,6.28843171e-05,-3.035921603e-05,26.98147513,26.98147513,4,True,True,False,
confirm3-0105-torus-rhovol27-sp0.4x0.4x0.4-sym-centre,confirm3,torus,True,0.4x0.4x0.4,1,sym-centre,27,891412,10590.95405,57191.15186,10577.75329,57050.368,-0.001246417832,-0.002461637023,27,27,4,True,True,False,
confirm3-0106-torus-rhovol27-sp0.4x0.4x0.4-sym-corner,confirm3,torus,True,0.4x0.4x0.4,1,sym-corner,27,894192,10590.95405,57191.15186,10590.02745,57228.288,-8.748925784e-05,0.0006493337167,26.55183609,26.55183609,4,True,True,False,
confirm3-0107-torus-rhovol27-sp0.4x0.4x0.4-sym-face,confirm3,torus,True,0.4x0.4x0.4,1,sym-face,27,891208,10590.95405,57191.15186,10575.22945,57037.312,-0.001484719585,-0.002689924085,27,27,4,True,True,False,
confirm3-0108-torus-rhovol27-sp0.4x0.4x0.4-sym-edge,confirm3,torus,True,0.4x0.4x0.4,1,sym-edge,27,891204,10590.95405,57191.15186,10576.45436,57037.056,-0.001369063775,-0.002694400301,27,27,4,True,True,False,
confirm3-0109-torus-rhovol27-sp0.4x0.4x0.4-sym-zcorner,confirm3,torus,True,0.4x0.4x0.4,1,sym-zcorner,27,894248,10590.95405,57191.15186,10592.05673,57231.872,0.0001041152832,0.0007120007532,26.57066051,26.57066051,4,True,True,False,
confirm3-0110-torus-rhovol27-sp0.4x0.4x0.4-rand0,confirm3,torus,True,0.4x0.4x0.4,1,rand0,27,893611,10590.95405,57191.15186,10590.93882,57191.104,-1.437854293e-06,-8.367868424e-07,27,27,4,True,True,False,
confirm3-0111-torus-rhovol27-sp0.4x0.4x0.4-rand1,confirm3,torus,True,0.4x0.4x0.4,1,rand1,27,893582,10590.95405,57191.15186,10592.24743,57189.248,0.0001221218115,-3.328935931e-05,27,27,4,True,True,False,
confirm3-0112-sphere-rhovol33-sp0.4x0.4x0.4-sym-centre,confirm3,sphere,True,0.4x0.4x0.4,1,sym-centre,33,150555,2189.564416,9634.08343,2185.688558,9635.52,-0.001770150217,0.0001491133317,33.01514804,33.01514804,5,True,True,False,
confirm3-0113-sphere-rhovol33-sp0.4x0.4x0.4-sym-corner,confirm3,sphere,True,0.4x0.4x0.4,1,sym-corner,33,150920,2189.564416,9634.08343,2188.522581,9658.88,-0.0004758181268,0.002573838026,32.20248438,32.20248438,5,True,True,False,
confirm3-0114-sphere-rhovol33-sp0.4x0.4x0.4-sym-face,confirm3,sphere,True,0.4x0.4x0.4,1,sym-face,33,150620,2189.564416,9634.08343,2186.518515,9639.68,-0.001391098985,0.0005809136197,32.34192326,32.34192326,5,True,True,False,
confirm3-0115-sphere-rhovol33-sp0.4x0.4x0.4-sym-edge,confirm3,sphere,True,0.4x0.4x0.4,1,sym-edge,33,150378,2189.564416,9634.08343,2184.005499,9624.192,-0.002538823299,-0.001026712068,32.52691193,32.52691193,5,True,True,False,
confirm3-0116-sphere-rhovol33-sp0.4x0.4x0.4-sym-zcorner,confirm3,sphere,True,0.4x0.4x0.4,1,sym-zcorner,33,150378,2189.564416,9634.08343,2184.005499,9624.192,-0.002538823299,-0.001026712068,32.52691193,32.52691193,5,True,True,False,
confirm3-0117-sphere-rhovol33-sp0.4x0.4x0.4-rand0,confirm3,sphere,True,0.4x0.4x0.4,1,rand0,33,150541,2189.564416,9634.08343,2185.687917,9634.624,-0.00177044305,5.611019271e-05,32.40370349,32.40370349,5,True,True,False,
confirm3-0118-sphere-rhovol33-sp0.4x0.4x0.4-rand1,confirm3,sphere,True,0.4x0.4x0.4,1,rand1,33,150603,2189.564416,9634.08343,2186.009502,9638.592,-0.001623571364,0.0004679812367,32.37282811,32.37282811,5,True,True,False,
confirm3-0119-ellipsoid-rhovol33-sp0.4x0.4x0.4-sym-centre,confirm3,ellipsoid,True,0.4x0.4x0.4,1,sym-centre,33,430299,4771.422486,27553.47861,4765.519642,27539.136,-0.001237124493,-0.0005205371419,33.01514804,33.01514804,5,True,True,False,
confirm3-0120-ellipsoid-rhovol33-sp0.4x0.4x0.4-sym-corner,confirm3,ellipsoid,True,0.4x0.4x0.4,1,sym-corner,33,430536,4771.422486,27553.47861,4766.836275,27554.304,-0.0009611831623,2.995596332e-05,32.75667871,32.75667871,5,True,True,False,
confirm3-0121-ellipsoid-rhovol33-sp0.4x0.4x0.4-sym-face,confirm3,ellipsoid,True,0.4x0.4x0.4,1,sym-face,33,430640,4771.422486,27553.47861,4767.647099,27560.96,-0.0007912498153,0.000271522558,32.75667871,32.75667871,5,True,True,False,
confirm3-0122-ellipsoid-rhovol33-sp0.4x0.4x0.4-sym-edge,confirm3,ellipsoid,True,0.4x0.4x0.4,1,sym-edge,33,430570,4771.422486,27553.47861,4766.647956,27556.48,-0.00100065129,0.0001089296577,32.984845,32.984845,5,True,True,False,
confirm3-0123-ellipsoid-rhovol33-sp0.4x0.4x0.4-sym-zcorner,confirm3,ellipsoid,True,0.4x0.4x0.4,1,sym-zcorner,33,430282,4771.422486,27553.47861,4764.737253,27538.048,-0.001401098416,-0.0005600239891,33,33,5,True,True,False,
confirm3-0124-ellipsoid-rhovol33-sp0.4x0.4x0.4-rand0,confirm3,ellipsoid,True,0.4x0.4x0.4,1,rand0,33,430491,4771.422486,27553.47861,4765.863116,27551.424,-0.001165138898,-7.4568044e-05,33.03028913,33.03028913,5,True,True,False,
confirm3-0125-ellipsoid-rhovol33-sp0.4x0.4x0.4-rand1,confirm3,ellipsoid,True,0.4x0.4x0.4,1,rand1,33,430565,4771.422486,27553.47861,4766.675091,27556.16,-0.0009949642519,9.731587916e-05,33.01514804,33.01514804,5,True,True,False,
confirm3-0126-capsule-rhovol33-sp0.4x0.4x0.4-sym-centre,confirm3,capsule,True,0.4x0.4x0.4,1,sym-centre,33,578007,6349.736806,37091.2212,6342.437674,36992.448,-0.001149517304,-0.002662980652,33.01514804,33.01514804,5,True,True,False,
confirm3-0127-capsule-rhovol33-sp0.4x0.4x0.4-sym-corner,confirm3,capsule,True,0.4x0.4x0.4,1,sym-corner,33,581464,6349.736806,37091.2212,6353.355857,37213.696,0.0005699529757,0.003301988762,32.44996148,32.44996148,5,True,True,False,
confirm3-0128-capsule-rhovol33-sp0.4x0.4x0.4-sym-face,confirm3,capsule,True,0.4x0.4x0.4,1,sym-face,33,581404,6349.736806,37091.2212,6352.463297,37209.856,0.0004293864911,0.003198460221,32.44996148,32.44996148,5,True,True,False,
confirm3-0129-capsule-rhovol33-sp0.4x0.4x0.4-sym-edge,confirm3,capsule,True,0.4x0.4x0.4,1,sym-edge,33,578634,6349.736806,37091.2212,6343.750442,37032.576,-0.0009427736052,-0.001581107403,32.55764119,32.55764119,5,True,True,False,
confirm3-0130-capsule-rhovol33-sp0.4x0.4x0.4-sym-zcorner,confirm3,capsule,True,0.4x0.4x0.4,1,sym-zcorner,33,577936,6349.736806,37091.2212,6341.7367,36987.904,-0.001259911489,-0.002785489425,33.01514804,33.01514804,5,True,True,False,
confirm3-0131-capsule-rhovol33-sp0.4x0.4x0.4-rand0,confirm3,capsule,True,0.4x0.4x0.4,1,rand0,33,579542,6349.736806,37091.2212,6341.777725,37090.688,-0.001253450504,-1.437548867e-05,32.95451411,32.95451411,5,True,True,False,
confirm3-0132-capsule-rhovol33-sp0.4x0.4x0.4-rand1,confirm3,capsule,True,0.4x0.4x0.4,1,rand1,33,579546,6349.736806,37091.2212,6342.978244,37090.944,-0.001064384552,-7.473585967e-06,33,33,5,True,True,False,
confirm3-0133-torus-rhovol33-sp0.4x0.4x0.4-sym-centre,confirm3,torus,True,0.4x0.4x0.4,1,sym-centre,33,1628332,15821.05481,104418.9618,15795.85106,104213.248,-0.001593051472,-0.001970080475,33,33,5,True,True,False,
confirm3-0134-torus-rhovol33-sp0.4x0.4x0.4-sym-corner,confirm3,torus,True,0.4x0.4x0.4,1,sym-corner,33,1632104,15821.05481,104418.9618,15812.40888,104454.656,-0.0005464829137,0.0003418367856,32.55764119,32.55764119,5,True,True,False,
confirm3-0135-torus-rhovol33-sp0.4x0.4x0.4-sym-face,confirm3,torus,True,0.4x0.4x0.4,1,sym-face,33,1628260,15821.05481,104418.9618,15795.87613,104208.64,-0.001591467004,-0.002014210391,33,33,5,True,True,False,
confirm3-0136-torus-rhovol33-sp0.4x0.4x0.4-sym-edge,confirm3,torus,True,0.4x0.4x0.4,1,sym-edge,33,1628328,15821.05481,104418.9618,15796.30207,104212.992,-0.001564544051,-0.001972532137,33,33,5,True,True,False,
confirm3-0137-torus-rhovol33-sp0.4x0.4x0.4-sym-zcorner,confirm3,torus,True,0.4x0.4x0.4,1,sym-zcorner,33,1632304,15821.05481,104418.9618,15811.75063,104467.456,-0.0005880883582,0.0004644198853,32.55764119,32.55764119,5,True,True,False,
confirm3-0138-torus-rhovol33-sp0.4x0.4x0.4-rand0,confirm3,torus,True,0.4x0.4x0.4,1,rand0,33,1631482,15821.05481,104418.9618,15811.70462,104414.848,-0.0005909968668,-3.939665448e-05,33,33,5,True,True,False,
confirm3-0139-torus-rhovol33-sp0.4x0.4x0.4-rand1,confirm3,torus,True,0.4x0.4x0.4,1,rand1,33,1631557,15821.05481,104418.9618,15812.3068,104419.648,-0.0005529346061,6.572007908e-06,33,33,5,True,True,False,
confirm3-0140-sphere-rhovol37-sp0.4x0.4x0.4-sym-centre,confirm3,sphere,True,0.4x0.4x0.4,1,sym-centre,37,212095,2752.537819,13579.18658,2748.187751,13574.08,-0.001580384563,-0.000376059017,37.01351105,37.01351105,5,True,True,True,
confirm3-0141-sphere-rhovol37-sp0.4x0.4x0.4-sym-corner,confirm3,sphere,True,0.4x0.4x0.4,1,sym-corner,37,212472,2752.537819,13579.18658,2751.208142,13598.208,-0.000483073159,0.001400777899,36.18010503,36.18010503,5,True,True,True,
confirm3-0142-sphere-rhovol37-sp0.4x0.4x0.4-sym-face,confirm3,sphere,True,0.4x0.4x0.4,1,sym-face,37,212256,2752.537819,13579.18658,2749.365957,13584.384,-0.00115234102,0.0003827493213,36.34556369,36.34556369,5,True,True,True,
confirm3-0143-sphere-rhovol37-sp0.4x0.4x0.4-sym-edge,confirm3,sphere,True,0.4x0.4x0.4,1,sym-edge,37,212034,2752.537819,13579.18658,2747.319503,13570.176,-0.001895819956,-0.0006635578284,36.51027253,36.51027253,5,True,True,True,
confirm3-0144-sphere-rhovol37-sp0.4x0.4x0.4-sym-zcorner,confirm3,sphere,True,0.4x0.4x0.4,1,sym-zcorner,37,212034,2752.537819,13579.18658,2747.319503,13570.176,-0.001895819956,-0.0006635578284,36.51027253,36.51027253,5,True,True,True,
confirm3-0145-sphere-rhovol37-sp0.4x0.4x0.4-rand0,confirm3,sphere,True,0.4x0.4x0.4,1,rand0,37,212202,2752.537819,13579.18658,2748.808677,13580.928,-0.001354801512,0.0001282421768,36.41428291,36.41428291,5,True,True,True,
confirm3-0146-sphere-rhovol37-sp0.4x0.4x0.4-rand1,confirm3,sphere,True,0.4x0.4x0.4,1,rand1,37,212169,2752.537819,13579.18658,2748.65389,13578.816,-0.00141103577,-2.72899671e-05,36.66060556,36.66060556,5,True,True,True,
confirm3-0147-ellipsoid-rhovol37-sp0.4x0.4x0.4-sym-centre,confirm3,ellipsoid,True,0.4x0.4x0.4,1,sym-centre,37,606741,5998.234512,38836.47361,5994.150356,38831.424,-0.0006808930109,-0.0001300222605,37.01351105,37.01351105,5,True,True,True,
confirm3-0148-ellipsoid-rhovol37-sp0.4x0.4x0.4-sym-corner,confirm3,ellipsoid,True,0.4x0.4x0.4,1,sym-corner,37,606880,5998.234512,38836.47361,5993.956733,38840.32,-0.0007131729582,9.904076132e-05,36.87817783,36.87817783,5,True,True,True,
confirm3-0149-ellipsoid-rhovol37-sp0.4x0.4x0.4-sym-face,confirm3,ellipsoid,True,0.4x0.4x0.4,1,sym-face,37,606984,5998.234512,38836.47361,5994.780568,38846.976,-0.0005758267296,0.0002704260438,36.87817783,36.87817783,5,True,True,True,
confirm3-0150-ellipsoid-rhovol37-sp0.4x0.4x0.4-sym-edge,confirm3,ellipsoid,True,0.4x0.4x0.4,1,sym-edge,37,606810,5998.234512,38836.47361,5994.599993,38835.84,-0.0006059314657,-1.631471728e-05,36.87817783,36.87817783,5,True,True,True,
confirm3-0151-ellipsoid-rhovol37-sp0.4x0.4x0.4-sym-zcorner,confirm3,ellipsoid,True,0.4x0.4x0.4,1,sym-zcorner,37,606666,5998.234512,38836.47361,5992.763982,38826.624,-0.0009120232584,-0.0002536174161,37,37,5,True,True,True,
confirm3-0152-ellipsoid-rhovol37-sp0.4x0.4x0.4-rand0,confirm3,ellipsoid,True,0.4x0.4x0.4,1,rand0,37,606874,5998.234512,38836.47361,5993.891895,38839.936,-0.0007239825277,8.915314887e-05,37,37,5,True,True,True,
confirm3-0153-ellipsoid-rhovol37-sp0.4x0.4x0.4-rand1,confirm3,ellipsoid,True,0.4x0.4x0.4,1,rand1,37,606865,5998.234512,38836.47361,5993.895748,38839.36,-0.0007233401503,7.432173019e-05,37,37,5,True,True,True,
confirm3-0154-capsule-rhovol37-sp0.4x0.4x0.4-sym-centre,confirm3,capsule,True,0.4x0.4x0.4,1,sym-centre,37,815731,7982.359676,52279.86832,7981.98811,52206.784,-4.654835556e-05,-0.001397943764,37.01351105,37.01351105,5,True,True,True,
confirm3-0155-capsule-rhovol37-sp0.4x0.4x0.4-sym-corner,confirm3,capsule,True,0.4x0.4x0.4,1,sym-corner,37,817352,7982.359676,52279.86832,7985.003533,52310.528,0.0003312124082,0.0005864529713,36.35931793,36.35931793,5,True,True,True,
confirm3-0156-capsule-rhovol37-sp0.4x0.4x0.4-sym-face,confirm3,capsule,True,0.4x0.4x0.4,1,sym-face,37,817344,7982.359676,52279.86832,7985.263881,52310.016,0.000363827897,0.0005766595266,36.35931793,36.35931793,5,True,True,True,
confirm3-0157-capsule-rhovol37-sp0.4x0.4x0.4-sym-edge,confirm3,capsule,True,0.4x0.4x0.4,1,sym-edge,37,816474,7982.359676,52279.86832,7976.822967,52254.336,-0.0006936181051,-0.000488377586,36.61966685,36.61966685,5,True,True,True,
confirm3-0158-capsule-rhovol37-sp0.4x0.4x0.4-sym-zcorner,confirm3,capsule,True,0.4x0.4x0.4,1,sym-zcorner,37,815654,7982.359676,52279.86832,7981.277823,52201.856,-0.0001355305363,-0.001492205669,37.01351105,37.01351105,5,True,True,True,
confirm3-0159-capsule-rhovol37-sp0.4x0.4x0.4-rand0,confirm3,capsule,True,0.4x0.4x0.4,1,rand0,37,816892,7982.359676,52279.86832,7978.33595,52281.088,-0.0005040772971,2.332990027e-05,36.98648402,36.98648402,5,True,True,True,
confirm3-0160-capsule-rhovol37-sp0.4x0.4x0.4-rand1,confirm3,capsule,True,0.4x0.4x0.4,1,rand1,37,816951,7982.359676,52279.86832,7977.514642,52284.864,-0.0006069676298,9.555655503e-05,36.98648402,36.98648402,5,True,True,True,
confirm3-0161-torus-rhovol37-sp0.4x0.4x0.4-sym-centre,confirm3,torus,True,0.4x0.4x0.4,1,sym-centre,37,2295704,19888.91096,147177.9411,19864.02132,146925.056,-0.001251432945,-0.001718227031,37,37,5,True,True,True,
confirm3-0162-torus-rhovol37-sp0.4x0.4x0.4-sym-corner,confirm3,torus,True,0.4x0.4x0.4,1,sym-corner,37,2301032,19888.91096,147177.9411,19883.83082,147266.048,-0.0002554256878,0.0005986419058,36.5650106,36.5650106,5,True,True,True,
confirm3-0163-torus-rhovol37-sp0.4x0.4x0.4-sym-face,confirm3,torus,True,0.4x0.4x0.4,1,sym-face,37,2295776,19888.91096,147177.9411,19863.38775,146929.664,-0.001283288778,-0.001686917992,37,37,5,True,True,True,
confirm3-0164-torus-rhovol37-sp0.4x0.4x0.4-sym-edge,confirm3,torus,True,0.4x0.4x0.4,1,sym-edge,37,2295796,19888.91096,147177.9411,19863.95006,146930.944,-0.001255016045,-0.001678221036,37,37,5,True,True,True,
confirm3-0165-torus-rhovol37-sp0.4x0.4x0.4-sym-zcorner,confirm3,torus,True,0.4x0.4x0.4,1,sym-zcorner,37,2300656,19888.91096,147177.9411,19883.17934,147241.984,-0.0002881818623,0.000435139143,36.5650106,36.5650106,5,True,True,True,
confirm3-0166-torus-rhovol37-sp0.4x0.4x0.4-rand0,confirm3,torus,True,0.4x0.4x0.4,1,rand0,37,2299721,19888.91096,147177.9411,19882.31576,147182.144,-0.0003316021434,2.855647479e-05,37.01351105,37.01351105,5,True,True,True,
confirm3-0167-torus-rhovol37-sp0.4x0.4x0.4-rand1,confirm3,torus,True,0.4x0.4x0.4,1,rand1,37,2299667,19888.91096,147177.9411,19877.51515,147178.688,-0.0005729733446,5.074695022e-06,36.98648402,36.98648402,5,True,True,True,
confirm3-0168-sphere-rhovol42-sp0.4x0.4x0.4-sym-centre,confirm3,sphere,True,0.4x0.4x0.4,1,sym-centre,42,310177,3546.732442,19861.70168,3542.219353,19851.328,-0.00127246393,-0.0005222954443,42.01190308,42.01190308,5,True,True,True,
confirm3-0169-sphere-rhovol42-sp0.4x0.4x0.4-sym-corner,confirm3,sphere,True,0.4x0.4x0.4,1,sym-corner,42,310248,3546.732442,19861.70168,3542.184693,19855.872,-0.001282236469,-0.0002935134359,41.14608122,41.14608122,5,True,True,True,
confirm3-0170-sphere-rhovol42-sp0.4x0.4x0.4-sym-face,confirm3,sphere,True,0.4x0.4x0.4,1,sym-face,42,310424,3546.732442,19861.70168,3543.323411,19867.136,-0.0009611752232,0.0002736081624,41.30375286,41.30375286,5,True,True,True,
confirm3-0171-sphere-rhovol42-sp0.4x0.4x0.4-sym-edge,confirm3,sphere,True,0.4x0.4x0.4,1,sym-edge,42,310172,3546.732442,19861.70168,3541.727403,19851.008,-0.001411168964,-0.0005384068533,41.53311931,41.53311931,5,True,True,True,
confirm3-0172-sphere-rhovol42-sp0.4x0.4x0.4-sym-zcorner,confirm3,sphere,True,0.4x0.4x0.4,1,sym-zcorner,42,310172,3546.732442,19861.70168,3541.727403,19851.008,-0.001411168964,-0.0005384068533,41.53311931,41.53311931,5,True,True,True,
confirm3-0173-sphere-rhovol42-sp0.4x0.4x0.4-rand0,confirm3,sphere,True,0.4x0.4x0.4,1,rand0,42,310343,3546.732442,19861.70168,3543.260978,19861.952,-0.0009787780994,1.260333593e-05,41.72529209,41.72529209,5,True,True,True,
confirm3-0174-sphere-rhovol42-sp0.4x0.4x0.4-rand1,confirm3,sphere,True,0.4x0.4x0.4,1,rand1,42,310286,3546.732442,19861.70168,3542.71652,19858.304,-0.001132287853,-0.0001710667272,41.59326869,41.59326869,5,True,True,True,
confirm3-0175-ellipsoid-rhovol42-sp0.4x0.4x0.4-sym-centre,confirm3,ellipsoid,True,0.4x0.4x0.4,1,sym-centre,42,887433,7728.915762,56804.46679,7725.02236,56795.712,-0.0005037449851,-0.0001541215809,42.01190308,42.01190308,5,True,True,True,
confirm3-0176-ellipsoid-rhovol42-sp0.4x0.4x0.4-sym-corner,confirm3,ellipsoid,True,0.4x0.4x0.4,1,sym-corner,42,887632,7728.915762,56804.46679,7726.010268,56808.448,-0.0003759252041,7.008613938e-05,41.77319715,41.77319715,5,True,True,True,
confirm3-0177-ellipsoid-rhovol42-sp0.4x0.4x0.4-sym-face,confirm3,ellipsoid,True,0.4x0.4x0.4,1,sym-face,42,887560,7728.915762,56804.46679,7725.067398,56803.84,-0.0004979177142,-1.103424182e-05,41.77319715,41.77319715,5,True,True,True,
confirm3-0178-ellipsoid-rhovol42-sp0.4x0.4x0.4-sym-edge,confirm3,ellipsoid,True,0.4x0.4x0.4,1,sym-edge,42,887552,7728.915762,56804.46679,7725.335385,56803.328,-0.0004632444015,-2.004761751e-05,41.97618372,41.97618372,5,True,True,True,
confirm3-0179-ellipsoid-rhovol42-sp0.4x0.4x0.4-sym-zcorner,confirm3,ellipsoid,True,0.4x0.4x0.4,1,sym-zcorner,42,887496,7728.915762,56804.46679,7724.454777,56799.744,-0.0005771812302,-8.314124733e-05,42,42,5,True,True,True,
confirm3-0180-ellipsoid-rhovol42-sp0.4x0.4x0.4-rand0,confirm3,ellipsoid,True,0.4x0.4x0.4,1,rand0,42,887591,7728.915762,56804.46679,7725.096415,56805.824,-0.0004941634132,2.389258898e-05,42.02380278,42.02380278,5,True,True,True,
confirm3-0181-ellipsoid-rhovol42-sp0.4x0.4x0.4-rand1,confirm3,ellipsoid,True,0.4x0.4x0.4,1,rand1,42,887534,7728.915762,56804.46679,7724.48539,56802.176,-0.0005732204012,-4.03277128e-05,41.95235393,41.95235393,5,True,True,True,
confirm3-0182-capsule-rhovol42-sp0.4x0.4x0.4-sym-centre,confirm3,capsule,True,0.4x0.4x0.4,1,sym-centre,42,1192111,10285.52408,76467.55145,10282.30813,76295.104,-0.0003126678519,-0.002255171644,42.01190308,42.01190308,5,True,True,True,
confirm3-0183-capsule-rhovol42-sp0.4x0.4x0.4-sym-corner,confirm3,capsule,True,0.4x0.4x0.4,1,sym-corner,42,1195144,10285.52408,76467.55145,10284.12515,76489.216,-0.0001360096707,0.0002833168557,41.34005322,41.34005322,5,True,True,True,
confirm3-0184-capsule-rhovol42-sp0.4x0.4x0.4-sym-face,confirm3,capsule,True,0.4x0.4x0.4,1,sym-face,42,1195248,10285.52408,76467.55145,10284.69116,76495.872,-8.097964396e-05,0.0003703603123,41.34005322,41.34005322,5,True,True,True,
confirm3-0185-capsule-rhovol42-sp0.4x0.4x0.4-sym-edge,confirm3,capsule,True,0.4x0.4x0.4,1,sym-edge,42,1193140,10285.52408,76467.55145,10274.37161,76360.96,-0.001084287842,-0.001393943597,41.59326869,41.59326869,5,True,True,True,
confirm3-0186-capsule-rhovol42-sp0.4x0.4x0.4-sym-zcorner,confirm3,capsule,True,0.4x0.4x0.4,1,sym-zcorner,42,1192116,10285.52408,76467.55145,10282.62733,76295.424,-0.0002816341969,-0.002250986863,42.01190308,42.01190308,5,True,True,True,
confirm3-0187-capsule-rhovol42-sp0.4x0.4x0.4-rand0,confirm3,capsule,True,0.4x0.4x0.4,1,rand0,42,1194750,10285.52408,76467.55145,10281.4771,76464,-0.0003934636119,-4.644393202e-05,42,42,5,True,True,True,
confirm3-0188-capsule-rhovol42-sp0.4x0.4x0.4-rand1,confirm3,capsule,True,0.4x0.4x0.4,1,rand1,42,1194817,10285.52408,76467.55145,10281.94312,76468.288,-0.0003481556975,9.632141011e-06,41.96427052,41.96427052,5,True,True,True,
confirm3-0189-torus-rhovol42-sp0.4x0.4x0.4-sym-centre,confirm3,torus,True,0.4x0.4x0.4,1,sym-centre,42,3358720,25627.49374,215270.9475,25601.43304,214958.08,-0.001016904216,-0.001453365906,42,42,5,True,True,True,
confirm3-0190-torus-rhovol42-sp0.4x0.4x0.4-sym-corner,confirm3,torus,True,0.4x0.4x0.4,1,sym-corner,42,3364448,25627.49374,215270.9475,25622.03126,215324.672,-0.0002131492263,0.0002495670926,41.59326869,41.59326869,5,True,True,True,
confirm3-0191-torus-rhovol42-sp0.4x0.4x0.4-sym-face,confirm3,torus,True,0.4x0.4x0.4,1,sym-face,42,3358852,25627.49374,215270.9475,25603.39905,214966.528,-0.0009401890827,-0.001414122338,42,42,5,True,True,True,
confirm3-0192-torus-rhovol42-sp0.4x0.4x0.4-sym-edge,confirm3,torus,True,0.4x0.4x0.4,1,sym-edge,42,3358740,25627.49374,215270.9475,25601.96405,214959.36,-0.0009961840151,-0.001447419911,42,42,5,True,True,True,
confirm3-0193-torus-rhovol42-sp0.4x0.4x0.4-sym-zcorner,confirm3,torus,True,0.4x0.4x0.4,1,sym-zcorner,42,3365296,25627.49374,215270.9475,25624.09636,215378.944,-0.0001325680447,0.0005016772851,41.54515616,41.54515616,5,True,True,True,
confirm3-0194-torus-rhovol42-sp0.4x0.4x0.4-rand0,confirm3,torus,True,0.4x0.4x0.4,1,rand0,42,3363713,25627.49374,215270.9475,25619.48116,215277.632,-0.0003126558497,3.105177251e-05,41.97618372,41.97618372,5,True,True,True,
confirm3-0195-torus-rhovol42-sp0.4x0.4x0.4-rand1,confirm3,torus,True,0.4x0.4x0.4,1,rand1,42,3363578,25627.49374,215270.9475,25619.57619,215268.992,-0.0003089478048,-9.083694458e-06,42,42,5,True,True,True,
confirm3-0196-sphere-rhovol11-sp0.48x0.4x0.4-sym-centre,confirm3,sphere,True,0.48x0.4x0.4,1.2,sym-centre,11,5575,274.727867,428.1814858,271.6985395,428.16,-0.01102664815,-5.017910896e-05,9.741092797,11.00006314,4,True,False,False,
confirm3-0197-sphere-rhovol11-sp0.48x0.4x0.4-sym-corner,confirm3,sphere,True,0.48x0.4x0.4,1.2,sym-corner,11,5608,274.727867,428.1814858,273.9338819,430.6944,-0.002890078567,0.005868806378,9.007712745,10.17189868,3,True,False,False,
confirm3-0198-sphere-rhovol11-sp0.48x0.4x0.4-sym-face,confirm3,sphere,True,0.48x0.4x0.4,1.2,sym-face,11,5600,274.727867,428.1814858,272.5968625,430.08,-0.007756783544,0.004433900805,9.233092656,10.42640742,4,True,False,False,
confirm3-0199-sphere-rhovol11-sp0.48x0.4x0.4-sym-edge,confirm3,sphere,True,0.48x0.4x0.4,1.2,sym-edge,11,5572,274.727867,428.1814858,271.352139,427.9296,-0.01228753428,-0.0005882686987,9.370461865,10.58153067,4,True,False,False,
confirm3-0200-sphere-rhovol11-sp0.48x0.4x0.4-sym-zcorner,confirm3,sphere,True,0.48x0.4x0.4,1.2,sym-zcorner,11,5596,274.727867,428.1814858,272.0162622,429.7728,-0.009870148656,0.003716448019,9.303523825,10.50594134,4,True,False,False,
confirm3-0201-sphere-rhovol11-sp0.48x0.4x0.4-rand0,confirm3,sphere,True,0.48x0.4x0.4,1.2,rand0,11,5577,274.727867,428.1814858,271.8580516,428.3136,-0.01044602984,0.0003085472842,9.225568335,10.41791063,4,True,False,False,
confirm3-0202-sphere-rhovol11-sp0.48x0.4x0.4-rand1,confirm3,sphere,True,0.48x0.4x0.4,1.2,rand1,11,5580,274.727867,428.1814858,271.733887,428.544,-0.01089798468,0.0008466368739,9.352658564,10.56142641,4,True,False,False,
confirm3-0203-ellipsoid-rhovol11-sp0.48x0.4x0.4-sym-centre,confirm3,ellipsoid,True,0.48x0.4x0.4,1.2,sym-centre,11,15951,598.6773958,1224.599049,594.9196154,1225.0368,-0.006276803532,0.0003574645196,10,11.29243235,4,True,True,False,
confirm3-0204-ellipsoid-rhovol11-sp0.48x0.4x0.4-sym-corner,confirm3,ellipsoid,True,0.48x0.4x0.4,1.2,sym-corner,11,15912,598.6773958,1224.599049,593.7390225,1222.0416,-0.008248805306,-0.002088397252,9.501461876,10.72946154,4,True,False,False,
confirm3-0205-ellipsoid-rhovol11-sp0.48x0.4x0.4-sym-face,confirm3,ellipsoid,True,0.48x0.4x0.4,1.2,sym-face,11,15936,598.6773958,1224.599049,593.9862121,1223.8848,-0.007835912486,-0.0005832515463,9.501461876,10.72946154,4,True,False,False,
confirm3-0206-ellipsoid-rhovol11-sp0.48x0.4x0.4-sym-edge,confirm3,ellipsoid,True,0.48x0.4x0.4,1.2,sym-edge,11,15976,598.6773958,1224.599049,596.03391,1226.9568,-0.004415542968,0.00192532463,9.501461876,10.72946154,4,True,False,False,
confirm3-0207-ellipsoid-rhovol11-sp0.48x0.4x0.4-sym-zcorner,confirm3,ellipsoid,True,0.48x0.4x0.4,1.2,sym-zcorner,11,15966,598.6773958,1224.599049,595.0518757,1226.1888,-0.006055882599,0.001298180586,10,11.29243235,4,True,True,False,
confirm3-0208-ellipsoid-rhovol11-sp0.48x0.4x0.4-rand0,confirm3,ellipsoid,True,0.48x0.4x0.4,1.2,rand0,11,15968,598.6773958,1224.599049,594.9966238,1226.3424,-0.006148172682,0.001423609394,9.759610648,11.0209743,4,True,False,False,
confirm3-0209-ellipsoid-rhovol11-sp0.48x0.4x0.4-rand1,confirm3,ellipsoid,True,0.48x0.4x0.4,1.2,rand1,11,15953,598.6773958,1224.599049,594.90168,1225.1904,-0.006306761928,0.0004828933284,9.78803124,11.05306806,4,True,False,False,
confirm3-0210-capsule-rhovol11-sp0.48x0.4x0.4-sym-centre,confirm3,capsule,True,0.48x0.4x0.4,1.2,sym-centre,11,21469,796.7108144,1648.49872,791.7729623,1648.8192,-0.006197797256,0.0001944070682,9.753916592,11.01454432,4,True,False,False,
confirm3-0211-capsule-rhovol11-sp0.48x0.4x0.4-sym-corner,confirm3,capsule,True,0.48x0.4x0.4,1.2,sym-corner,11,21600,796.7108144,1648.49872,795.819504,1658.88,-0.001118737688,0.006297414536,9.316949906,10.52110265,4,True,False,False,
confirm3-0212-capsule-rhovol11-sp0.48x0.4x0.4-sym-face,confirm3,capsule,True,0.48x0.4x0.4,1.2,sym-face,11,21592,796.7108144,1648.49872,795.7007697,1658.2656,-0.00126776831,0.00592471179,9.316949906,10.52110265,4,True,False,False,
confirm3-0213-capsule-rhovol11-sp0.48x0.4x0.4-sym-edge,confirm3,capsule,True,0.48x0.4x0.4,1.2,sym-edge,11,21564,796.7108144,1648.49872,794.3840673,1656.1152,-0.002920441328,0.004620252178,9.501461876,10.72946154,4,True,False,False,
confirm3-0214-capsule-rhovol11-sp0.48x0.4x0.4-sym-zcorner,confirm3,capsule,True,0.48x0.4x0.4,1.2,sym-zcorner,11,21464,796.7108144,1648.49872,791.9595704,1648.4352,-0.005963574136,-3.853214814e-05,9.753916592,11.01454432,4,True,False,False,
confirm3-0215-capsule-rhovol11-sp0.48x0.4x0.4-rand0,confirm3,capsule,True,0.48x0.4x0.4,1.2,rand0,11,21450,796.7108144,1648.49872,791.1079393,1647.36,-0.007032507898,-0.0006907619539,9.702519719,10.95650475,4,True,False,False,
confirm3-0216-capsule-rhovol11-sp0.48x0.4x0.4-rand1,confirm3,capsule,True,0.48x0.4x0.4,1.2,rand1,11,21470,796.7108144,1648.49872,792.2822137,1648.896,-0.005558605079,0.0002409949115,9.741092797,11.00006314,4,True,False,False,
confirm3-0217-torus-rhovol11-sp0.48x0.4x0.4-sym-centre,confirm3,torus,True,0.48x0.4x0.4,1.2,sym-centre,11,60320,1985.091012,4640.842745,1972.872863,4632.576,-0.006154956885,-0.001781302501,9.889669133,11.16784196,4,True,False,False,
confirm3-0218-torus-rhovol11-sp0.48x0.4x0.4-sym-corner,confirm3,torus,True,0.48x0.4x0.4,1.2,sym-corner,11,60704,1985.091012,4640.842745,1982.912492,4662.0672,-0.001097441182,0.004573405387,9.340770846,10.54800228,4,True,False,False,
confirm3-0219-torus-rhovol11-sp0.48x0.4x0.4-sym-face,confirm3,torus,True,0.48x0.4x0.4,1.2,sym-face,11,60384,1985.091012,4640.842745,1974.557127,4637.4912,-0.005306499781,-0.0007221845198,9.861541462,11.13607898,4,True,False,False,
confirm3-0220-torus-rhovol11-sp0.48x0.4x0.4-sym-edge,confirm3,torus,True,0.48x0.4x0.4,1.2,sym-edge,11,60180,1985.091012,4640.842745,1970.878475,4621.824,-0.00715964042,-0.004098123086,9.748219211,11.00811059,4,True,False,False,
confirm3-0221-torus-rhovol11-sp0.48x0.4x0.4-sym-zcorner,confirm3,torus,True,0.48x0.4x0.4,1.2,sym-zcorner,11,60744,1985.091012,4640.842745,1983.046293,4665.1392,-0.00103003815,0.005235354126,9.340770846,10.54800228,4,True,False,False,
confirm3-0222-torus-rhovol11-sp0.48x0.4x0.4-rand0,confirm3,torus,True,0.48x0.4x0.4,1.2,rand0,11,60432,1985.091012,4640.842745,1976.385217,4641.1776,-0.004385589938,7.215396625e-05,9.759610648,11.0209743,4,True,False,False,
confirm3-0223-torus-rhovol11-sp0.48x0.4x0.4-rand1,confirm3,torus,True,0.48x0.4x0.4,1.2,rand1,11,60386,1985.091012,4640.842745,1976.689829,4637.6448,-0.004232139963,-0.0006890870829,9.753916592,11.01454432,4,True,False,False,
confirm3-0224-sphere-rhovol15-sp0.48x0.4x0.4-sym-centre,confirm3,sphere,True,0.48x0.4x0.4,1.2,sym-centre,15,14123,510.857604,1085.734421,507.7502218,1084.6464,-0.006082677836,-0.001002106095,13.28533026,15.00236931,4,True,True,False,
confirm3-0225-sphere-rhovol15-sp0.48x0.4x0.4-sym-corner,confirm3,sphere,True,0.48x0.4x0.4,1.2,sym-corner,15,14144,510.857604,1085.734421,507.7803424,1086.2592,-0.006023716869,0.0004833400408,12.57090998,14.19561505,4,True,True,False,
confirm3-0226-sphere-rhovol15-sp0.48x0.4x0.4-sym-face,confirm3,sphere,True,0.48x0.4x0.4,1.2,sym-face,15,14156,510.857604,1085.734421,508.8376735,1087.1808,-0.003953999169,0.001332166404,12.72028127,14.36429157,4,True,True,False,
confirm3-0227-sphere-rhovol15-sp0.48x0.4x0.4-sym-edge,confirm3,sphere,True,0.48x0.4x0.4,1.2,sym-edge,15,14128,510.857604,1085.734421,507.7776751,1085.0304,-0.00602893814,-0.0006484284434,12.88194257,14.5468465,4,True,True,False,
confirm3-0228-sphere-rhovol15-sp0.48x0.4x0.4-sym-zcorner,confirm3,sphere,True,0.48x0.4x0.4,1.2,sym-zcorner,15,14154,510.857604,1085.734421,508.2894187,1087.0272,-0.005027203898,0.001190695343,12.86252092,14.52491473,4,True,True,False,
confirm3-0229-sphere-rhovol15-sp0.48x0.4x0.4-rand0,confirm3,sphere,True,0.48x0.4x0.4,1.2,rand0,15,14159,510.857604,1085.734421,508.3173648,1087.4112,-0.004972499483,0.001544372995,12.72028127,14.36429157,4,True,True,False,
confirm3-0230-sphere-rhovol15-sp0.48x0.4x0.4-rand1,confirm3,sphere,True,0.48x0.4x0.4,1.2,rand1,15,14149,510.857604,1085.734421,508.2862516,1086.6432,-0.005033403458,0.0008370176921,12.9034879,14.57117642,4,True,True,False,
confirm3-0231-ellipsoid-rhovol15-sp0.48x0.4x0.4-sym-centre,confirm3,ellipsoid,True,0.48x0.4x0.4,1.2,sym-centre,15,40333,1113.243091,3105.200444,1108.533863,3097.5744,-0.004230189066,-0.002455894371,13.33333333,15.05657646,4,True,True,False,
confirm3-0232-ellipsoid-rhovol15-sp0.48x0.4x0.4-sym-corner,confirm3,ellipsoid,True,0.48x0.4x0.4,1.2,sym-corner,15,40408,1113.243091,3105.200444,1109.270486,3103.3344,-0.003568498016,-0.0006009416539,13.09049698,14.78235515,4,True,True,False,
confirm3-0233-ellipsoid-rhovol15-sp0.48x0.4x0.4-sym-face,confirm3,ellipsoid,True,0.48x0.4x0.4,1.2,sym-face,15,40444,1113.243091,3105.200444,1110.118861,3106.0992,-0.002806422318,0.0002894356501,13.17615692,14.87908606,4,True,True,False,
confirm3-0234-ellipsoid-rhovol15-sp0.48x0.4x0.4-sym-edge,confirm3,ellipsoid,True,0.48x0.4x0.4,1.2,sym-edge,15,40416,1113.243091,3105.200444,1108.942937,3103.9488,-0.003862727178,-0.0004030800308,13.17615692,14.87908606,4,True,True,False,
confirm3-0235-ellipsoid-rhovol15-sp0.48x0.4x0.4-sym-zcorner,confirm3,ellipsoid,True,0.48x0.4x0.4,1.2,sym-zcorner,15,40402,1113.243091,3105.200444,1109.418749,3102.8736,-0.003435316526,-0.0007493378712,13.33333333,15.05657646,4,True,True,False,
confirm3-0236-ellipsoid-rhovol15-sp0.48x0.4x0.4-rand0,confirm3,ellipsoid,True,0.48x0.4x0.4,1.2,rand0,15,40441,1113.243091,3105.200444,1109.816709,3105.8688,-0.003077838087,0.0002152375415,13.32708187,15.04951704,4,True,True,False,
confirm3-0237-ellipsoid-rhovol15-sp0.48x0.4x0.4-rand1,confirm3,ellipsoid,True,0.48x0.4x0.4,1.2,rand1,15,40477,1113.243091,3105.200444,1110.668256,3108.6336,-0.00231291349,0.001105614845,13.33333333,15.05657646,4,True,True,False,
confirm3-0238-capsule-rhovol15-sp0.48x0.4x0.4-sym-centre,confirm3,capsule,True,0.48x0.4x0.4,1.2,sym-centre,15,54149,1481.487052,4180.077521,1473.791983,4158.6432,-0.005194151668,-0.005127732931,13.33333333,15.05657646,4,True,True,False,
confirm3-0239-capsule-rhovol15-sp0.48x0.4x0.4-sym-corner,confirm3,capsule,True,0.48x0.4x0.4,1.2,sym-corner,15,54672,1481.487052,4180.077521,1480.555356,4198.8096,-0.0006288919925,0.004481275466,12.72028127,14.36429157,4,True,True,False,
confirm3-0240-capsule-rhovol15-sp0.48x0.4x0.4-sym-face,confirm3,capsule,True,0.48x0.4x0.4,1.2,sym-face,15,54788,1481.487052,4180.077521,1483.420245,4207.7184,0.001304900288,0.006612527806,12.72028127,14.36429157,4,True,True,False,
confirm3-0241-capsule-rhovol15-sp0.48x0.4x0.4-sym-edge,confirm3,capsule,True,0.48x0.4x0.4,1.2,sym-edge,15,54072,1481.487052,4180.077521,1473.207804,4152.7296,-0.005588471375,-0.006542443537,12.93681225,14.60880771,4,True,True,False,
confirm3-0242-capsule-rhovol15-sp0.48x0.4x0.4-sym-zcorner,confirm3,capsule,True,0.48x0.4x0.4,1.2,sym-zcorner,15,54174,1481.487052,4180.077521,1474.050742,4160.5632,-0.005019489934,-0.004668411306,13.33333333,15.05657646,4,True,True,False,
confirm3-0243-capsule-rhovol15-sp0.48x0.4x0.4-rand0,confirm3,capsule,True,0.48x0.4x0.4,1.2,rand0,15,54434,1481.487052,4180.077521,1478.771129,4180.5312,-0.001833240873,0.0001085335947,13.22980641,14.93966939,4,True,True,False,
confirm3-0244-capsule-rhovol15-sp0.48x0.4x0.4-rand1,confirm3,capsule,True,0.48x0.4x0.4,1.2,rand1,15,54431,1481.487052,4180.077521,1477.806338,4180.3008,-0.002484472335,5.341499971e-05,13.28114788,14.99764639,4,True,True,False,
confirm3-0245-torus-rhovol15-sp0.48x0.4x0.4-sym-centre,confirm3,torus,True,0.48x0.4x0.4,1.2,sym-centre,15,153828,3691.28494,11767.72672,3690.935563,11813.9904,-9.464933427e-05,0.003931403371,13.32187007,15.04363165,4,True,True,False,
confirm3-0246-torus-rhovol15-sp0.48x0.4x0.4-sym-corner,confirm3,torus,True,0.48x0.4x0.4,1.2,sym-corner,15,152752,3691.28494,11767.72672,3678.042085,11731.3536,-0.00358760035,-0.003090921499,12.89271974,14.55901654,4,True,True,False,
confirm3-0247-torus-rhovol15-sp0.48x0.4x0.4-sym-face,confirm3,torus,True,0.48x0.4x0.4,1.2,sym-face,15,153552,3691.28494,11767.72672,3688.075586,11792.7936,-0.0008694408569,0.002130137884,13.31352696,15.03421024,4,True,True,False,
confirm3-0248-torus-rhovol15-sp0.48x0.4x0.4-sym-edge,confirm3,torus,True,0.48x0.4x0.4,1.2,sym-edge,15,153680,3691.28494,11767.72672,3689.906483,11802.624,-0.0003734357646,0.002965507385,13.33958187,15.06363258,4,True,True,False,
confirm3-0249-torus-rhovol15-sp0.48x0.4x0.4-sym-zcorner,confirm3,torus,True,0.48x0.4x0.4,1.2,sym-zcorner,15,152880,3691.28494,11767.72672,3677.845203,11741.184,-0.003640937347,-0.002255551997,12.89271974,14.55901654,4,True,True,False,
confirm3-0250-torus-rhovol15-sp0.48x0.4x0.4-rand0,confirm3,torus,True,0.48x0.4x0.4,1.2,rand0,15,153240,3691.28494,11767.72672,3685.546572,11768.832,-0.001554572026,9.392472476e-05,13.28010207,14.99646542,4,True,True,False,
confirm3-0251-torus-rhovol15-sp0.48x0.4x0.4-rand1,confirm3,torus,True,0.48x0.4x0.4,1.2,rand1,15,153189,3691.28494,11767.72672,3684.794918,11764.9152,-0.001758201478,-0.0002389178109,13.27696418,14.99292197,4,True,True,False,
confirm3-0252-sphere-rhovol20-sp0.48x0.4x0.4-sym-centre,confirm3,sphere,True,0.48x0.4x0.4,1.2,sym-centre,20,33531,908.191296,2573.592702,905.9702649,2575.1808,-0.002445554246,0.0006170744027,17.71377367,20.00315908,4,True,True,False,
confirm3-0253-sphere-rhovol20-sp0.48x0.4x0.4-sym-corner,confirm3,sphere,True,0.48x0.4x0.4,1.2,sym-corner,20,33568,908.191296,2573.592702,906.6223954,2578.0224,-0.00172750021,0.00172121182,16.98365227,19.17867443,4,True,True,False,
confirm3-0254-sphere-rhovol20-sp0.48x0.4x0.4-sym-face,confirm3,sphere,True,0.48x0.4x0.4,1.2,sym-face,20,33428,908.191296,2573.592702,903.92548,2567.2704,-0.004697045758,-0.002456605436,17.12778769,19.34143837,4,True,True,False,
confirm3-0255-sphere-rhovol20-sp0.48x0.4x0.4-sym-edge,confirm3,sphere,True,0.48x0.4x0.4,1.2,sym-edge,20,33530,908.191296,2573.592702,906.0507847,2575.104,-0.002356894756,0.0005872328509,17.32130993,19.55997206,4,True,True,False,
confirm3-0256-sphere-rhovol20-sp0.48x0.4x0.4-sym-zcorner,confirm3,sphere,True,0.48x0.4x0.4,1.2,sym-zcorner,20,33548,908.191296,2573.592702,906.8228828,2576.4864,-0.00150674557,0.001124380784,17.26348104,19.49466918,4,True,True,False,
confirm3-0257-sphere-rhovol20-sp0.48x0.4x0.4-rand0,confirm3,sphere,True,0.48x0.4x0.4,1.2,rand0,20,33497,908.191296,2573.592702,905.6813841,2572.5696,-0.002763637965,-0.0003975383595,17.24013405,19.46830475,4,True,True,False,
confirm3-0258-sphere-rhovol20-sp0.48x0.4x0.4-rand1,confirm3,sphere,True,0.48x0.4x0.4,1.2,rand1,20,33513,908.191296,2573.592702,905.6775495,2573.7984,-0.002767860181,7.992646975e-05,17.27313264,19.50556817,4,True,True,False,
confirm3-0259-ellipsoid-rhovol20-sp0.48x0.4x0.4-sym-centre,confirm3,ellipsoid,True,0.48x0.4x0.4,1.2,sym-centre,20,95841,1979.098829,7360.475127,1975.927657,7360.5888,-0.001602331364,1.544367594e-05,17.98919429,20.31417595,4,True,True,False,
confirm3-0260-ellipsoid-rhovol20-sp0.48x0.4x0.4-sym-corner,confirm3,ellipsoid,True,0.48x0.4x0.4,1.2,sym-corner,20,95808,1979.098829,7360.475127,1976.509961,7358.0544,-0.001308104316,-0.0003288819221,17.5,19.76175661,4,True,True,False,
confirm3-0261-ellipsoid-rhovol20-sp0.48x0.4x0.4-sym-face,confirm3,ellipsoid,True,0.48x0.4x0.4,1.2,sym-face,20,95904,1979.098829,7360.475127,1976.819555,7365.4272,-0.001151672463,0.0006727925449,17.5,19.76175661,4,True,True,False,
confirm3-0262-ellipsoid-rhovol20-sp0.48x0.4x0.4-sym-edge,confirm3,ellipsoid,True,0.48x0.4x0.4,1.2,sym-edge,20,95858,1979.098829,7360.475127,1976.35687,7361.8944,-0.00138545814,0.0001928235295,17.5,19.76175661,4,True,True,False,
confirm3-0263-ellipsoid-rhovol20-sp0.48x0.4x0.4-sym-zcorner,confirm3,ellipsoid,True,0.48x0.4x0.4,1.2,sym-zcorner,20,95922,1979.098829,7360.475127,1977.978874,7366.8096,-0.0005658913558,0.0008606065075,17.92654766,20.24343267,4,True,True,False,
confirm3-0264-ellipsoid-rhovol20-sp0.48x0.4x0.4-rand0,confirm3,ellipsoid,True,0.48x0.4x0.4,1.2,rand0,20,95799,1979.098829,7360.475127,1975.039425,7357.3632,-0.002051137334,-0.0004227889034,17.74902188,20.04296288,4,True,True,False,
confirm3-0265-ellipsoid-rhovol20-sp0.48x0.4x0.4-rand1,confirm3,ellipsoid,True,0.48x0.4x0.4,1.2,rand1,20,95843,1979.098829,7360.475127,1976.667434,7360.7424,-0.001228536214,3.6311894e-05,17.7043623,19.99253135,4,True,True,False,
confirm3-0266-capsule-rhovol20-sp0.48x0.4x0.4-sym-centre,confirm3,capsule,True,0.48x0.4x0.4,1.2,sym-centre,20,129495,2633.754758,9908.331902,2635.757404,9945.216,0.0007603765291,0.003722533556,17.71690969,20.0067004,4,True,True,False,
confirm3-0267-capsule-rhovol20-sp0.48x0.4x0.4-sym-corner,confirm3,capsule,True,0.48x0.4x0.4,1.2,sym-corner,20,128512,2633.754758,9908.331902,2629.379028,9869.7216,-0.001661403834,-0.003896750976,17.15938357,19.37711781,4,True,True,False,
confirm3-0268-capsule-rhovol20-sp0.48x0.4x0.4-sym-face,confirm3,capsule,True,0.48x0.4x0.4,1.2,sym-face,20,128500,2633.754758,9908.331902,2628.919564,9868.8,-0.001835855946,-0.003989763605,17.15938357,19.37711781,4,True,True,False,
confirm3-0269-capsule-rhovol20-sp0.48x0.4x0.4-sym-edge,confirm3,capsule,True,0.48x0.4x0.4,1.2,sym-edge,20,129258,2633.754758,9908.331902,2633.136178,9927.0144,-0.0002348662801,0.001885534132,17.40051085,19.64940915,4,True,True,False,
confirm3-0270-capsule-rhovol20-sp0.48x0.4x0.4-sym-zcorner,confirm3,capsule,True,0.48x0.4x0.4,1.2,sym-zcorner,20,129382,2633.754758,9908.331902,2633.38457,9936.5376,-0.0001405553558,0.002846664632,17.71690969,20.0067004,4,True,True,False,
confirm3-0271-capsule-rhovol20-sp0.48x0.4x0.4-rand0,confirm3,capsule,True,0.48x0.4x0.4,1.2,rand0,20,129069,2633.754758,9908.331902,2631.518346,9912.4992,-0.0008491347896,0.0004205852238,17.59892673,19.87346895,4,True,True,False,
confirm3-0272-capsule-rhovol20-sp0.48x0.4x0.4-rand1,confirm3,capsule,True,0.48x0.4x0.4,1.2,rand1,20,129015,2633.754758,9908.331902,2630.80761,9908.352,-0.001118991228,2.0283929e-06,17.643066,19.92331292,4,True,True,False,
confirm3-0273-torus-rhovol20-sp0.48x0.4x0.4-sym-centre,confirm3,torus,True,0.48x0.4x0.4,1.2,sym-centre,20,362860,6562.284338,27893.87074,6551.883321,27867.648,-0.001584968953,-0.0009400897701,17.72161267,20.01201121,4,True,True,False,
confirm3-0274-torus-rhovol20-sp0.48x0.4x0.4-sym-corner,confirm3,torus,True,0.48x0.4x0.4,1.2,sym-corner,20,363768,6562.284338,27893.87074,6567.805548,27937.3824,0.000841354883,0.001559900305,17.28518955,19.51918336,4,True,True,False,
confirm3-0275-torus-rhovol20-sp0.48x0.4x0.4-sym-face,confirm3,torus,True,0.48x0.4x0.4,1.2,sym-face,20,362768,6562.284338,27893.87074,6550.44742,27860.5824,-0.001803780187,-0.001193392729,17.73962921,20.03235627,4,True,True,False,
confirm3-0276-torus-rhovol20-sp0.48x0.4x0.4-sym-edge,confirm3,torus,True,0.48x0.4x0.4,1.2,sym-edge,20,363048,6562.284338,27893.87074,6552.78853,27882.0864,-0.001447027912,-0.0004224706798,17.72161267,20.01201121,4,True,True,False,
confirm3-0277-torus-rhovol20-sp0.48x0.4x0.4-sym-zcorner,confirm3,torus,True,0.48x0.4x0.4,1.2,sym-zcorner,20,363984,6562.284338,27893.87074,6569.226608,27953.9712,0.001057904465,0.0021546116,17.32371528,19.56268828,4,True,True,False,
confirm3-0278-torus-rhovol20-sp0.48x0.4x0.4-rand0,confirm3,torus,True,0.48x0.4x0.4,1.2,rand0,20,363285,6562.284338,27893.87074,6557.148357,27900.288,-0.000782651467,0.0002300597692,17.7043623,19.99253135,4,True,True,False,
confirm3-0279-torus-rhovol20-sp0.48x0.4x0.4-rand1,confirm3,torus,True,0.48x0.4x0.4,1.2,rand1,20,363169,6562.284338,27893.87074,6559.570722,27891.3792,-0.0004135170406,-8.932222271e-05,17.70593121,19.99430303,4,True,True,False,
confirm3-0280-sphere-rhovol27-sp0.48x0.4x0.4-sym-centre,confirm3,sphere,True,0.48x0.4x0.4,1.2,sym-centre,27,82431,1655.178637,6332.003144,1650.413455,6330.7008,-0.002878953605,-0.0002056764207,23.91013267,27.00035556,5,True,True,False,
confirm3-0281-sphere-rhovol27-sp0.48x0.4x0.4-sym-corner,confirm3,sphere,True,0.48x0.4x0.4,1.2,sym-corner,27,82592,1655.178637,6332.003144,1652.442814,6343.0656,-0.001652887008,0.001747070557,23.15647258,26.14929,5,True,True,False,
confirm3-0282-sphere-rhovol27-sp0.48x0.4x0.4-sym-face,confirm3,sphere,True,0.48x0.4x0.4,1.2,sym-face,27,82400,1655.178637,6332.003144,1649.691996,6328.32,-0.003314832865,-0.0005816711803,23.33392856,26.34968097,5,True,True,False,
confirm3-0283-sphere-rhovol27-sp0.48x0.4x0.4-sym-edge,confirm3,sphere,True,0.48x0.4x0.4,1.2,sym-edge,27,82458,1655.178637,6332.003144,1650.66724,6332.7744,-0.002725625492,0.0001218028861,23.52362878,26.56389866,5,True,True,False,
confirm3-0284-sphere-rhovol27-sp0.48x0.4x0.4-sym-zcorner,confirm3,sphere,True,0.48x0.4x0.4,1.2,sym-zcorner,27,82464,1655.178637,6332.003144,1650.201844,6333.2352,-0.003006800895,0.0001945760654,23.43371266,26.46236148,5,True,True,False,
confirm3-0285-sphere-rhovol27-sp0.48x0.4x0.4-rand0,confirm3,sphere,True,0.48x0.4x0.4,1.2,rand0,27,82433,1655.178637,6332.003144,1650.327965,6330.8544,-0.002930603124,-0.0001814186942,23.48167134,26.5165185,5,True,True,False,
confirm3-0286-sphere-rhovol27-sp0.48x0.4x0.4-rand1,confirm3,sphere,True,0.48x0.4x0.4,1.2,rand1,27,82459,1655.178637,6332.003144,1650.462388,6332.8512,-0.002849389718,0.0001339317493,23.40524633,26.43021607,5,True,True,False,
confirm3-0287-ellipsoid-rhovol27-sp0.48x0.4x0.4-sym-centre,confirm3,ellipsoid,True,0.48x0.4x0.4,1.2,sym-centre,27,235751,3606.907616,18109.52899,3601.01533,18105.6768,-0.001633611402,-0.0002127162504,24.16666667,27.29004484,5,True,True,False,
confirm3-0288-ellipsoid-rhovol27-sp0.48x0.4x0.4-sym-corner,confirm3,ellipsoid,True,0.48x0.4x0.4,1.2,sym-corner,27,235744,3606.907616,18109.52899,3601.068194,18105.1392,-0.001618955147,-0.0002424022792,23.57022604,26.61651829,5,True,True,False,
confirm3-0289-ellipsoid-rhovol27-sp0.48x0.4x0.4-sym-face,confirm3,ellipsoid,True,0.48x0.4x0.4,1.2,sym-face,27,235780,3606.907616,18109.52899,3601.67798,18107.904,-0.00144989448,-8.973127372e-05,23.57022604,26.61651829,5,True,True,False,
confirm3-0290-ellipsoid-rhovol27-sp0.48x0.4x0.4-sym-edge,confirm3,ellipsoid,True,0.48x0.4x0.4,1.2,sym-edge,27,235874,3606.907616,18109.52899,3602.694917,18115.1232,-0.001167953198,0.0003089096851,23.70243776,26.76581748,5,True,True,False,
confirm3-0291-ellipsoid-rhovol27-sp0.48x0.4x0.4-sym-zcorner,confirm3,ellipsoid,True,0.48x0.4x0.4,1.2,sym-zcorner,27,235738,3606.907616,18109.52899,3600.585236,18104.6784,-0.001752853272,-0.0002678474468,24.16666667,27.29004484,5,True,True,False,
confirm3-0292-ellipsoid-rhovol27-sp0.48x0.4x0.4-rand0,confirm3,ellipsoid,True,0.48x0.4x0.4,1.2,rand0,27,235786,3606.907616,18109.52899,3601.073444,18108.3648,-0.001617499586,-6.428610614e-05,23.94670007,27.04164905,5,True,True,False,
confirm3-0293-ellipsoid-rhovol27-sp0.48x0.4x0.4-rand1,confirm3,ellipsoid,True,0.48x0.4x0.4,1.2,rand1,27,235821,3606.907616,18109.52899,3601.916478,18111.0528,-0.001383771937,8.414403809e-05,23.93335655,27.02658096,5,True,True,False,
confirm3-0294-capsule-rhovol27-sp0.48x0.4x0.4-sym-centre,confirm3,capsule,True,0.48x0.4x0.4,1.2,sym-centre,27,318195,4800.018047,24378.2121,4797.637375,24437.376,-0.0004959714656,0.002426916968,23.99363341,27.09464821,5,True,True,False,
confirm3-0295-capsule-rhovol27-sp0.48x0.4x0.4-sym-corner,confirm3,capsule,True,0.48x0.4x0.4,1.2,sym-corner,27,317216,4800.018047,24378.2121,4791.932123,24362.1888,-0.001684561272,-0.0006572796783,23.34820954,26.36580767,5,True,True,False,
confirm3-0296-capsule-rhovol27-sp0.48x0.4x0.4-sym-face,confirm3,capsule,True,0.48x0.4x0.4,1.2,sym-face,27,317312,4800.018047,24378.2121,4793.724771,24369.5616,-0.001311094324,-0.0003548456864,23.34820954,26.36580767,5,True,True,False,
confirm3-0297-capsule-rhovol27-sp0.48x0.4x0.4-sym-edge,confirm3,capsule,True,0.48x0.4x0.4,1.2,sym-edge,27,317334,4800.018047,24378.2121,4794.244056,24371.2512,-0.001202910318,-0.0002855378966,23.52599036,26.56656545,5,True,True,False,
confirm3-0298-capsule-rhovol27-sp0.48x0.4x0.4-sym-zcorner,confirm3,capsule,True,0.48x0.4x0.4,1.2,sym-zcorner,27,318050,4800.018047,24378.2121,4796.198305,24426.24,-0.0007957767581,0.001970115626,23.99363341,27.09464821,5,True,True,False,
confirm3-0299-capsule-rhovol27-sp0.48x0.4x0.4-rand0,confirm3,capsule,True,0.48x0.4x0.4,1.2,rand0,27,317434,4800.018047,24378.2121,4793.608636,24378.9312,-0.001335288929,2.949751152e-05,23.91013267,27.00035556,5,True,True,False,
confirm3-0300-capsule-rhovol27-sp0.48x0.4x0.4-rand1,confirm3,capsule,True,0.48x0.4x0.4,1.2,rand1,27,317455,4800.018047,24378.2121,4793.511307,24380.544,-0.001355565718,9.565494723e-05,23.91768291,27.00888161,5,True,True,False,
confirm3-0301-torus-rhovol27-sp0.48x0.4x0.4-sym-centre,confirm3,torus,True,0.48x0.4x0.4,1.2,sym-centre,27,891804,11959.76321,68629.38223,11935.09936,68490.5472,-0.00206223517,-0.002022967768,23.94670007,27.04164905,5,True,True,False,
confirm3-0302-torus-rhovol27-sp0.48x0.4x0.4-sym-corner,confirm3,torus,True,0.48x0.4x0.4,1.2,sym-corner,27,894888,11959.76321,68629.38223,11955.02409,68727.3984,-0.0003962553882,0.001428195456,23.50768196,26.54589082,5,True,True,False,
confirm3-0303-torus-rhovol27-sp0.48x0.4x0.4-sym-face,confirm3,torus,True,0.48x0.4x0.4,1.2,sym-face,27,891636,11959.76321,68629.38223,11933.98891,68477.6448,-0.002155084363,-0.002210968877,23.92116682,27.0128158,5,True,True,False,
confirm3-0304-torus-rhovol27-sp0.48x0.4x0.4-sym-edge,confirm3,torus,True,0.48x0.4x0.4,1.2,sym-edge,27,891420,11959.76321,68629.38223,11932.0222,68461.056,-0.002319528289,-0.002452684589,23.93799862,27.03182299,5,True,True,False,
confirm3-0305-torus-rhovol27-sp0.48x0.4x0.4-sym-zcorner,confirm3,torus,True,0.48x0.4x0.4,1.2,sym-zcorner,27,894752,11959.76321,68629.38223,11952.91188,68716.9536,-0.0005728643703,0.001276004082,23.52539998,26.56589878,5,True,True,False,
confirm3-0306-torus-rhovol27-sp0.48x0.4x0.4-rand0,confirm3,torus,True,0.48x0.4x0.4,1.2,rand0,27,893610,11959.76321,68629.38223,11947.45934,68629.248,-0.001028771612,-1.955841065e-06,23.92465024,27.01674942,5,True,True,False,
confirm3-0307-torus-rhovol27-sp0.48x0.4x0.4-rand1,confirm3,torus,True,0.48x0.4x0.4,1.2,rand1,27,893602,11959.76321,68629.38223,11950.60656,68628.6336,-0.0007656210308,-1.090827485e-05,23.87525451,26.96096963,5,True,True,False,
confirm3-0308-sphere-rhovol33-sp0.48x0.4x0.4-sym-centre,confirm3,sphere,True,0.48x0.4x0.4,1.2,sym-centre,33,150575,2472.550803,11560.90012,2468.878139,11564.16,-0.00148537488,0.0002819749588,29.22327839,33.00018942,5,True,True,False,
confirm3-0309-sphere-rhovol33-sp0.48x0.4x0.4-sym-corner,confirm3,sphere,True,0.48x0.4x0.4,1.2,sym-corner,33,150648,2472.550803,11560.90012,2469.010657,11569.7664,-0.00143177917,0.0007669198976,28.47806173,32.15865855,5,True,True,False,
confirm3-0310-sphere-rhovol33-sp0.48x0.4x0.4-sym-face,confirm3,sphere,True,0.48x0.4x0.4,1.2,sym-face,33,150660,2472.550803,11560.90012,2469.735723,11570.688,-0.001138532716,0.0008466368739,28.6618213,32.36616779,5,True,True,False,
confirm3-0311-sphere-rhovol33-sp0.48x0.4x0.4-sym-edge,confirm3,sphere,True,0.48x0.4x0.4,1.2,sym-edge,33,150458,2472.550803,11560.90012,2468.027481,11555.1744,-0.001829415485,-0.0004952655597,28.81936078,32.54406818,5,True,True,False,
confirm3-0312-sphere-rhovol33-sp0.48x0.4x0.4-sym-zcorner,confirm3,sphere,True,0.48x0.4x0.4,1.2,sym-zcorner,33,150450,2472.550803,11560.90012,2467.732562,11554.56,-0.001948692727,-0.0005484102105,28.74649737,32.46178768,5,True,True,False,
confirm3-0313-sphere-rhovol33-sp0.48x0.4x0.4-rand0,confirm3,sphere,True,0.48x0.4x0.4,1.2,rand0,33,150485,2472.550803,11560.90012,2467.9545,11557.248,-0.001858932016,-0.0003159023631,28.83092475,32.55712673,5,True,True,False,
confirm3-0314-sphere-rhovol33-sp0.48x0.4x0.4-rand1,confirm3,sphere,True,0.48x0.4x0.4,1.2,rand1,33,150493,2472.550803,11560.90012,2468.049259,11557.8624,-0.001820607593,-0.0002627577123,28.96789411,32.71179844,5,True,True,False,
confirm3-0315-ellipsoid-rhovol33-sp0.48x0.4x0.4-sym-centre,confirm3,ellipsoid,True,0.48x0.4x0.4,1.2,sym-centre,33,430609,5388.096562,33064.17433,5384.809238,33070.7712,-0.0006101085351,0.0001995171308,29.27361345,33.05702994,5,True,True,False,
confirm3-0316-ellipsoid-rhovol33-sp0.48x0.4x0.4-sym-corner,confirm3,ellipsoid,True,0.48x0.4x0.4,1.2,sym-corner,33,430384,5388.096562,33064.17433,5382.153991,33053.4912,-0.001102907225,-0.0003231029059,29.10708199,32.86897542,5,True,True,False,
confirm3-0317-ellipsoid-rhovol33-sp0.48x0.4x0.4-sym-face,confirm3,ellipsoid,True,0.48x0.4x0.4,1.2,sym-face,33,430460,5388.096562,33064.17433,5383.747659,33059.328,-0.000807131669,-0.0001465734713,29.10708199,32.86897542,5,True,True,False,
confirm3-0318-ellipsoid-rhovol33-sp0.48x0.4x0.4-sym-edge,confirm3,ellipsoid,True,0.48x0.4x0.4,1.2,sym-edge,33,430610,5388.096562,33064.17433,5384.159427,33070.848,-0.0007307098603,0.0002018398865,29.16666667,32.93626101,5,True,True,False,
confirm3-0319-ellipsoid-rhovol33-sp0.48x0.4x0.4-sym-zcorner,confirm3,ellipsoid,True,0.48x0.4x0.4,1.2,sym-zcorner,33,430628,5388.096562,33064.17433,5384.479369,33072.2304,-0.0006713303702,0.0002436494894,29.27361345,33.05702994,5,True,True,False,
confirm3-0320-ellipsoid-rhovol33-sp0.48x0.4x0.4-rand0,confirm3,ellipsoid,True,0.48x0.4x0.4,1.2,rand0,33,430492,5388.096562,33064.17433,5382.312132,33061.7856,-0.001073557199,-7.224528828e-05,29.23848301,33.01735913,5,True,True,False,
confirm3-0321-ellipsoid-rhovol33-sp0.48x0.4x0.4-rand1,confirm3,ellipsoid,True,0.48x0.4x0.4,1.2,rand1,33,430568,5388.096562,33064.17433,5382.714146,33067.6224,-0.0009989457367,0.0001042841463,29.22327839,33.00018942,5,True,True,False,
confirm3-0322-capsule-rhovol33-sp0.48x0.4x0.4-sym-centre,confirm3,capsule,True,0.48x0.4x0.4,1.2,sym-centre,33,580101,7170.39733,44509.46545,7172.212428,44551.7568,0.0002531377543,0.0009501654145,29.26174978,33.04363297,5,True,True,False,
confirm3-0323-capsule-rhovol33-sp0.48x0.4x0.4-sym-corner,confirm3,capsule,True,0.48x0.4x0.4,1.2,sym-corner,33,578432,7170.39733,44509.46545,7156.493089,44423.5776,-0.001939117261,-0.00192965349,28.67441756,32.38039203,5,True,True,False,
confirm3-0324-capsule-rhovol33-sp0.48x0.4x0.4-sym-face,confirm3,capsule,True,0.48x0.4x0.4,1.2,sym-face,33,578292,7170.39733,44509.46545,7154.329502,44412.8256,-0.002240856082,-0.002171220084,28.67441756,32.38039203,5,True,True,False,
confirm3-0325-capsule-rhovol33-sp0.48x0.4x0.4-sym-edge,confirm3,capsule,True,0.48x0.4x0.4,1.2,sym-edge,33,579906,7170.39733,44509.46545,7172.754703,44536.7808,0.0003287646067,0.0006136976576,28.89155971,32.62559834,5,True,True,False,
confirm3-0326-capsule-rhovol33-sp0.48x0.4x0.4-sym-zcorner,confirm3,capsule,True,0.48x0.4x0.4,1.2,sym-zcorner,33,580226,7170.39733,44509.46545,7173.291294,44561.3568,0.0004035987849,0.001165849874,29.26174978,33.04363297,5,True,True,False,
confirm3-0327-capsule-rhovol33-sp0.48x0.4x0.4-rand0,confirm3,capsule,True,0.48x0.4x0.4,1.2,rand0,33,579583,7170.39733,44509.46545,7162.968323,44511.9744,-0.001036066251,5.636901406e-05,29.178569,32.94970164,5,True,True,False,
confirm3-0328-capsule-rhovol33-sp0.48x0.4x0.4-rand1,confirm3,capsule,True,0.48x0.4x0.4,1.2,rand1,33,579567,7170.39733,44509.46545,7164.042839,44510.7456,-0.000886211774,2.876140324e-05,29.21234518,32.98784317,5,True,True,False,
confirm3-0329-torus-rhovol33-sp0.48x0.4x0.4-sym-centre,confirm3,torus,True,0.48x0.4x0.4,1.2,sym-centre,33,1633076,17865.81911,125302.7541,17871.30111,125420.2368,0.0003068429492,0.0009375906501,29.23848301,33.01735913,5,True,True,False,
confirm3-0330-torus-rhovol33-sp0.48x0.4x0.4-sym-corner,confirm3,torus,True,0.48x0.4x0.4,1.2,sym-corner,33,1630552,17865.81911,125302.7541,17848.54373,125226.3936,-0.0009669517847,-0.0006094080681,28.7947719,32.51630136,5,True,True,False,
confirm3-0331-torus-rhovol33-sp0.48x0.4x0.4-sym-face,confirm3,torus,True,0.48x0.4x0.4,1.2,sym-face,33,1633448,17865.81911,125302.7541,17872.89939,125448.8064,0.0003963028145,0.001165595216,29.23848301,33.01735913,5,True,True,False,
confirm3-0332-torus-rhovol33-sp0.48x0.4x0.4-sym-edge,confirm3,torus,True,0.48x0.4x0.4,1.2,sym-edge,33,1633116,17865.81911,125302.7541,17872.16318,125423.3088,0.0003550950864,0.0009621072701,29.23848301,33.01735913,5,True,True,False,
confirm3-0333-torus-rhovol33-sp0.48x0.4x0.4-sym-zcorner,confirm3,torus,True,0.48x0.4x0.4,1.2,sym-zcorner,33,1630896,17865.81911,125302.7541,17847.31994,125252.8128,-0.001035450262,-0.0003985651366,28.7947719,32.51630136,5,True,True,False,
confirm3-0334-torus-rhovol33-sp0.48x0.4x0.4-rand0,confirm3,torus,True,0.48x0.4x0.4,1.2,rand0,33,1631590,17865.81911,125302.7541,17858.91862,125306.112,-0.0003862400175,2.679821936e-05,29.2142469,32.98999067,5,True,True,False,
confirm3-0335-torus-rhovol33-sp0.48x0.4x0.4-rand1,confirm3,torus,True,0.48x0.4x0.4,1.2,rand1,33,1631442,17865.81911,125302.7541,17856.44542,125294.7456,-0.0005246717749,-6.391327442e-05,29.23278221,33.01092154,5,True,True,False,
confirm3-0336-sphere-rhovol37-sp0.48x0.4x0.4-sym-centre,confirm3,sphere,True,0.48x0.4x0.4,1.2,sym-centre,37,212209,3108.284711,16295.02389,3104.613481,16297.6512,-0.001181111215,0.0001612338436,32.76600542,37.00078995,5,True,True,True,
confirm3-0337-sphere-rhovol37-sp0.48x0.4x0.4-sym-corner,confirm3,sphere,True,0.48x0.4x0.4,1.2,sym-corner,37,212208,3108.284711,16295.02389,3104.742618,16297.5744,-0.001139564927,0.0001565207484,32.01562119,36.15342363,5,True,True,True,
confirm3-0338-sphere-rhovol37-sp0.48x0.4x0.4-sym-face,confirm3,sphere,True,0.48x0.4x0.4,1.2,sym-face,37,212208,3108.284711,16295.02389,3104.452928,16297.5744,-0.001232764365,0.0001565207484,32.18263852,36.34202682,5,True,True,True,
confirm3-0339-sphere-rhovol37-sp0.48x0.4x0.4-sym-edge,confirm3,sphere,True,0.48x0.4x0.4,1.2,sym-edge,37,212074,3108.284711,16295.02389,3103.297949,16287.2832,-0.001604345176,-0.0004750340176,32.36081306,36.54322922,5,True,True,True,
confirm3-0340-sphere-rhovol37-sp0.48x0.4x0.4-sym-zcorner,confirm3,sphere,True,0.48x0.4x0.4,1.2,sym-zcorner,37,212018,3108.284711,16295.02389,3103.073879,16282.9824,-0.001676433179,-0.0007389673527,32.27012722,36.44082285,5,True,True,True,
confirm3-0341-sphere-rhovol37-sp0.48x0.4x0.4-rand0,confirm3,sphere,True,0.48x0.4x0.4,1.2,rand0,37,212197,3108.284711,16295.02389,3104.863287,16296.7296,-0.001100743241,0.0001046767004,32.32817828,36.50637662,5,True,True,True,
confirm3-0342-sphere-rhovol37-sp0.48x0.4x0.4-rand1,confirm3,sphere,True,0.48x0.4x0.4,1.2,rand1,37,212117,3108.284711,16295.02389,3103.851315,16290.5856,-0.001426315789,-0.0002723709211,32.05940666,36.20286808,5,True,True,True,
confirm3-0343-ellipsoid-rhovol37-sp0.48x0.4x0.4-sym-centre,confirm3,ellipsoid,True,0.48x0.4x0.4,1.2,sym-centre,37,606901,6773.465742,46603.76833,6770.821341,46609.9968,-0.0003904059586,0.0001336474049,33.01935459,37.28688279,5,True,True,True,
confirm3-0344-ellipsoid-rhovol37-sp0.48x0.4x0.4-sym-corner,confirm3,ellipsoid,True,0.48x0.4x0.4,1.2,sym-corner,37,606848,6773.465742,46603.76833,6770.405491,46605.9264,-0.0004517999795,4.630682825e-05,32.5,36.70040513,5,True,True,True,
confirm3-0345-ellipsoid-rhovol37-sp0.48x0.4x0.4-sym-face,confirm3,ellipsoid,True,0.48x0.4x0.4,1.2,sym-face,37,606852,6773.465742,46603.76833,6769.136874,46606.2336,-0.0006390920808,5.289856988e-05,32.5,36.70040513,5,True,True,True,
confirm3-0346-ellipsoid-rhovol37-sp0.48x0.4x0.4-sym-edge,confirm3,ellipsoid,True,0.48x0.4x0.4,1.2,sym-edge,37,606662,6773.465742,46603.76833,6769.002617,46591.6416,-0.0006589131199,-0.0002602091577,32.5,36.70040513,5,True,True,True,
confirm3-0347-ellipsoid-rhovol37-sp0.48x0.4x0.4-sym-zcorner,confirm3,ellipsoid,True,0.48x0.4x0.4,1.2,sym-zcorner,37,606860,6773.465742,46603.76833,6770.415242,46606.848,-0.0004503603232,6.608205315e-05,33.01893396,37.28640779,5,True,True,True,
confirm3-0348-ellipsoid-rhovol37-sp0.48x0.4x0.4-rand0,confirm3,ellipsoid,True,0.48x0.4x0.4,1.2,rand0,37,606892,6773.465742,46603.76833,6770.00204,46609.3056,-0.0005113633217,0.0001188159862,32.83629428,37.08016317,5,True,True,True,
confirm3-0349-ellipsoid-rhovol37-sp0.48x0.4x0.4-rand1,confirm3,ellipsoid,True,0.48x0.4x0.4,1.2,rand1,37,606765,6773.465742,46603.76833,6768.219165,46599.552,-0.0007745779317,-9.047181066e-05,32.75498266,36.98834257,5,True,True,True,
confirm3-0350-capsule-rhovol37-sp0.48x0.4x0.4-sym-centre,confirm3,capsule,True,0.48x0.4x0.4,1.2,sym-centre,37,816799,9014.025661,62735.84198,9011.393792,62730.1632,-0.0002919748977,-9.051889453e-05,32.76600542,37.00078995,5,True,True,True,
confirm3-0351-capsule-rhovol37-sp0.48x0.4x0.4-sym-corner,confirm3,capsule,True,0.48x0.4x0.4,1.2,sym-corner,37,817976,9014.025661,62735.84198,9011.249267,62820.5568,-0.0003080081795,0.001350341659,32.36081306,36.54322922,5,True,True,True,
confirm3-0352-capsule-rhovol37-sp0.48x0.4x0.4-sym-face,confirm3,capsule,True,0.48x0.4x0.4,1.2,sym-face,37,817744,9014.025661,62735.84198,9008.703395,62802.7392,-0.0005904426953,0.001066331762,32.36081306,36.54322922,5,True,True,True,
confirm3-0353-capsule-rhovol37-sp0.48x0.4x0.4-sym-edge,confirm3,capsule,True,0.48x0.4x0.4,1.2,sym-edge,37,816038,9014.025661,62735.84198,9006.021037,62671.7184,-0.0008880187658,-0.001022120323,32.36081306,36.54322922,5,True,True,True,
confirm3-0354-capsule-rhovol37-sp0.48x0.4x0.4-sym-zcorner,confirm3,capsule,True,0.48x0.4x0.4,1.2,sym-zcorner,37,816934,9014.025661,62735.84198,9012.403193,62740.5312,-0.0001799937519,7.474548501e-05,32.76600542,37.00078995,5,True,True,True,
confirm3-0355-capsule-rhovol37-sp0.48x0.4x0.4-rand0,confirm3,capsule,True,0.48x0.4x0.4,1.2,rand0,37,816933,9014.025661,62735.84198,9011.339622,62740.4544,-0.000297984358,7.352130442e-05,32.72316543,36.95241317,5,True,True,True,
confirm3-0356-capsule-rhovol37-sp0.48x0.4x0.4-rand1,confirm3,capsule,True,0.48x0.4x0.4,1.2,rand1,37,816855,9014.025661,62735.84198,9012.386587,62734.464,-0.0001818359553,-2.196478154e-05,32.55593477,36.76356909,5,True,True,True,
confirm3-0357-torus-rhovol37-sp0.48x0.4x0.4-sym-centre,confirm3,torus,True,0.48x0.4x0.4,1.2,sym-centre,37,2298236,22459.41815,176613.5293,22440.9235,176504.5248,-0.0008234694967,-0.0006171924688,32.79778109,37.03667241,5,True,True,True,
confirm3-0358-torus-rhovol37-sp0.48x0.4x0.4-sym-corner,confirm3,torus,True,0.48x0.4x0.4,1.2,sym-corner,37,2301920,22459.41815,176613.5293,22468.09902,176787.456,0.0003865134686,0.0009847867287,32.2808853,36.45297133,5,True,True,True,
confirm3-0359-torus-rhovol37-sp0.48x0.4x0.4-sym-face,confirm3,torus,True,0.48x0.4x0.4,1.2,sym-face,37,2298968,22459.41815,176613.5293,22443.90766,176560.7424,-0.0006906004646,-0.0002988838986,32.78253261,37.01945317,5,True,True,True,
confirm3-0360-torus-rhovol37-sp0.48x0.4x0.4-sym-edge,confirm3,torus,True,0.48x0.4x0.4,1.2,sym-edge,37,2298418,22459.41815,176613.5293,22440.94813,176518.5024,-0.0008223728083,-0.0005380501741,32.7677009,37.00270456,5,True,True,True,
confirm3-0361-torus-rhovol37-sp0.48x0.4x0.4-sym-zcorner,confirm3,torus,True,0.48x0.4x0.4,1.2,sym-zcorner,37,2301576,22459.41815,176613.5293,22467.05182,176761.0368,0.000339887224,0.0008351990946,32.31313802,36.4893925,5,True,True,True,
confirm3-0362-torus-rhovol37-sp0.48x0.4x0.4-rand0,confirm3,torus,True,0.48x0.4x0.4,1.2,rand0,37,2299637,22459.41815,176613.5293,22454.86376,176612.1216,-0.0002027828601,-7.970738182e-06,32.76600542,37.00078995,5,True,True,True,
confirm3-0363-torus-rhovol37-sp0.48x0.4x0.4-rand1,confirm3,torus,True,0.48x0.4x0.4,1.2,rand1,37,2299669,22459.41815,176613.5293,22451.30341,176614.5792,-0.0003613068308,5.944390569e-06,32.75498266,36.98834257,5,True,True,True,
confirm3-0364-sphere-rhovol42-sp0.48x0.4x0.4-sym-centre,confirm3,sphere,True,0.48x0.4x0.4,1.2,sym-centre,42,310343,4005.123615,23834.04201,4001.926076,23834.3424,-0.0007983622909,1.260333593e-05,37.19468301,42.00184416,5,True,True,True,
confirm3-0365-sphere-rhovol42-sp0.48x0.4x0.4-sym-corner,confirm3,sphere,True,0.48x0.4x0.4,1.2,sym-corner,42,310352,4005.123615,23834.04201,4002.229784,23835.0336,-0.0007225323682,4.16038722e-05,36.44821288,41.15889781,5,True,True,True,
confirm3-0366-sphere-rhovol42-sp0.48x0.4x0.4-sym-face,confirm3,sphere,True,0.48x0.4x0.4,1.2,sym-face,42,310200,4005.123615,23834.04201,4000.944755,23823.36,-0.001043378719,-0.0004481829627,36.60752807,41.33880341,5,True,True,True,
confirm3-0367-sphere-rhovol42-sp0.48x0.4x0.4-sym-edge,confirm3,sphere,True,0.48x0.4x0.4,1.2,sym-edge,42,310342,4005.123615,23834.04201,4001.856526,23834.2656,-0.0008157274776,9.381054118e-06,36.78918923,41.54394305,5,True,True,True,
confirm3-0368-sphere-rhovol42-sp0.48x0.4x0.4-sym-zcorner,confirm3,sphere,True,0.48x0.4x0.4,1.2,sym-zcorner,42,310418,4005.123615,23834.04201,4001.960296,23840.1024,-0.000789818262,0.0002542744716,36.70679622,41.4509013,5,True,True,True,
confirm3-0369-sphere-rhovol42-sp0.48x0.4x0.4-rand0,confirm3,sphere,True,0.48x0.4x0.4,1.2,rand0,42,310350,4005.123615,23834.04201,4001.713067,23834.88,-0.0008515462581,3.515930859e-05,36.64544841,41.38162469,5,True,True,True,
confirm3-0370-sphere-rhovol42-sp0.48x0.4x0.4-rand1,confirm3,sphere,True,0.48x0.4x0.4,1.2,rand1,42,310303,4005.123615,23834.04201,4001.316221,23831.2704,-0.0009506309448,-0.0001162879364,36.59880083,41.32894823,5,True,True,True,
confirm3-0371-ellipsoid-rhovol42-sp0.48x0.4x0.4-sym-centre,confirm3,ellipsoid,True,0.48x0.4x0.4,1.2,sym-centre,42,887603,8727.825836,68165.36015,8726.268279,68167.9104,-0.0001784587612,3.741265251e-05,37.5,42.3466213,5,True,True,True,
confirm3-0372-ellipsoid-rhovol42-sp0.48x0.4x0.4-sym-corner,confirm3,ellipsoid,True,0.48x0.4x0.4,1.2,sym-corner,42,887552,8727.825836,68165.36015,8726.202191,68163.9936,-0.0001860308223,-2.004761751e-05,36.81787006,41.57633068,5,True,True,True,
confirm3-0373-ellipsoid-rhovol42-sp0.48x0.4x0.4-sym-face,confirm3,ellipsoid,True,0.48x0.4x0.4,1.2,sym-face,42,887548,8727.825836,68165.36015,8725.166308,68163.6864,-0.00030471831,-2.455430535e-05,36.81787006,41.57633068,5,True,True,True,
confirm3-0374-ellipsoid-rhovol42-sp0.48x0.4x0.4-sym-edge,confirm3,ellipsoid,True,0.48x0.4x0.4,1.2,sym-edge,42,887534,8727.825836,68165.36015,8725.671481,68162.6112,-0.0002468375711,-4.03277128e-05,36.90264971,41.67206752,5,True,True,True,
confirm3-0375-ellipsoid-rhovol42-sp0.48x0.4x0.4-sym-zcorner,confirm3,ellipsoid,True,0.48x0.4x0.4,1.2,sym-zcorner,42,887672,8727.825836,68165.36015,8725.856227,68173.2096,-0.0002256700566,0.0001151530178,37.5,42.3466213,5,True,True,True,
confirm3-0376-ellipsoid-rhovol42-sp0.48x0.4x0.4-rand0,confirm3,ellipsoid,True,0.48x0.4x0.4,1.2,rand0,42,887537,8727.825836,68165.36015,8724.80461,68162.8416,-0.0003461602009,-3.694769692e-05,37.17600779,41.98075529,5,True,True,True,
confirm3-0377-ellipsoid-rhovol42-sp0.48x0.4x0.4-rand1,confirm3,ellipsoid,True,0.48x0.4x0.4,1.2,rand1,42,887446,8727.825836,68165.36015,8723.329754,68155.8528,-0.0005151433445,-0.0001394748454,37.1143129,41.91108675,5,True,True,True,
confirm3-0378-capsule-rhovol42-sp0.48x0.4x0.4-sym-centre,confirm3,capsule,True,0.48x0.4x0.4,1.2,sym-centre,42,1194091,11614.85848,91761.06174,11610.8812,91706.1888,-0.0003424303455,-0.0005979981429,37.20252381,42.01069832,5,True,True,True,
confirm3-0379-capsule-rhovol42-sp0.48x0.4x0.4-sym-corner,confirm3,capsule,True,0.48x0.4x0.4,1.2,sym-corner,42,1195632,11614.85848,91761.06174,11626.66199,91824.5376,0.001016241899,0.0006917515369,36.60980439,41.34137393,5,True,True,True,
confirm3-0380-capsule-rhovol42-sp0.48x0.4x0.4-sym-face,confirm3,capsule,True,0.48x0.4x0.4,1.2,sym-face,42,1195608,11614.85848,91761.06174,11626.2987,91822.6944,0.000984964087,0.0006716645853,36.60980439,41.34137393,5,True,True,True,
confirm3-0381-capsule-rhovol42-sp0.48x0.4x0.4-sym-edge,confirm3,capsule,True,0.48x0.4x0.4,1.2,sym-edge,42,1194962,11614.85848,91761.06174,11612.0619,91773.0816,-0.0002407766164,0.0001309908065,36.78956676,41.54436937,5,True,True,True,
confirm3-0382-capsule-rhovol42-sp0.48x0.4x0.4-sym-zcorner,confirm3,capsule,True,0.48x0.4x0.4,1.2,sym-zcorner,42,1194048,11614.85848,91761.06174,11610.94373,91702.8864,-0.0003370471238,-0.0006339872644,37.20252381,42.01069832,5,True,True,True,
confirm3-0383-capsule-rhovol42-sp0.48x0.4x0.4-rand0,confirm3,capsule,True,0.48x0.4x0.4,1.2,rand0,42,1194785,11614.85848,91761.06174,11607.46745,91759.488,-0.0006363433129,-1.715046103e-05,37.14124691,41.9415018,5,True,True,True,
confirm3-0384-capsule-rhovol42-sp0.48x0.4x0.4-rand1,confirm3,capsule,True,0.48x0.4x0.4,1.2,rand1,42,1194825,11614.85848,91761.06174,11610.00911,91762.56,-0.0004175149292,1.632779152e-05,37.18796101,41.99425339,5,True,True,True,
confirm3-0385-torus-rhovol42-sp0.48x0.4x0.4-sym-centre,confirm3,torus,True,0.48x0.4x0.4,1.2,sym-centre,42,3365720,28939.67393,258325.1369,28956.48689,258487.296,0.0005809655971,0.0006277323814,37.20849664,42.0174431,5,True,True,True,
confirm3-0386-torus-rhovol42-sp0.48x0.4x0.4-sym-corner,confirm3,torus,True,0.48x0.4x0.4,1.2,sym-corner,42,3363144,28939.67393,258325.1369,28926.20957,258289.4592,-0.0004652563311,-0.0001381117883,36.77295202,41.52560728,5,True,True,True,
confirm3-0387-torus-rhovol42-sp0.48x0.4x0.4-sym-face,confirm3,torus,True,0.48x0.4x0.4,1.2,sym-face,42,3365812,28939.67393,258325.1369,28956.25034,258494.3616,0.000572791845,0.0006550839589,37.20252381,42.01069832,5,True,True,True,
confirm3-0388-torus-rhovol42-sp0.48x0.4x0.4-sym-edge,confirm3,torus,True,0.48x0.4x0.4,1.2,sym-edge,42,3365294,28939.67393,258325.1369,28954.21675,258454.5792,0.0005025217772,0.0005010826856,37.21185594,42.02123657,5,True,True,True,
confirm3-0389-torus-rhovol42-sp0.48x0.4x0.4-sym-zcorner,confirm3,torus,True,0.48x0.4x0.4,1.2,sym-zcorner,42,3363144,28939.67393,258325.1369,28929.61979,258289.4592,-0.0003474174036,-0.0001381117883,36.77295202,41.52560728,5,True,True,True,
confirm3-0390-torus-rhovol42-sp0.48x0.4x0.4-rand0,confirm3,torus,True,0.48x0.4x0.4,1.2,rand0,42,3363566,28939.67393,258325.1369,28940.37916,258321.8688,2.436879781e-05,-1.265129152e-05,37.16367701,41.96683084,5,True,True,True,
confirm3-0391-torus-rhovol42-sp0.48x0.4x0.4-rand1,confirm3,torus,True,0.48x0.4x0.4,1.2,rand1,42,3363454,28939.67393,258325.1369,28931.312,258313.2672,-0.0002889435156,-4.594886411e-05,37.19468301,42.00184416,5,True,True,True,
confirm3-0392-sphere-rhovol11-sp0.8x0.4x0.4-sym-centre,confirm3,sphere,True,0.8x0.4x0.4,2,sym-centre,11,5549,386.1907619,713.6358096,381.1167235,710.272,-0.01313868411,-0.00471362222,6.946221995,11.0264401,4,True,False,False,
confirm3-0393-sphere-rhovol11-sp0.8x0.4x0.4-sym-corner,confirm3,sphere,True,0.8x0.4x0.4,2,sym-corner,11,5608,386.1907619,713.6358096,384.3868987,717.824,-0.00467091236,0.005868806378,6.34428877,10.07093067,4,True,False,False,
confirm3-0394-sphere-rhovol11-sp0.8x0.4x0.4-sym-face,confirm3,sphere,True,0.8x0.4x0.4,2,sym-face,11,5504,386.1907619,713.6358096,379.0806666,704.512,-0.01841083738,-0.01278496607,6.595452979,10.469629,4,True,False,False,
confirm3-0395-sphere-rhovol11-sp0.8x0.4x0.4-sym-edge,confirm3,sphere,True,0.8x0.4x0.4,2,sym-edge,11,5552,386.1907619,713.6358096,381.4788306,710.656,-0.01220104619,-0.00417553263,6.708203932,10.64860998,4,True,False,False,
confirm3-0396-sphere-rhovol11-sp0.8x0.4x0.4-sym-zcorner,confirm3,sphere,True,0.8x0.4x0.4,2,sym-zcorner,11,5526,386.1907619,713.6358096,380.2099672,707.328,-0.01548663313,-0.008838975741,6.5,10.31810684,4,True,False,False,
confirm3-0397-sphere-rhovol11-sp0.8x0.4x0.4-rand0,confirm3,sphere,True,0.8x0.4x0.4,2,rand0,11,5591,386.1907619,713.6358096,383.274545,715.648,-0.007551234173,0.002819632036,6.480740698,10.2875346,4,True,False,False,
confirm3-0398-sphere-rhovol11-sp0.8x0.4x0.4-rand1,confirm3,sphere,True,0.8x0.4x0.4,2,rand1,11,5559,386.1907619,713.6358096,381.5616916,711.552,-0.01198648624,-0.002919990254,6.873863542,10.91157822,4,True,False,False,
confirm3-0399-ellipsoid-rhovol11-sp0.8x0.4x0.4-sym-centre,confirm3,ellipsoid,True,0.8x0.4x0.4,2,sym-centre,11,15941,841.5734526,2040.998415,839.7462501,2040.448,-0.002171174081,-0.0002696795243,7,11.11180736,4,True,False,False,
confirm3-0400-ellipsoid-rhovol11-sp0.8x0.4x0.4-sym-corner,confirm3,ellipsoid,True,0.8x0.4x0.4,2,sym-corner,11,15960,841.5734526,2040.998415,839.0231269,2042.88,-0.003030425613,0.0009218941592,6.800735254,10.7954943,4,True,False,False,
confirm3-0401-ellipsoid-rhovol11-sp0.8x0.4x0.4-sym-face,confirm3,ellipsoid,True,0.8x0.4x0.4,2,sym-face,11,15916,841.5734526,2040.998415,838.8872067,2037.248,-0.003191932794,-0.001837539634,6.800735254,10.7954943,4,True,False,False,
confirm3-0402-ellipsoid-rhovol11-sp0.8x0.4x0.4-sym-edge,confirm3,ellipsoid,True,0.8x0.4x0.4,2,sym-edge,11,15940,841.5734526,2040.998415,839.6339012,2040.32,-0.002304672782,-0.0003323939287,6.873863542,10.91157822,4,True,False,False,
confirm3-0403-ellipsoid-rhovol11-sp0.8x0.4x0.4-sym-zcorner,confirm3,ellipsoid,True,0.8x0.4x0.4,2,sym-zcorner,11,15870,841.5734526,2040.998415,837.0875385,2031.36,-0.00533038931,-0.004722402236,7,11.11180736,4,True,False,False,
confirm3-0404-ellipsoid-rhovol11-sp0.8x0.4x0.4-rand0,confirm3,ellipsoid,True,0.8x0.4x0.4,2,rand0,11,15933,841.5734526,2040.998415,837.3879561,2039.424,-0.00497341796,-0.0007713947595,6.964194139,11.0549691,4,True,False,False,
confirm3-0405-ellipsoid-rhovol11-sp0.8x0.4x0.4-rand1,confirm3,ellipsoid,True,0.8x0.4x0.4,2,rand1,11,15927,841.5734526,2040.998415,837.6156887,2038.656,-0.004702814549,-0.001147681186,6.964194139,11.0549691,4,True,False,False,
confirm3-0406-capsule-rhovol11-sp0.8x0.4x0.4-sym-centre,confirm3,capsule,True,0.8x0.4x0.4,2,sym-centre,11,21161,1119.953209,2747.497867,1112.372396,2708.608,-0.006768866508,-0.01415464866,6.946221995,11.0264401,4,True,False,False,
confirm3-0407-capsule-rhovol11-sp0.8x0.4x0.4-sym-corner,confirm3,capsule,True,0.8x0.4x0.4,2,sym-corner,11,21648,1119.953209,2747.497867,1123.931394,2770.944,0.003552098915,0.008533631013,6.670832032,10.58928579,4,True,False,False,
confirm3-0408-capsule-rhovol11-sp0.8x0.4x0.4-sym-face,confirm3,capsule,True,0.8x0.4x0.4,2,sym-face,11,21600,1119.953209,2747.497867,1122.278982,2764.8,0.002076669535,0.006297414536,6.670832032,10.58928579,4,True,False,False,
confirm3-0409-capsule-rhovol11-sp0.8x0.4x0.4-sym-edge,confirm3,capsule,True,0.8x0.4x0.4,2,sym-edge,11,21464,1119.953209,2747.497867,1120.206596,2747.392,0.0002262470745,-3.853214814e-05,6.708203932,10.64860998,4,True,False,False,
confirm3-0410-capsule-rhovol11-sp0.8x0.4x0.4-sym-zcorner,confirm3,capsule,True,0.8x0.4x0.4,2,sym-zcorner,11,21184,1119.953209,2747.497867,1112.996745,2711.552,-0.00621138868,-0.01308312826,6.946221995,11.0264401,4,True,False,False,
confirm3-0411-capsule-rhovol11-sp0.8x0.4x0.4-rand0,confirm3,capsule,True,0.8x0.4x0.4,2,rand0,11,21465,1119.953209,2747.497867,1117.358338,2747.52,-0.002316946608,8.055695123e-06,6.946221995,11.0264401,4,True,False,False,
confirm3-0412-capsule-rhovol11-sp0.8x0.4x0.4-rand1,confirm3,capsule,True,0.8x0.4x0.4,2,rand1,11,21463,1119.953209,2747.497867,1115.223614,2747.264,-0.004223029913,-8.511999141e-05,6.92820323,10.9978371,4,True,False,False,
confirm3-0413-torus-rhovol11-sp0.8x0.4x0.4-sym-centre,confirm3,torus,True,0.8x0.4x0.4,2,sym-centre,11,59460,2790.484339,7734.737908,2757.594949,7610.88,-0.01178626582,-0.01601320038,6.964194139,11.0549691,4,True,False,False,
confirm3-0414-torus-rhovol11-sp0.8x0.4x0.4-sym-corner,confirm3,torus,True,0.8x0.4x0.4,2,sym-corner,11,60864,2790.484339,7734.737908,2790.040016,7790.592,-0.0001592280949,0.007221200341,6.5,10.31810684,4,True,False,False,
confirm3-0415-torus-rhovol11-sp0.8x0.4x0.4-sym-face,confirm3,torus,True,0.8x0.4x0.4,2,sym-face,11,59444,2790.484339,7734.737908,2757.928611,7608.832,-0.01166669453,-0.01627797987,6.964194139,11.0549691,4,True,False,False,
confirm3-0416-torus-rhovol11-sp0.8x0.4x0.4-sym-edge,confirm3,torus,True,0.8x0.4x0.4,2,sym-edge,11,59528,2790.484339,7734.737908,2759.748414,7619.584,-0.01101454838,-0.01488788752,6.964194139,11.0549691,4,True,False,False,
confirm3-0417-torus-rhovol11-sp0.8x0.4x0.4-sym-zcorner,confirm3,torus,True,0.8x0.4x0.4,2,sym-zcorner,11,60856,2790.484339,7734.737908,2788.757634,7789.568,-0.0006187832214,0.007088810593,6.5,10.31810684,4,True,False,False,
confirm3-0418-torus-rhovol11-sp0.8x0.4x0.4-rand0,confirm3,torus,True,0.8x0.4x0.4,2,rand0,11,60448,2790.484339,7734.737908,2789.271291,7737.344,-0.0004347088049,0.0003369334616,6.964194139,11.0549691,4,True,False,False,
confirm3-0419-torus-rhovol11-sp0.8x0.4x0.4-rand1,confirm3,torus,True,0.8x0.4x0.4,2,rand1,11,60435,2790.484339,7734.737908,2784.076495,7735.68,-0.002296319537,0.0001218001216,6.964194139,11.0549691,4,True,False,False,
confirm3-0420-sphere-rhovol15-sp0.8x0.4x0.4-sym-centre,confirm3,sphere,True,0.8x0.4x0.4,2,sym-centre,15,14199,718.1233176,1809.557368,713.9383587,1817.472,-0.005827632606,0.004373794205,9.460443964,15.0175187,5,True,False,False,
confirm3-0421-sphere-rhovol15-sp0.8x0.4x0.4-sym-corner,confirm3,sphere,True,0.8x0.4x0.4,2,sym-corner,15,14064,718.1233176,1809.557368,712.6189552,1800.192,-0.007664926417,-0.00517550238,8.845903006,14.04199574,4,True,False,False,
confirm3-0422-sphere-rhovol15-sp0.8x0.4x0.4-sym-face,confirm3,sphere,True,0.8x0.4x0.4,2,sym-face,15,14212,718.1233176,1809.557368,718.1245551,1819.136,1.723231424e-06,0.005293356099,9.124143795,14.48367546,4,True,False,False,
confirm3-0423-sphere-rhovol15-sp0.8x0.4x0.4-sym-edge,confirm3,sphere,True,0.8x0.4x0.4,2,sym-edge,15,14138,718.1233176,1809.557368,715.546897,1809.664,-0.003587713285,5.892685921e-05,9.219544457,14.63511457,4,True,False,False,
confirm3-0424-sphere-rhovol15-sp0.8x0.4x0.4-sym-zcorner,confirm3,sphere,True,0.8x0.4x0.4,2,sym-zcorner,15,14154,718.1233176,1809.557368,715.3325488,1811.712,-0.003886197132,0.001190695343,9,14.28660947,4,True,False,False,
confirm3-0425-sphere-rhovol15-sp0.8x0.4x0.4-rand0,confirm3,sphere,True,0.8x0.4x0.4,2,rand0,15,14134,718.1233176,1809.557368,715.7337415,1809.152,-0.003327528858,-0.0002240152618,9.110433579,14.46191185,4,True,False,False,
confirm3-0426-sphere-rhovol15-sp0.8x0.4x0.4-rand1,confirm3,sphere,True,0.8x0.4x0.4,2,rand1,15,14162,718.1233176,1809.557368,712.6357526,1812.736,-0.00764153566,0.001756579586,9.273618495,14.72095176,5,True,False,False,
confirm3-0427-ellipsoid-rhovol15-sp0.8x0.4x0.4-sym-centre,confirm3,ellipsoid,True,0.8x0.4x0.4,2,sym-centre,15,40413,1564.909313,5175.334074,1559.826856,5172.864,-0.003247764275,-0.0004772781394,9.5,15.08030999,5,True,False,False,
confirm3-0428-ellipsoid-rhovol15-sp0.8x0.4x0.4-sym-corner,confirm3,ellipsoid,True,0.8x0.4x0.4,2,sym-corner,15,40392,1564.909313,5175.334074,1559.054384,5170.176,-0.003741385197,-0.0009966649001,9.340770846,14.82754947,5,True,False,False,
confirm3-0429-ellipsoid-rhovol15-sp0.8x0.4x0.4-sym-face,confirm3,ellipsoid,True,0.8x0.4x0.4,2,sym-face,15,40424,1564.909313,5175.334074,1559.298317,5174.272,-0.003585508692,-0.0002052184076,9.340770846,14.82754947,5,True,False,False,
confirm3-0430-ellipsoid-rhovol15-sp0.8x0.4x0.4-sym-edge,confirm3,ellipsoid,True,0.8x0.4x0.4,2,sym-edge,15,40494,1564.909313,5175.334074,1561.033372,5183.232,-0.002476782713,0.001526070795,9.394147114,14.91227901,5,True,False,False,
confirm3-0431-ellipsoid-rhovol15-sp0.8x0.4x0.4-sym-zcorner,confirm3,ellipsoid,True,0.8x0.4x0.4,2,sym-zcorner,15,40422,1564.909313,5175.334074,1560.865018,5174.016,-0.002584363443,-0.0002546838134,9.5,15.08030999,5,True,False,False,
confirm3-0432-ellipsoid-rhovol15-sp0.8x0.4x0.4-rand0,confirm3,ellipsoid,True,0.8x0.4x0.4,2,rand0,15,40407,1564.909313,5175.334074,1555.258029,5172.096,-0.006167312007,-0.0006256743568,9.486832981,15.05940865,5,True,False,False,
confirm3-0433-ellipsoid-rhovol15-sp0.8x0.4x0.4-rand1,confirm3,ellipsoid,True,0.8x0.4x0.4,2,rand1,15,40452,1564.909313,5175.334074,1556.781071,5177.856,-0.005194065368,0.0004872972732,9.486832981,15.05940865,5,True,False,False,
confirm3-0434-capsule-rhovol15-sp0.8x0.4x0.4-sym-centre,confirm3,capsule,True,0.8x0.4x0.4,2,sym-centre,15,54259,2082.557621,6966.795869,2072.393934,6945.152,-0.004880386948,-0.003106717781,9.486832981,15.05940865,5,True,False,False,
confirm3-0435-capsule-rhovol15-sp0.8x0.4x0.4-sym-corner,confirm3,capsule,True,0.8x0.4x0.4,2,sym-corner,15,54480,2082.557621,6966.795869,2086.207551,6973.44,0.001752618828,0.0009536853849,9.178779875,14.57040483,4,True,False,False,
confirm3-0436-capsule-rhovol15-sp0.8x0.4x0.4-sym-face,confirm3,capsule,True,0.8x0.4x0.4,2,sym-face,15,54516,2082.557621,6966.795869,2088.03357,6978.048,0.002629434788,0.001615108525,9.178779875,14.57040483,4,True,False,False,
confirm3-0437-capsule-rhovol15-sp0.8x0.4x0.4-sym-edge,confirm3,capsule,True,0.8x0.4x0.4,2,sym-edge,15,54430,2082.557621,6966.795869,2088.455547,6967.04,0.002832058767,3.50421347e-05,9.219544457,14.63511457,4,True,False,False,
confirm3-0438-capsule-rhovol15-sp0.8x0.4x0.4-sym-zcorner,confirm3,capsule,True,0.8x0.4x0.4,2,sym-zcorner,15,54302,2082.557621,6966.795869,2073.13549,6950.656,-0.004524307581,-0.002316684586,9.486832981,15.05940865,5,True,False,False,
confirm3-0439-capsule-rhovol15-sp0.8x0.4x0.4-rand0,confirm3,capsule,True,0.8x0.4x0.4,2,rand0,15,54455,2082.557621,6966.795869,2073.078272,6970.24,-0.004551782305,0.0004943637598,9.433981132,14.97551157,5,True,False,False,
confirm3-0440-capsule-rhovol15-sp0.8x0.4x0.4-rand1,confirm3,capsule,True,0.8x0.4x0.4,2,rand1,15,54479,2082.557621,6966.795869,2073.997029,6973.312,-0.004110614646,0.0009353125199,9.433981132,14.97551157,5,True,False,False,
confirm3-0441-torus-rhovol15-sp0.8x0.4x0.4-sym-centre,confirm3,torus,True,0.8x0.4x0.4,2,sym-centre,15,154036,5188.917159,19612.87787,5182.022239,19716.608,-0.001328778347,0.00528887881,9.460443964,15.0175187,5,True,False,False,
confirm3-0442-torus-rhovol15-sp0.8x0.4x0.4-sym-corner,confirm3,torus,True,0.8x0.4x0.4,2,sym-corner,15,151616,5188.917159,19612.87787,5155.630031,19406.848,-0.006415043377,-0.01050482582,9,14.28660947,4,True,False,False,
confirm3-0443-torus-rhovol15-sp0.8x0.4x0.4-sym-face,confirm3,torus,True,0.8x0.4x0.4,2,sym-face,15,153716,5188.917159,19612.87787,5177.013284,19675.648,-0.002294096162,0.003200455057,9.460443964,15.0175187,5,True,False,False,
confirm3-0444-torus-rhovol15-sp0.8x0.4x0.4-sym-edge,confirm3,torus,True,0.8x0.4x0.4,2,sym-edge,15,154002,5188.917159,19612.87787,5182.219375,19712.256,-0.001290786544,0.005066983787,9.486832981,15.05940865,5,True,False,False,
confirm3-0445-torus-rhovol15-sp0.8x0.4x0.4-sym-zcorner,confirm3,torus,True,0.8x0.4x0.4,2,sym-zcorner,15,151584,5188.917159,19612.87787,5154.164912,19402.752,-0.006697398765,-0.0107136682,9,14.28660947,4,True,False,False,
confirm3-0446-torus-rhovol15-sp0.8x0.4x0.4-rand0,confirm3,torus,True,0.8x0.4x0.4,2,rand0,15,153157,5188.917159,19612.87787,5178.502223,19604.096,-0.00200715034,-0.0004477601862,9.486832981,15.05940865,5,True,False,False,
confirm3-0447-torus-rhovol15-sp0.8x0.4x0.4-rand1,confirm3,torus,True,0.8x0.4x0.4,2,rand1,15,153198,5188.917159,19612.87787,5176.805939,19609.344,-0.002334055377,-0.0001801808928,9.447221814,14.99652985,5,True,False,False,
confirm3-0448-sphere-rhovol20-sp0.8x0.4x0.4-sym-centre,confirm3,sphere,True,0.8x0.4x0.4,2,sym-centre,20,33601,1276.663676,4289.32117,1273.353246,4300.928,-0.00259303159,0.002705983031,12.61942946,20.03209561,5,True,True,False,
confirm3-0449-sphere-rhovol20-sp0.8x0.4x0.4-sym-corner,confirm3,sphere,True,0.8x0.4x0.4,2,sym-corner,20,33552,1276.663676,4289.32117,1273.38702,4294.656,-0.002566577162,0.001243746991,12.02081528,19.08185482,5,True,True,False,
confirm3-0450-sphere-rhovol20-sp0.8x0.4x0.4-sym-face,confirm3,sphere,True,0.8x0.4x0.4,2,sym-face,20,33512,1276.663676,4289.32117,1271.377153,4289.536,-0.004140888813,5.008491792e-05,12.26784415,19.4739887,5,True,True,False,
confirm3-0451-sphere-rhovol20-sp0.8x0.4x0.4-sym-edge,confirm3,sphere,True,0.8x0.4x0.4,2,sym-edge,20,33526,1276.663676,4289.32117,1271.899312,4291.328,-0.003731886073,0.0004678666435,12.36931688,19.63506662,5,True,True,False,
confirm3-0452-sphere-rhovol20-sp0.8x0.4x0.4-sym-zcorner,confirm3,sphere,True,0.8x0.4x0.4,2,sym-zcorner,20,33442,1276.663676,4289.32117,1270.636256,4280.576,-0.004721227284,-0.00203882371,12.10371844,19.21345538,5,True,True,False,
confirm3-0453-sphere-rhovol20-sp0.8x0.4x0.4-rand0,confirm3,sphere,True,0.8x0.4x0.4,2,rand0,20,33510,1276.663676,4289.32117,1271.667102,4289.28,-0.003913774619,-9.598185735e-06,12.29837388,19.52245163,5,True,True,False,
confirm3-0454-sphere-rhovol20-sp0.8x0.4x0.4-rand1,confirm3,sphere,True,0.8x0.4x0.4,2,rand1,20,33544,1276.663676,4289.32117,1272.201681,4293.632,-0.003495043016,0.001005014576,12.4498996,19.76298372,5,True,True,False,
confirm3-0455-ellipsoid-rhovol20-sp0.8x0.4x0.4-sym-centre,confirm3,ellipsoid,True,0.8x0.4x0.4,2,sym-centre,20,95901,2782.061,12267.45855,2781.910466,12275.328,-5.410909866e-05,0.0006414902178,12.6984251,20.15749336,5,True,True,False,
confirm3-0456-ellipsoid-rhovol20-sp0.8x0.4x0.4-sym-corner,confirm3,ellipsoid,True,0.8x0.4x0.4,2,sym-corner,20,95904,2782.061,12267.45855,2782.833471,12275.712,0.0002776612742,0.0006727925449,12.5,19.84251315,5,True,True,False,
confirm3-0457-ellipsoid-rhovol20-sp0.8x0.4x0.4-sym-face,confirm3,ellipsoid,True,0.8x0.4x0.4,2,sym-face,20,95824,2782.061,12267.45855,2780.572916,12265.472,-0.0005348855177,-0.0001619361776,12.5,19.84251315,5,True,True,False,
confirm3-0458-ellipsoid-rhovol20-sp0.8x0.4x0.4-sym-edge,confirm3,ellipsoid,True,0.8x0.4x0.4,2,sym-edge,20,95866,2782.061,12267.45855,2781.359021,12270.848,-0.000252323494,0.0002762964017,12.5,19.84251315,5,True,True,False,
confirm3-0459-ellipsoid-rhovol20-sp0.8x0.4x0.4-sym-zcorner,confirm3,ellipsoid,True,0.8x0.4x0.4,2,sym-zcorner,20,95856,2782.061,12267.45855,2782.86897,12269.568,0.0002904212155,0.0001719553114,12.6984251,20.15749336,5,True,True,False,
confirm3-0460-ellipsoid-rhovol20-sp0.8x0.4x0.4-rand0,confirm3,ellipsoid,True,0.8x0.4x0.4,2,rand0,20,95859,2782.061,12267.45855,2778.496567,12269.952,-0.001281220603,0.0002032576385,12.57974563,19.96910144,5,True,True,False,
confirm3-0461-ellipsoid-rhovol20-sp0.8x0.4x0.4-rand1,confirm3,ellipsoid,True,0.8x0.4x0.4,2,rand1,20,95865,2782.061,12267.45855,2778.639387,12270.72,-0.001229884308,0.0002658622927,12.57974563,19.96910144,5,True,True,False,
confirm3-0462-capsule-rhovol20-sp0.8x0.4x0.4-sym-centre,confirm3,capsule,True,0.8x0.4x0.4,2,sym-centre,20,129409,3702.32466,16513.8865,3707.458011,16564.352,0.001386521078,0.003055943048,12.61942946,20.03209561,5,True,True,False,
confirm3-0463-capsule-rhovol20-sp0.8x0.4x0.4-sym-corner,confirm3,capsule,True,0.8x0.4x0.4,2,sym-corner,20,128856,3702.32466,16513.8865,3698.122502,16493.568,-0.001135005062,-0.001230388942,12.29837388,19.52245163,5,True,True,False,
confirm3-0464-capsule-rhovol20-sp0.8x0.4x0.4-sym-face,confirm3,capsule,True,0.8x0.4x0.4,2,sym-face,20,128888,3702.32466,16513.8865,3698.071531,16497.664,-0.001148772479,-0.0009823552649,12.29837388,19.52245163,5,True,True,False,
confirm3-0465-capsule-rhovol20-sp0.8x0.4x0.4-sym-edge,confirm3,capsule,True,0.8x0.4x0.4,2,sym-edge,20,129186,3702.32466,16513.8865,3703.079479,16535.808,0.0002038772166,0.001327458357,12.36931688,19.63506662,5,True,True,False,
confirm3-0466-capsule-rhovol20-sp0.8x0.4x0.4-sym-zcorner,confirm3,capsule,True,0.8x0.4x0.4,2,sym-zcorner,20,129314,3702.32466,16513.8865,3705.921191,16552.192,0.0009714253057,0.002319593067,12.61942946,20.03209561,5,True,True,False,
confirm3-0467-capsule-rhovol20-sp0.8x0.4x0.4-rand0,confirm3,capsule,True,0.8x0.4x0.4,2,rand0,20,129057,3702.32466,16513.8865,3700.404977,16519.296,-0.0005185074332,0.0003275725947,12.57974563,19.96910144,5,True,True,False,
confirm3-0468-capsule-rhovol20-sp0.8x0.4x0.4-rand1,confirm3,capsule,True,0.8x0.4x0.4,2,rand1,20,128999,3702.32466,16513.8865,3699.192232,16511.872,-0.0008460703318,-0.0001219884459,12.57974563,19.96910144,5,True,True,False,
confirm3-0469-torus-rhovol20-sp0.8x0.4x0.4-sym-centre,confirm3,torus,True,0.8x0.4x0.4,2,sym-centre,20,363592,9224.741617,46489.78457,9213.064201,46539.776,-0.001265879994,0.001075320731,12.62933094,20.04781322,5,True,True,False,
confirm3-0470-torus-rhovol20-sp0.8x0.4x0.4-sym-corner,confirm3,torus,True,0.8x0.4x0.4,2,sym-corner,20,363728,9224.741617,46489.78457,9254.961259,46557.184,0.003275933698,0.001449768583,12.1346611,19.26257379,5,True,True,False,
confirm3-0471-torus-rhovol20-sp0.8x0.4x0.4-sym-face,confirm3,torus,True,0.8x0.4x0.4,2,sym-face,20,363576,9224.741617,46489.78457,9212.481144,46537.728,-0.001329085741,0.001031268042,12.62933094,20.04781322,5,True,True,False,
confirm3-0472-torus-rhovol20-sp0.8x0.4x0.4-sym-edge,confirm3,torus,True,0.8x0.4x0.4,2,sym-edge,20,363616,9224.741617,46489.78457,9212.481907,46542.848,-0.001329003049,0.001141399763,12.62933094,20.04781322,5,True,True,False,
confirm3-0473-torus-rhovol20-sp0.8x0.4x0.4-sym-zcorner,confirm3,torus,True,0.8x0.4x0.4,2,sym-zcorner,20,363720,9224.741617,46489.78457,9255.052761,46556.16,0.003285852977,0.001427742239,12.16552506,19.31156728,5,True,True,False,
confirm3-0474-torus-rhovol20-sp0.8x0.4x0.4-rand0,confirm3,torus,True,0.8x0.4x0.4,2,rand0,20,363266,9224.741617,46489.78457,9218.177937,46498.048,-0.00071152993,0.0001777472016,12.61942946,20.03209561,5,True,True,False,
confirm3-0475-torus-rhovol20-sp0.8x0.4x0.4-rand1,confirm3,torus,True,0.8x0.4x0.4,2,rand1,20,363148,9224.741617,46489.78457,9211.458398,46482.944,-0.001439955629,-0.0001471413764,12.57974563,19.96910144,5,True,True,False,
confirm3-0476-sphere-rhovol27-sp0.8x0.4x0.4-sym-centre,confirm3,sphere,True,0.8x0.4x0.4,2,sym-centre,27,82283,2326.719549,10553.33857,2321.379795,10532.224,-0.00229497091,-0.002000748176,17.01469953,27.00915193,5,True,True,False,
confirm3-0477-sphere-rhovol27-sp0.8x0.4x0.4-sym-corner,confirm3,sphere,True,0.8x0.4x0.4,2,sym-corner,27,82448,2326.719549,10553.33857,2323.579519,10553.344,-0.001349552473,5.142539699e-07,16.40121947,26.03531304,5,True,True,False,
confirm3-0478-sphere-rhovol27-sp0.8x0.4x0.4-sym-face,confirm3,sphere,True,0.8x0.4x0.4,2,sym-face,27,82432,2326.719549,10553.33857,2323.764374,10551.296,-0.001270103566,-0.0001935475575,16.673332,26.46726476,5,True,True,False,
confirm3-0479-sphere-rhovol27-sp0.8x0.4x0.4-sym-edge,confirm3,sphere,True,0.8x0.4x0.4,2,sym-edge,27,82368,2326.719549,10553.33857,2321.898313,10543.104,-0.002072117256,-0.0009697948031,16.77050983,26.62152495,5,True,True,False,
confirm3-0480-sphere-rhovol27-sp0.8x0.4x0.4-sym-zcorner,confirm3,sphere,True,0.8x0.4x0.4,2,sym-zcorner,27,82570,2326.719549,10553.33857,2326.173347,10568.96,-0.0002347518538,0.001480235566,16.55294536,26.27616287,5,True,True,False,
confirm3-0481-sphere-rhovol27-sp0.8x0.4x0.4-rand0,confirm3,sphere,True,0.8x0.4x0.4,2,rand0,27,82459,2326.719549,10553.33857,2324.231844,10554.752,-0.001069190069,0.0001339317493,16.55294536,26.27616287,5,True,True,False,
confirm3-0482-sphere-rhovol27-sp0.8x0.4x0.4-rand1,confirm3,sphere,True,0.8x0.4x0.4,2,rand1,27,82435,2326.719549,10553.33857,2323.63988,10551.68,-0.001323610021,-0.0001571609678,16.79285562,26.65699668,5,True,True,False,
confirm3-0483-ellipsoid-rhovol27-sp0.8x0.4x0.4-sym-centre,confirm3,ellipsoid,True,0.8x0.4x0.4,2,sym-centre,27,235795,5070.306173,30182.54832,5076.494305,30181.76,0.001220465061,-2.611835477e-05,17.02938637,27.03246583,5,True,True,False,
confirm3-0484-ellipsoid-rhovol27-sp0.8x0.4x0.4-sym-corner,confirm3,ellipsoid,True,0.8x0.4x0.4,2,sym-corner,27,235824,5070.306173,30182.54832,5075.114925,30185.472,0.0009484144312,9.686662188e-05,16.89674525,26.82191118,5,True,True,False,
confirm3-0485-ellipsoid-rhovol27-sp0.8x0.4x0.4-sym-face,confirm3,ellipsoid,True,0.8x0.4x0.4,2,sym-face,27,235864,5070.306173,30182.54832,5077.50932,30190.592,0.001420653196,0.0002665010724,16.97792685,26.95077894,5,True,True,False,
confirm3-0486-ellipsoid-rhovol27-sp0.8x0.4x0.4-sym-edge,confirm3,ellipsoid,True,0.8x0.4x0.4,2,sym-edge,27,235932,5070.306173,30182.54832,5077.928379,30199.296,0.001503302905,0.0005548796383,16.97792685,26.95077894,5,True,True,False,
confirm3-0487-ellipsoid-rhovol27-sp0.8x0.4x0.4-sym-zcorner,confirm3,ellipsoid,True,0.8x0.4x0.4,2,sym-zcorner,27,235738,5070.306173,30182.54832,5074.701669,30174.464,0.0008669093211,-0.0002678474468,17.02938637,27.03246583,5,True,True,False,
confirm3-0488-ellipsoid-rhovol27-sp0.8x0.4x0.4-rand0,confirm3,ellipsoid,True,0.8x0.4x0.4,2,rand0,27,235733,5070.306173,30182.54832,5066.234811,30173.824,-0.0008029814491,-0.0002890517531,17.02938637,27.03246583,5,True,True,False,
confirm3-0489-ellipsoid-rhovol27-sp0.8x0.4x0.4-rand1,confirm3,ellipsoid,True,0.8x0.4x0.4,2,rand1,27,235802,5070.306173,30182.54832,5065.659118,30182.656,-0.0009165236669,3.567674079e-06,17.00735135,26.99748743,5,True,True,False,
confirm3-0490-capsule-rhovol27-sp0.8x0.4x0.4-sym-centre,confirm3,capsule,True,0.8x0.4x0.4,2,sym-centre,27,317795,6747.486692,40630.35351,6767.297916,40677.76,0.00293608935,0.001166775335,17.02938637,27.03246583,5,True,True,False,
confirm3-0491-capsule-rhovol27-sp0.8x0.4x0.4-sym-corner,confirm3,capsule,True,0.8x0.4x0.4,2,sym-corner,27,318296,6747.486692,40630.35351,6762.897546,40741.888,0.002283939927,0.00274510273,16.71077497,26.52670176,5,True,True,False,
confirm3-0492-capsule-rhovol27-sp0.8x0.4x0.4-sym-face,confirm3,capsule,True,0.8x0.4x0.4,2,sym-face,27,318232,6747.486692,40630.35351,6762.382458,40733.696,0.002207602115,0.002543480069,16.71077497,26.52670176,5,True,True,False,
confirm3-0493-capsule-rhovol27-sp0.8x0.4x0.4-sym-edge,confirm3,capsule,True,0.8x0.4x0.4,2,sym-edge,27,317456,6747.486692,40630.35351,6755.518668,40634.368,0.001190365563,9.880530131e-05,16.77050983,26.62152495,5,True,True,False,
confirm3-0494-capsule-rhovol27-sp0.8x0.4x0.4-sym-zcorner,confirm3,capsule,True,0.8x0.4x0.4,2,sym-zcorner,27,317698,6747.486692,40630.35351,6763.726463,40665.344,0.002406788231,0.000861190989,17.02938637,27.03246583,5,True,True,False,
confirm3-0495-capsule-rhovol27-sp0.8x0.4x0.4-rand0,confirm3,capsule,True,0.8x0.4x0.4,2,rand0,27,317456,6747.486692,40630.35351,6744.640138,40634.368,-0.0004218687013,9.880530131e-05,17,26.98581788,5,True,True,False,
confirm3-0496-capsule-rhovol27-sp0.8x0.4x0.4-rand1,confirm3,capsule,True,0.8x0.4x0.4,2,rand1,27,317523,6747.486692,40630.35351,6745.150305,40642.944,-0.0003462602922,0.0003098790248,16.86712779,26.7748964,5,True,True,False,
confirm3-0497-torus-rhovol27-sp0.8x0.4x0.4-sym-centre,confirm3,torus,True,0.8x0.4x0.4,2,sym-centre,27,890896,16812.0916,114382.3037,16847.40838,114034.688,0.00210067731,-0.003039069002,17.01469953,27.00915193,5,True,True,False,
confirm3-0498-torus-rhovol27-sp0.8x0.4x0.4-sym-corner,confirm3,torus,True,0.8x0.4x0.4,2,sym-corner,27,894880,16812.0916,114382.3037,16822.98983,114544.64,0.0006482375365,0.001419243022,16.56049516,26.28814744,5,True,True,False,
confirm3-0499-torus-rhovol27-sp0.8x0.4x0.4-sym-face,confirm3,torus,True,0.8x0.4x0.4,2,sym-face,27,890968,16812.0916,114382.3037,16845.08798,114043.904,0.001962657858,-0.002958497098,17.01469953,27.00915193,5,True,True,False,
confirm3-0500-torus-rhovol27-sp0.8x0.4x0.4-sym-edge,confirm3,torus,True,0.8x0.4x0.4,2,sym-edge,27,890736,16812.0916,114382.3037,16846.25619,114014.208,0.002032144185,-0.003218117678,17.01469953,27.00915193,5,True,True,False,
confirm3-0501-torus-rhovol27-sp0.8x0.4x0.4-sym-zcorner,confirm3,torus,True,0.8x0.4x0.4,2,sym-zcorner,27,894968,16812.0916,114382.3037,16823.35834,114555.904,0.0006701570803,0.001517719794,16.56049516,26.28814744,5,True,True,False,
confirm3-0502-torus-rhovol27-sp0.8x0.4x0.4-rand0,confirm3,torus,True,0.8x0.4x0.4,2,rand0,27,893594,16812.0916,114382.3037,16835.24366,114380.032,0.001377107647,-1.986070863e-05,17,26.98581788,5,True,True,False,
confirm3-0503-torus-rhovol27-sp0.8x0.4x0.4-rand1,confirm3,torus,True,0.8x0.4x0.4,2,rand1,27,893729,16812.0916,114382.3037,16820.66173,114397.312,0.0005097600195,0.0001312116115,17.00735135,26.99748743,5,True,True,False,
confirm3-0504-sphere-rhovol33-sp0.8x0.4x0.4-sym-centre,confirm3,sphere,True,0.8x0.4x0.4,2,sym-centre,33,150417,3475.716857,19268.16686,3472.972576,19253.376,-0.000789558318,-0.0007676318952,20.79062289,33.00305664,5,True,True,False,
confirm3-0505-sphere-rhovol33-sp0.8x0.4x0.4-sym-corner,confirm3,sphere,True,0.8x0.4x0.4,2,sym-corner,33,150464,3475.716857,19268.16686,3474.473792,19259.392,-0.000357642852,-0.0004554070716,20.18662924,32.04427649,5,True,True,False,
confirm3-0506-sphere-rhovol33-sp0.8x0.4x0.4-sym-face,confirm3,sphere,True,0.8x0.4x0.4,2,sym-face,33,150652,3475.716857,19268.16686,3476.194093,19283.456,0.0001373056807,0.0007934922231,20.45116134,32.46419502,5,True,True,False,
confirm3-0507-sphere-rhovol33-sp0.8x0.4x0.4-sym-edge,confirm3,sphere,True,0.8x0.4x0.4,2,sym-edge,33,150492,3475.716857,19268.16686,3474.346054,19262.976,-0.0003943944598,-0.0002694007937,20.54872259,32.61906385,5,True,True,False,
confirm3-0508-sphere-rhovol33-sp0.8x0.4x0.4-sym-zcorner,confirm3,sphere,True,0.8x0.4x0.4,2,sym-zcorner,33,150322,3475.716857,19268.16686,3472.255118,19241.216,-0.0009959785288,-0.001398724624,20.3039405,32.23049652,5,True,True,False,
confirm3-0509-sphere-rhovol33-sp0.8x0.4x0.4-rand0,confirm3,sphere,True,0.8x0.4x0.4,2,rand0,33,150579,3475.716857,19268.16686,3475.649708,19274.112,-1.931946315e-05,0.0003085472842,20.63976744,32.76358855,5,True,True,False,
confirm3-0510-sphere-rhovol33-sp0.8x0.4x0.4-rand1,confirm3,sphere,True,0.8x0.4x0.4,2,rand1,33,150563,3475.716857,19268.16686,3476.098881,19272.064,0.0001099123183,0.0002022579825,20.42669822,32.42536224,5,True,True,False,
confirm3-0511-ellipsoid-rhovol33-sp0.8x0.4x0.4-sym-centre,confirm3,ellipsoid,True,0.8x0.4x0.4,2,sym-centre,33,430553,7574.161074,55106.95722,7587.594696,55110.784,0.001773611958,6.944281054e-05,20.98809186,33.3165191,5,True,True,False,
confirm3-0512-ellipsoid-rhovol33-sp0.8x0.4x0.4-sym-corner,confirm3,ellipsoid,True,0.8x0.4x0.4,2,sym-corner,33,430448,7574.161074,55106.95722,7587.301155,55097.344,0.0017348563,-0.0001744465399,20.55480479,32.62871875,5,True,True,False,
confirm3-0513-ellipsoid-rhovol33-sp0.8x0.4x0.4-sym-face,confirm3,ellipsoid,True,0.8x0.4x0.4,2,sym-face,33,430480,7574.161074,55106.95722,7587.01142,55101.44,0.001696603294,-0.0001001183569,20.55480479,32.62871875,5,True,True,False,
confirm3-0514-ellipsoid-rhovol33-sp0.8x0.4x0.4-sym-edge,confirm3,ellipsoid,True,0.8x0.4x0.4,2,sym-edge,33,430472,7574.161074,55106.95722,7586.87844,55100.416,0.001679046148,-0.0001187004027,20.59732992,32.69622319,5,True,True,False,
confirm3-0515-ellipsoid-rhovol33-sp0.8x0.4x0.4-sym-zcorner,confirm3,ellipsoid,True,0.8x0.4x0.4,2,sym-zcorner,33,430432,7574.161074,55106.95722,7587.197111,55095.296,0.001721119643,-0.0002116106314,20.98809186,33.3165191,5,True,True,False,
confirm3-0516-ellipsoid-rhovol33-sp0.8x0.4x0.4-rand0,confirm3,ellipsoid,True,0.8x0.4x0.4,2,rand0,33,430501,7574.161074,55106.95722,7579.008634,55104.128,0.0006400129126,-5.134048682e-05,20.80865205,33.03167615,5,True,True,False,
confirm3-0517-ellipsoid-rhovol33-sp0.8x0.4x0.4-rand1,confirm3,ellipsoid,True,0.8x0.4x0.4,2,rand1,33,430572,7574.161074,55106.95722,7577.260207,55113.216,0.0004091718519,0.0001135751692,20.76655966,32.96485865,5,True,True,False,
confirm3-0518-capsule-rhovol33-sp0.8x0.4x0.4-sym-centre,confirm3,capsule,True,0.8x0.4x0.4,2,sym-centre,33,578265,10079.57889,74182.44241,10079.09745,74017.92,-4.776343909e-05,-0.002217807928,20.79663434,33.01259923,5,True,True,False,
confirm3-0519-capsule-rhovol33-sp0.8x0.4x0.4-sym-corner,confirm3,capsule,True,0.8x0.4x0.4,2,sym-corner,33,579984,10079.57889,74182.44241,10098.47868,74237.952,0.001875058114,0.0007482847603,20.5,32.54172157,5,True,True,False,
confirm3-0520-capsule-rhovol33-sp0.8x0.4x0.4-sym-face,confirm3,capsule,True,0.8x0.4x0.4,2,sym-face,33,579908,10079.57889,74182.44241,10098.6596,74228.224,0.001893007102,0.0006171486089,20.5,32.54172157,5,True,True,False,
confirm3-0521-capsule-rhovol33-sp0.8x0.4x0.4-sym-edge,confirm3,capsule,True,0.8x0.4x0.4,2,sym-edge,33,579388,10079.57889,74182.44241,10105.46148,74161.664,0.002567825073,-0.0002800987429,20.55480479,32.62871875,5,True,True,False,
confirm3-0522-capsule-rhovol33-sp0.8x0.4x0.4-sym-zcorner,confirm3,capsule,True,0.8x0.4x0.4,2,sym-zcorner,33,578360,10079.57889,74182.44241,10079.81631,74030.08,2.355515054e-05,-0.002053887738,20.79663434,33.01259923,5,True,True,False,
confirm3-0523-capsule-rhovol33-sp0.8x0.4x0.4-rand0,confirm3,capsule,True,0.8x0.4x0.4,2,rand0,33,579546,10079.57889,74182.44241,10101.285,74181.888,0.002153473962,-7.473585966e-06,20.76655966,32.96485865,5,True,True,False,
confirm3-0524-capsule-rhovol33-sp0.8x0.4x0.4-rand1,confirm3,capsule,True,0.8x0.4x0.4,2,rand1,33,579541,10079.57889,74182.44241,10105.26584,74181.248,0.002548415116,-1.610096435e-05,20.76655966,32.96485865,5,True,True,False,
confirm3-0525-torus-rhovol33-sp0.8x0.4x0.4-sym-centre,confirm3,torus,True,0.8x0.4x0.4,2,sym-centre,33,1629208,25114.35905,208837.9235,25101.42795,208538.624,-0.0005148886813,-0.001433166498,20.80865205,33.03167615,5,True,True,False,
confirm3-0526-torus-rhovol33-sp0.8x0.4x0.4-sym-corner,confirm3,torus,True,0.8x0.4x0.4,2,sym-corner,33,1634032,25114.35905,208837.9235,25171.70265,209156.096,0.002283299134,0.001523537867,20.32240143,32.25980141,5,True,True,False,
confirm3-0527-torus-rhovol33-sp0.8x0.4x0.4-sym-face,confirm3,torus,True,0.8x0.4x0.4,2,sym-face,33,1629500,25114.35905,208837.9235,25100.05279,208576,-0.0005696448629,-0.001254195173,20.80865205,33.03167615,5,True,True,False,
confirm3-0528-torus-rhovol33-sp0.8x0.4x0.4-sym-edge,confirm3,torus,True,0.8x0.4x0.4,2,sym-edge,33,1629458,25114.35905,208837.9235,25102.82982,208570.624,-0.0004590694062,-0.001279937623,20.80865205,33.03167615,5,True,True,False,
confirm3-0529-torus-rhovol33-sp0.8x0.4x0.4-sym-zcorner,confirm3,torus,True,0.8x0.4x0.4,2,sym-zcorner,33,1634600,25114.35905,208837.9235,25174.91782,209228.8,0.002411320565,0.00187167387,20.32240143,32.25980141,5,True,True,False,
confirm3-0530-torus-rhovol33-sp0.8x0.4x0.4-rand0,confirm3,torus,True,0.8x0.4x0.4,2,rand0,33,1631490,25114.35905,208837.9235,25128.82279,208830.72,0.0005759152773,-3.449333049e-05,20.79062289,33.00305664,5,True,True,False,
confirm3-0531-torus-rhovol33-sp0.8x0.4x0.4-rand1,confirm3,torus,True,0.8x0.4x0.4,2,rand1,33,1631514,25114.35905,208837.9235,25154.9613,208833.792,0.001616694775,-1.978335853e-05,20.79062289,33.00305664,5,True,True,False,
confirm3-0532-sphere-rhovol37-sp0.8x0.4x0.4-sym-centre,confirm3,sphere,True,0.8x0.4x0.4,2,sym-centre,37,212103,4369.38143,27158.37315,4370.931627,27149.184,0.000354786443,-0.0003383542548,23.31308645,37.00721796,5,True,True,True,
confirm3-0533-sphere-rhovol37-sp0.8x0.4x0.4-sym-corner,confirm3,sphere,True,0.8x0.4x0.4,2,sym-corner,37,212168,4369.38143,27158.37315,4370.671662,27157.504,0.000295289497,-3.200306237e-05,22.69911893,36.03260526,5,True,True,True,
confirm3-0534-sphere-rhovol37-sp0.8x0.4x0.4-sym-face,confirm3,sphere,True,0.8x0.4x0.4,2,sym-face,37,212196,4369.38143,27158.37315,4370.874921,27161.088,0.0003418082235,9.996360515e-05,22.97825059,36.47569915,5,True,True,True,
confirm3-0535-sphere-rhovol37-sp0.8x0.4x0.4-sym-edge,confirm3,sphere,True,0.8x0.4x0.4,2,sym-edge,37,212170,4369.38143,27158.37315,4371.672712,27157.76,0.0005243950819,-2.257687183e-05,23.07054399,36.6222058,5,True,True,True,
confirm3-0536-sphere-rhovol37-sp0.8x0.4x0.4-sym-zcorner,confirm3,sphere,True,0.8x0.4x0.4,2,sym-zcorner,37,212174,4369.38143,27158.37315,4369.888959,27158.272,0.0001161557465,-3.724490756e-06,22.83090011,36.24179486,5,True,True,True,
confirm3-0537-sphere-rhovol37-sp0.8x0.4x0.4-rand0,confirm3,sphere,True,0.8x0.4x0.4,2,rand0,37,212206,4369.38143,27158.37315,4371.790849,27162.368,0.0005514324218,0.0001470945578,23.05428377,36.5963943,5,True,True,True,
confirm3-0538-sphere-rhovol37-sp0.8x0.4x0.4-rand1,confirm3,sphere,True,0.8x0.4x0.4,2,rand1,37,212183,4369.38143,27158.37315,4371.302891,27159.424,0.0004397558287,3.869336666e-05,22.97825059,36.47569915,5,True,True,True,
confirm3-0539-ellipsoid-rhovol37-sp0.8x0.4x0.4-sym-centre,confirm3,ellipsoid,True,0.8x0.4x0.4,2,sym-centre,37,606955,9521.603774,77672.94721,9541.31789,77690.24,0.002070461679,0.000222635917,23.5,37.30392472,5,True,True,True,
confirm3-0540-ellipsoid-rhovol37-sp0.8x0.4x0.4-sym-corner,confirm3,ellipsoid,True,0.8x0.4x0.4,2,sym-corner,37,606928,9521.603774,77672.94721,9542.313565,77686.784,0.002175031795,0.0001781416609,23.08679276,36.64799912,5,True,True,True,
confirm3-0541-ellipsoid-rhovol37-sp0.8x0.4x0.4-sym-face,confirm3,ellipsoid,True,0.8x0.4x0.4,2,sym-face,37,606692,9521.603774,77672.94721,9539.415735,77656.576,0.00187068917,-0.0002107710955,23.08679276,36.64799912,5,True,True,True,
confirm3-0542-ellipsoid-rhovol37-sp0.8x0.4x0.4-sym-edge,confirm3,ellipsoid,True,0.8x0.4x0.4,2,sym-edge,37,606970,9521.603774,77672.94721,9542.121643,77692.16,0.002154875384,0.0002473549481,23.1354706,36.72527037,5,True,True,True,
confirm3-0543-ellipsoid-rhovol37-sp0.8x0.4x0.4-sym-zcorner,confirm3,ellipsoid,True,0.8x0.4x0.4,2,sym-zcorner,37,606830,9521.603774,77672.94721,9539.871238,77674.24,0.001918528055,1.664399089e-05,23.5,37.30392472,5,True,True,True,
confirm3-0544-ellipsoid-rhovol37-sp0.8x0.4x0.4-rand0,confirm3,ellipsoid,True,0.8x0.4x0.4,2,rand0,37,606965,9521.603774,77672.94721,9539.349631,77691.52,0.001863746675,0.0002391152711,23.32916629,37.03274312,5,True,True,True,
confirm3-0545-ellipsoid-rhovol37-sp0.8x0.4x0.4-rand1,confirm3,ellipsoid,True,0.8x0.4x0.4,2,rand1,37,606913,9521.603774,77672.94721,9524.897368,77684.864,0.0003459075226,0.0001534226298,23.32916629,37.03274312,5,True,True,True,
confirm3-0546-capsule-rhovol37-sp0.8x0.4x0.4-sym-centre,confirm3,capsule,True,0.8x0.4x0.4,2,sym-centre,37,817399,12671.20615,104559.7366,12688.80779,104627.072,0.001389105384,0.000643989459,23.32380758,37.02423669,5,True,True,True,
confirm3-0547-capsule-rhovol37-sp0.8x0.4x0.4-sym-corner,confirm3,capsule,True,0.8x0.4x0.4,2,sym-corner,37,816176,12671.20615,104559.7366,12694.11409,104470.528,0.001807874059,-0.0008531834016,22.98368987,36.48433348,5,True,True,True,
confirm3-0548-capsule-rhovol37-sp0.8x0.4x0.4-sym-face,confirm3,capsule,True,0.8x0.4x0.4,2,sym-face,37,816260,12671.20615,104559.7366,12693.88434,104481.28,0.001789741919,-0.0007503522321,22.98368987,36.48433348,5,True,True,True,
confirm3-0549-capsule-rhovol37-sp0.8x0.4x0.4-sym-edge,confirm3,capsule,True,0.8x0.4x0.4,2,sym-edge,37,817502,12671.20615,104559.7366,12706.6842,104640.256,0.002799895349,0.0007700800597,23.08679276,36.64799912,5,True,True,True,
confirm3-0550-capsule-rhovol37-sp0.8x0.4x0.4-sym-zcorner,confirm3,capsule,True,0.8x0.4x0.4,2,sym-zcorner,37,817384,12671.20615,104559.7366,12688.96344,104625.152,0.001401389447,0.0006256267502,23.32380758,37.02423669,5,True,True,True,
confirm3-0551-capsule-rhovol37-sp0.8x0.4x0.4-rand0,confirm3,capsule,True,0.8x0.4x0.4,2,rand0,37,816850,12671.20615,104559.7366,12707.87327,104556.8,0.002893735608,-2.808568448e-05,23.2916294,36.97315701,5,True,True,True,
confirm3-0552-capsule-rhovol37-sp0.8x0.4x0.4-rand1,confirm3,capsule,True,0.8x0.4x0.4,2,rand1,37,816888,12671.20615,104559.7366,12678.89138,104561.664,0.0006065113361,1.843317791e-05,23.30772404,36.99870566,5,True,True,True,
confirm3-0553-torus-rhovol37-sp0.8x0.4x0.4-sym-centre,confirm3,torus,True,0.8x0.4x0.4,2,sym-centre,37,2303364,31571.67818,294355.8822,31646.09418,294830.592,0.002357049008,0.001612706914,23.31308645,37.00721796,5,True,True,True,
confirm3-0554-torus-rhovol37-sp0.8x0.4x0.4-sym-corner,confirm3,torus,True,0.8x0.4x0.4,2,sym-corner,37,2296824,31571.67818,294355.8822,31567.15161,293993.472,-0.0001433743529,-0.001231197525,22.87465847,36.31125691,5,True,True,True,
confirm3-0555-torus-rhovol37-sp0.8x0.4x0.4-sym-face,confirm3,torus,True,0.8x0.4x0.4,2,sym-face,37,2303368,31571.67818,294355.8822,31645.16599,294831.104,0.0023276498,0.001614446305,23.32916629,37.03274312,5,True,True,True,
confirm3-0556-torus-rhovol37-sp0.8x0.4x0.4-sym-edge,confirm3,torus,True,0.8x0.4x0.4,2,sym-edge,37,2302958,31571.67818,294355.8822,31645.54089,294778.624,0.002339524281,0.001436158718,23.32916629,37.03274312,5,True,True,True,
confirm3-0557-torus-rhovol37-sp0.8x0.4x0.4-sym-zcorner,confirm3,torus,True,0.8x0.4x0.4,2,sym-zcorner,37,2296408,31571.67818,294355.8822,31559.32132,293940.224,-0.0003913907591,-0.001412094199,22.85278976,36.27654251,5,True,True,True,
confirm3-0558-torus-rhovol37-sp0.8x0.4x0.4-rand0,confirm3,torus,True,0.8x0.4x0.4,2,rand0,37,2299771,31571.67818,294355.8822,31611.17407,294370.688,0.001250990985,5.029886346e-05,23.30772404,36.99870566,5,True,True,True,
confirm3-0559-torus-rhovol37-sp0.8x0.4x0.4-rand1,confirm3,torus,True,0.8x0.4x0.4,2,rand1,37,2299652,31571.67818,294355.8822,31636.47784,294355.456,0.002052461438,-1.44802158e-06,23.31308645,37.00721796,5,True,True,True,
confirm3-0560-sphere-rhovol42-sp0.8x0.4x0.4-sym-centre,confirm3,sphere,True,0.8x0.4x0.4,2,sym-centre,42,310153,5630.08681,39723.40335,5631.992443,39699.584,0.0003384730883,-0.0005996302077,26.46223724,42.00618324,5,True,True,True,
confirm3-0561-sphere-rhovol42-sp0.8x0.4x0.4-sym-corner,confirm3,sphere,True,0.8x0.4x0.4,2,sym-corner,42,310352,5630.08681,39723.40335,5633.865439,39725.056,0.0006711494147,4.16038722e-05,25.86503431,41.05818268,5,True,True,True,
confirm3-0562-sphere-rhovol42-sp0.8x0.4x0.4-sym-face,confirm3,sphere,True,0.8x0.4x0.4,2,sym-face,42,310412,5630.08681,39723.40335,5634.775799,39732.736,0.0008328448956,0.0002349407807,26.11512971,41.45518438,5,True,True,True,
confirm3-0563-sphere-rhovol42-sp0.8x0.4x0.4-sym-edge,confirm3,sphere,True,0.8x0.4x0.4,2,sym-edge,42,310250,5630.08681,39723.40335,5633.455636,39712,0.0005983612461,-0.0002870688723,26.21545346,41.6144384,5,True,True,True,
confirm3-0564-sphere-rhovol42-sp0.8x0.4x0.4-sym-zcorner,confirm3,sphere,True,0.8x0.4x0.4,2,sym-zcorner,42,310140,5630.08681,39723.40335,5629.940444,39697.92,-2.599702694e-05,-0.0006415198712,25.98076211,41.24188911,5,True,True,True,
confirm3-0565-sphere-rhovol42-sp0.8x0.4x0.4-rand0,confirm3,sphere,True,0.8x0.4x0.4,2,rand0,42,310431,5630.08681,39723.40335,5635.478953,39735.168,0.0009577371622,0.0002961641351,26.21545346,41.6144384,5,True,True,True,
confirm3-0566-sphere-rhovol42-sp0.8x0.4x0.4-rand1,confirm3,sphere,True,0.8x0.4x0.4,2,rand1,42,310403,5630.08681,39723.40335,5635.104155,39731.584,0.0008911665774,0.0002059402444,26.30589288,41.75800202,5,True,True,True,
confirm3-0567-ellipsoid-rhovol42-sp0.8x0.4x0.4-sym-centre,confirm3,ellipsoid,True,0.8x0.4x0.4,2,sym-centre,42,887509,12268.88901,113608.9336,12295.63924,113601.152,0.002180330195,-6.849451183e-05,26.5,42.06612788,5,True,True,True,
confirm3-0568-ellipsoid-rhovol42-sp0.8x0.4x0.4-sym-corner,confirm3,ellipsoid,True,0.8x0.4x0.4,2,sym-corner,42,887560,12268.88901,113608.9336,12295.69096,113607.68,0.002184545422,-1.103424182e-05,26.32489316,41.7881631,5,True,True,True,
confirm3-0569-ellipsoid-rhovol42-sp0.8x0.4x0.4-sym-face,confirm3,ellipsoid,True,0.8x0.4x0.4,2,sym-face,42,887748,12268.88901,113608.9336,12297.24312,113631.744,0.002311057208,0.0002007800869,26.38181192,41.87851599,5,True,True,True,
confirm3-0570-ellipsoid-rhovol42-sp0.8x0.4x0.4-sym-edge,confirm3,ellipsoid,True,0.8x0.4x0.4,2,sym-edge,42,887406,12268.88901,113608.9336,12294.81363,113587.968,0.002113037278,-0.0001845417238,26.3865496,41.8860366,5,True,True,True,
confirm3-0571-ellipsoid-rhovol42-sp0.8x0.4x0.4-sym-zcorner,confirm3,ellipsoid,True,0.8x0.4x0.4,2,sym-zcorner,42,887504,12268.88901,113608.9336,12294.46752,113600.512,0.002084826523,-7.412787164e-05,26.5,42.06612788,5,True,True,True,
confirm3-0572-ellipsoid-rhovol42-sp0.8x0.4x0.4-rand0,confirm3,ellipsoid,True,0.8x0.4x0.4,2,rand0,42,887592,12268.88901,113608.9336,12285.78681,113611.776,0.001377288467,2.501926094e-05,26.46223724,42.00618324,5,True,True,True,
confirm3-0573-ellipsoid-rhovol42-sp0.8x0.4x0.4-rand1,confirm3,ellipsoid,True,0.8x0.4x0.4,2,rand1,42,887616,12268.88901,113608.9336,12284.88245,113614.848,0.001303576761,5.2059388e-05,26.46223724,42.00618324,5,True,True,True,
confirm3-0574-capsule-rhovol42-sp0.8x0.4x0.4-sym-centre,confirm3,capsule,True,0.8x0.4x0.4,2,sym-centre,42,1193285,16327.25175,152935.1029,16341.77079,152740.48,0.000889252061,-0.001272584932,26.46223724,42.00618324,5,True,True,True,
confirm3-0575-capsule-rhovol42-sp0.8x0.4x0.4-sym-corner,confirm3,capsule,True,0.8x0.4x0.4,2,sym-corner,42,1195456,16327.25175,152935.1029,16356.21397,153018.368,0.001773857502,0.0005444472256,26.1629509,41.53109579,5,True,True,True,
confirm3-0576-capsule-rhovol42-sp0.8x0.4x0.4-sym-face,confirm3,capsule,True,0.8x0.4x0.4,2,sym-face,42,1195332,16327.25175,152935.1029,16352.89756,153002.496,0.001570736366,0.0004406646427,26.1629509,41.53109579,5,True,True,True,
confirm3-0577-capsule-rhovol42-sp0.8x0.4x0.4-sym-edge,confirm3,capsule,True,0.8x0.4x0.4,2,sym-edge,42,1194954,16327.25175,152935.1029,16366.58447,152954.112,0.002409022967,0.000124295156,26.23451924,41.64470345,5,True,True,True,
confirm3-0578-capsule-rhovol42-sp0.8x0.4x0.4-sym-zcorner,confirm3,capsule,True,0.8x0.4x0.4,2,sym-zcorner,42,1193138,16327.25175,152935.1029,16341.30372,152721.664,0.0008606451089,-0.00139561751,26.46223724,42.00618324,5,True,True,True,
confirm3-0579-capsule-rhovol42-sp0.8x0.4x0.4-rand0,confirm3,capsule,True,0.8x0.4x0.4,2,rand0,42,1194825,16327.25175,152935.1029,16359.77876,152937.6,0.001992191195,1.632779152e-05,26.44333564,41.97617882,5,True,True,True,
confirm3-0580-capsule-rhovol42-sp0.8x0.4x0.4-rand1,confirm3,capsule,True,0.8x0.4x0.4,2,rand1,42,1194838,16327.25175,152935.1029,16316.82877,152939.264,-0.0006383795144,2.72082236e-05,26.44806231,41.98368193,5,True,True,True,
confirm3-0581-torus-rhovol42-sp0.8x0.4x0.4-sym-centre,confirm3,torus,True,0.8x0.4x0.4,2,sym-centre,42,3366884,40681.11053,430541.8949,40748.03772,430961.152,0.001645166185,0.0009737892965,26.46223724,42.00618324,5,True,True,True,
confirm3-0582-torus-rhovol42-sp0.8x0.4x0.4-sym-corner,confirm3,torus,True,0.8x0.4x0.4,2,sym-corner,42,3355488,40681.11053,430541.8949,40653.4175,429502.464,-0.0006807344728,-0.002414238715,26,41.27242735,5,True,True,True,
confirm3-0583-torus-rhovol42-sp0.8x0.4x0.4-sym-face,confirm3,torus,True,0.8x0.4x0.4,2,sym-face,42,3366800,40681.11053,430541.8949,40750.93572,430950.4,0.001716403135,0.0009488161171,26.46223724,42.00618324,5,True,True,True,
confirm3-0584-torus-rhovol42-sp0.8x0.4x0.4-sym-edge,confirm3,torus,True,0.8x0.4x0.4,2,sym-edge,42,3366732,40681.11053,430541.8949,40748.12158,430941.696,0.001647227677,0.0009285997337,26.46223724,42.00618324,5,True,True,True,
confirm3-0585-torus-rhovol42-sp0.8x0.4x0.4-sym-zcorner,confirm3,torus,True,0.8x0.4x0.4,2,sym-zcorner,42,3355696,40681.11053,430541.8949,40657.30281,429529.088,-0.0005852278064,-0.002352400366,26,41.27242735,5,True,True,True,
confirm3-0586-torus-rhovol42-sp0.8x0.4x0.4-rand0,confirm3,torus,True,0.8x0.4x0.4,2,rand0,42,3363664,40681.11053,430541.8949,40760.46921,430548.992,0.001950750035,1.64840845e-05,26.44806231,41.98368193,5,True,True,True,
confirm3-0587-torus-rhovol42-sp0.8x0.4x0.4-rand1,confirm3,torus,True,0.8x0.4x0.4,2,rand1,42,3363465,40681.11053,430541.8949,40763.75825,430523.52,0.002031599387,-4.267856681e-05,26.46223724,42.00618324,5,True,True,True,
confirm3-0588-sphere-rhovol11-sp0.88x0.4x0.4-sym-centre,confirm3,sphere,True,0.88x0.4x0.4,2.2,sym-centre,11,5597,411.5257397,784.9993906,409.013577,788.0576,-0.006104509295,0.003895811216,6.505560241,11.00440309,4,True,False,False,
confirm3-0589-sphere-rhovol11-sp0.88x0.4x0.4-sym-corner,confirm3,sphere,True,0.88x0.4x0.4,2.2,sym-corner,11,5520,411.5257397,784.9993906,405.254163,777.216,-0.01523981629,-0.00991515492,5.943953105,10.05442321,4,True,False,False,
confirm3-0590-sphere-rhovol11-sp0.88x0.4x0.4-sym-face,confirm3,sphere,True,0.88x0.4x0.4,2.2,sym-face,11,5536,411.5257397,784.9993906,405.7667277,779.4688,-0.01399429348,-0.007045343775,6.196506614,10.4816271,4,True,False,False,
confirm3-0591-sphere-rhovol11-sp0.88x0.4x0.4-sym-edge,confirm3,sphere,True,0.88x0.4x0.4,2.2,sym-edge,11,5612,411.5257397,784.9993906,409.4079893,790.1696,-0.005146094681,0.006586259164,6.304268526,10.66391048,4,True,False,False,
confirm3-0592-sphere-rhovol11-sp0.88x0.4x0.4-sym-zcorner,confirm3,sphere,True,0.88x0.4x0.4,2.2,sym-zcorner,11,5558,411.5257397,784.9993906,407.2779774,782.5664,-0.01032198444,-0.003099353451,6.017192998,10.17831128,4,True,False,False,
confirm3-0593-sphere-rhovol11-sp0.88x0.4x0.4-rand0,confirm3,sphere,True,0.88x0.4x0.4,2.2,rand0,11,5576,411.5257397,784.9993906,408.2591397,785.1008,-0.007937778187,0.0001291840876,6.219803085,10.52103396,4,True,False,False,
confirm3-0594-sphere-rhovol11-sp0.88x0.4x0.4-rand1,confirm3,sphere,True,0.88x0.4x0.4,2.2,rand1,11,5579,411.5257397,784.9993906,408.4549805,785.5232,-0.007461888436,0.0006672736773,6.153007731,10.40804708,4,True,False,False,
confirm3-0595-ellipsoid-rhovol11-sp0.88x0.4x0.4-sym-centre,confirm3,ellipsoid,True,0.88x0.4x0.4,2.2,sym-centre,11,15917,896.7825535,2245.098257,894.8728335,2241.1136,-0.002129524023,-0.00177482523,6.618281718,11.19507576,4,True,False,False,
confirm3-0596-ellipsoid-rhovol11-sp0.88x0.4x0.4-sym-corner,confirm3,ellipsoid,True,0.88x0.4x0.4,2.2,sym-corner,11,15944,896.7825535,2245.098257,894.5616354,2244.9152,-0.002476540231,-8.153631116e-05,6.363636364,10.76433344,4,True,False,False,
confirm3-0597-ellipsoid-rhovol11-sp0.88x0.4x0.4-sym-face,confirm3,ellipsoid,True,0.88x0.4x0.4,2.2,sym-face,11,15964,896.7825535,2245.098257,896.2209272,2247.7312,-0.0006262681253,0.001172751777,6.363636364,10.76433344,4,True,False,False,
confirm3-0598-ellipsoid-rhovol11-sp0.88x0.4x0.4-sym-edge,confirm3,ellipsoid,True,0.88x0.4x0.4,2.2,sym-edge,11,15928,896.7825535,2245.098257,895.2911192,2242.6624,-0.001663094654,-0.001084966781,6.363636364,10.76433344,4,True,False,False,
confirm3-0599-ellipsoid-rhovol11-sp0.88x0.4x0.4-sym-zcorner,confirm3,ellipsoid,True,0.88x0.4x0.4,2.2,sym-zcorner,11,15928,896.7825535,2245.098257,893.5552597,2242.6624,-0.003598747355,-0.001084966781,6.618281718,11.19507576,4,True,False,False,
confirm3-0600-ellipsoid-rhovol11-sp0.88x0.4x0.4-rand0,confirm3,ellipsoid,True,0.88x0.4x0.4,2.2,rand0,11,15955,896.7825535,2245.098257,893.4938679,2246.464,-0.003667205176,0.0006083221372,6.54861035,11.07722399,4,True,False,False,
confirm3-0601-ellipsoid-rhovol11-sp0.88x0.4x0.4-rand1,confirm3,ellipsoid,True,0.88x0.4x0.4,2.2,rand1,11,15955,896.7825535,2245.098257,892.6687561,2246.464,-0.004587285311,0.0006083221372,6.467336877,10.93974681,4,True,False,False,
confirm3-0602-capsule-rhovol11-sp0.88x0.4x0.4-sym-centre,confirm3,capsule,True,0.88x0.4x0.4,2.2,sym-centre,11,21413,1193.424645,3022.247654,1195.177189,3014.9504,0.001468499775,-0.002414512155,6.508100483,11.0087,4,True,False,False,
confirm3-0603-capsule-rhovol11-sp0.88x0.4x0.4-sym-corner,confirm3,capsule,True,0.88x0.4x0.4,2.2,sym-corner,11,21584,1193.424645,3022.247654,1198.628646,3039.0272,0.004360560706,0.005552009044,6.314747268,10.68163567,4,True,False,False,
confirm3-0604-capsule-rhovol11-sp0.88x0.4x0.4-sym-face,confirm3,capsule,True,0.88x0.4x0.4,2.2,sym-face,11,21600,1193.424645,3022.247654,1198.396416,3041.28,0.004165970008,0.006297414536,6.314747268,10.68163567,4,True,False,False,
confirm3-0605-capsule-rhovol11-sp0.88x0.4x0.4-sym-edge,confirm3,capsule,True,0.88x0.4x0.4,2.2,sym-edge,11,21376,1193.424645,3022.247654,1190.61827,3009.7408,-0.002351531006,-0.004138262356,6.314747268,10.68163567,4,True,False,False,
confirm3-0606-capsule-rhovol11-sp0.88x0.4x0.4-sym-zcorner,confirm3,capsule,True,0.88x0.4x0.4,2.2,sym-zcorner,11,21414,1193.424645,3022.247654,1194.544636,3015.0912,0.000938467821,-0.002367924311,6.508100483,11.0087,4,True,False,False,
confirm3-0607-capsule-rhovol11-sp0.88x0.4x0.4-rand0,confirm3,capsule,True,0.88x0.4x0.4,2.2,rand0,11,21412,1193.424645,3022.247654,1186.091593,3014.8096,-0.006144545275,-0.002461099998,6.497933556,10.99150226,4,True,False,False,
confirm3-0608-capsule-rhovol11-sp0.88x0.4x0.4-rand1,confirm3,capsule,True,0.88x0.4x0.4,2.2,rand1,11,21466,1193.424645,3022.247654,1190.722795,3022.4128,-0.002263947234,5.464353839e-05,6.497933556,10.99150226,4,True,False,False,
confirm3-0609-torus-rhovol11-sp0.88x0.4x0.4-sym-centre,confirm3,torus,True,0.88x0.4x0.4,2.2,sym-centre,11,60828,2973.546353,8508.211699,2970.38863,8564.5824,-0.001061938422,0.006625446476,6.523954588,11.03551782,4,True,False,False,
confirm3-0610-torus-rhovol11-sp0.88x0.4x0.4-sym-corner,confirm3,torus,True,0.88x0.4x0.4,2.2,sym-corner,11,59512,2973.546353,8508.211699,2959.451979,8379.2896,-0.004739920912,-0.01515266702,6.017192998,10.17831128,4,True,False,False,
confirm3-0611-torus-rhovol11-sp0.88x0.4x0.4-sym-face,confirm3,torus,True,0.88x0.4x0.4,2.2,sym-face,11,60856,2973.546353,8508.211699,2971.52011,8568.5248,-0.0006814231103,0.007088810593,6.527753844,11.04194441,4,True,False,False,
confirm3-0612-torus-rhovol11-sp0.88x0.4x0.4-sym-edge,confirm3,torus,True,0.88x0.4x0.4,2.2,sym-edge,11,60732,2973.546353,8508.211699,2969.077534,8551.0656,-0.001502858535,0.005036769504,6.555547774,11.0889589,4,True,False,False,
confirm3-0613-torus-rhovol11-sp0.88x0.4x0.4-sym-zcorner,confirm3,torus,True,0.88x0.4x0.4,2.2,sym-zcorner,11,59488,2973.546353,8508.211699,2959.950477,8375.9104,-0.00457227644,-0.01554983626,6.017192998,10.17831128,4,True,False,False,
confirm3-0614-torus-rhovol11-sp0.88x0.4x0.4-rand0,confirm3,torus,True,0.88x0.4x0.4,2.2,rand0,11,60474,2973.546353,8508.211699,2968.385495,8514.7392,-0.001735590349,0.0007672001416,6.497933556,10.99150226,4,True,False,False,
confirm3-0615-torus-rhovol11-sp0.88x0.4x0.4-rand1,confirm3,torus,True,0.88x0.4x0.4,2.2,rand1,11,60421,2973.546353,8508.211699,2970.301689,8507.2768,-0.001091176737,-0.0001098819368,6.516983534,11.02372602,4,True,False,False,
confirm3-0616-sphere-rhovol15-sp0.88x0.4x0.4-sym-centre,confirm3,sphere,True,0.88x0.4x0.4,2.2,sym-centre,15,14081,765.2338135,1990.513105,757.2634511,1982.6048,-0.01041559092,-0.003972998366,8.872373316,15.00795761,5,True,False,False,
confirm3-0617-sphere-rhovol15-sp0.88x0.4x0.4-sym-corner,confirm3,sphere,True,0.88x0.4x0.4,2.2,sym-corner,15,14152,765.2338135,1990.513105,760.0384621,1992.6016,-0.006789233901,0.001049224283,8.309110802,14.05517759,5,True,False,False,
confirm3-0618-sphere-rhovol15-sp0.88x0.4x0.4-sym-face,confirm3,sphere,True,0.88x0.4x0.4,2.2,sym-face,15,14048,765.2338135,1990.513105,755.7633853,1977.9584,-0.01237586212,-0.006307270864,8.576346484,14.50721694,5,True,False,False,
confirm3-0619-sphere-rhovol15-sp0.88x0.4x0.4-sym-edge,confirm3,sphere,True,0.88x0.4x0.4,2.2,sym-edge,15,14120,765.2338135,1990.513105,758.7613281,1988.096,-0.008458180087,-0.001214312686,8.648317087,14.62895795,5,True,False,False,
confirm3-0620-sphere-rhovol15-sp0.88x0.4x0.4-sym-zcorner,confirm3,sphere,True,0.88x0.4x0.4,2.2,sym-zcorner,15,14186,765.2338135,1990.513105,761.466542,1997.3888,-0.004923033279,0.003454232312,8.403069097,14.21411163,5,True,False,False,
confirm3-0621-sphere-rhovol15-sp0.88x0.4x0.4-rand0,confirm3,sphere,True,0.88x0.4x0.4,2.2,rand0,15,14138,765.2338135,1990.513105,759.4816282,1990.6304,-0.007516899037,5.892685921e-05,8.309110802,14.05517759,5,True,False,False,
confirm3-0622-sphere-rhovol15-sp0.88x0.4x0.4-rand1,confirm3,sphere,True,0.88x0.4x0.4,2.2,rand1,15,14114,765.2338135,1990.513105,758.4487264,1987.2512,-0.008866684886,-0.001638725867,8.660254038,14.64914976,5,True,False,False,
confirm3-0623-ellipsoid-rhovol15-sp0.88x0.4x0.4-sym-centre,confirm3,ellipsoid,True,0.88x0.4x0.4,2.2,sym-centre,15,40459,1667.570864,5692.867481,1663.963527,5696.6272,-0.002163228435,0.0006604261935,9.056754021,15.31984459,5,True,False,False,
confirm3-0624-ellipsoid-rhovol15-sp0.88x0.4x0.4-sym-corner,confirm3,ellipsoid,True,0.88x0.4x0.4,2.2,sym-corner,15,40352,1667.570864,5692.867481,1659.92022,5681.5616,-0.004587897533,-0.001985973016,8.636363636,14.60873824,5,True,False,False,
confirm3-0625-ellipsoid-rhovol15-sp0.88x0.4x0.4-sym-face,confirm3,ellipsoid,True,0.88x0.4x0.4,2.2,sym-face,15,40436,1667.570864,5692.867481,1664.354382,5693.3888,-0.001928842473,9.157402702e-05,8.648317087,14.62895795,5,True,False,False,
confirm3-0626-ellipsoid-rhovol15-sp0.88x0.4x0.4-sym-edge,confirm3,ellipsoid,True,0.88x0.4x0.4,2.2,sym-edge,15,40364,1667.570864,5692.867481,1661.206692,5683.2512,-0.003816432722,-0.001689180581,8.648317087,14.62895795,5,True,False,False,
confirm3-0627-ellipsoid-rhovol15-sp0.88x0.4x0.4-sym-zcorner,confirm3,ellipsoid,True,0.88x0.4x0.4,2.2,sym-zcorner,15,40364,1667.570864,5692.867481,1661.191813,5683.2512,-0.003825355463,-0.001689180581,9.056754021,15.31984459,5,True,False,False,
confirm3-0628-ellipsoid-rhovol15-sp0.88x0.4x0.4-rand0,confirm3,ellipsoid,True,0.88x0.4x0.4,2.2,rand0,15,40406,1667.570864,5692.867481,1660.85947,5689.1648,-0.004024653009,-0.0006504070597,8.867248681,14.99928909,5,True,False,False,
confirm3-0629-ellipsoid-rhovol15-sp0.88x0.4x0.4-rand1,confirm3,ellipsoid,True,0.88x0.4x0.4,2.2,rand1,15,40429,1667.570864,5692.867481,1662.821427,5692.4032,-0.00284811721,-8.15548932e-05,8.835503138,14.94559029,5,True,False,False,
confirm3-0630-capsule-rhovol15-sp0.88x0.4x0.4-sym-centre,confirm3,capsule,True,0.88x0.4x0.4,2.2,sym-centre,15,54643,2219.178059,7663.475455,2214.595479,7693.7344,-0.002064989631,0.00394846238,8.930401229,15.10611403,5,True,False,False,
confirm3-0631-capsule-rhovol15-sp0.88x0.4x0.4-sym-corner,confirm3,capsule,True,0.88x0.4x0.4,2.2,sym-corner,15,54352,2219.178059,7663.475455,2215.552931,7652.7616,-0.001633545273,-0.001398041336,8.576346484,14.50721694,5,True,False,False,
confirm3-0632-capsule-rhovol15-sp0.88x0.4x0.4-sym-face,confirm3,capsule,True,0.88x0.4x0.4,2.2,sym-face,15,54296,2219.178059,7663.475455,2212.366225,7644.8768,-0.00306953034,-0.002426921776,8.576346484,14.50721694,5,True,False,False,
confirm3-0633-capsule-rhovol15-sp0.88x0.4x0.4-sym-edge,confirm3,capsule,True,0.88x0.4x0.4,2.2,sym-edge,15,54424,2219.178059,7663.475455,2212.789342,7662.8992,-0.002878866251,-7.519505532e-05,8.648317087,14.62895795,5,True,False,False,
confirm3-0634-capsule-rhovol15-sp0.88x0.4x0.4-sym-zcorner,confirm3,capsule,True,0.88x0.4x0.4,2.2,sym-zcorner,15,54636,2219.178059,7663.475455,2215.458484,7692.7488,-0.001676104729,0.003819852325,8.930401229,15.10611403,5,True,False,False,
confirm3-0635-capsule-rhovol15-sp0.88x0.4x0.4-rand0,confirm3,capsule,True,0.88x0.4x0.4,2.2,rand0,15,54415,2219.178059,7663.475455,2208.687564,7661.632,-0.004727198428,-0.0002405508403,8.834567719,14.944008,5,True,False,False,
confirm3-0636-capsule-rhovol15-sp0.88x0.4x0.4-rand1,confirm3,capsule,True,0.88x0.4x0.4,2.2,rand1,15,54448,2219.178059,7663.475455,2211.561629,7666.2784,-0.00343209525,0.0003657537048,8.874236086,15.01110855,5,True,False,False,
confirm3-0637-torus-rhovol15-sp0.88x0.4x0.4-sym-centre,confirm3,torus,True,0.88x0.4x0.4,2.2,sym-centre,15,151980,5529.321731,21574.16565,5488.590632,21398.784,-0.007366382607,-0.008129243803,8.881217994,15.02291871,5,True,False,False,
confirm3-0638-torus-rhovol15-sp0.88x0.4x0.4-sym-corner,confirm3,torus,True,0.88x0.4x0.4,2.2,sym-corner,15,154184,5529.321731,21574.16565,5527.721029,21709.1072,-0.000289493436,0.006254774796,8.452101308,14.29705149,5,True,False,False,
confirm3-0639-torus-rhovol15-sp0.88x0.4x0.4-sym-face,confirm3,torus,True,0.88x0.4x0.4,2.2,sym-face,15,152080,5529.321731,21574.16565,5488.921313,21412.864,-0.007306577708,-0.00747661138,8.881217994,15.02291871,5,True,False,False,
confirm3-0640-torus-rhovol15-sp0.88x0.4x0.4-sym-edge,confirm3,torus,True,0.88x0.4x0.4,2.2,sym-edge,15,152002,5529.321731,21574.16565,5488.717011,21401.8816,-0.007343526485,-0.00798566467,8.8821485,15.0244927,5,True,False,False,
confirm3-0641-torus-rhovol15-sp0.88x0.4x0.4-sym-zcorner,confirm3,torus,True,0.88x0.4x0.4,2.2,sym-zcorner,15,154160,5529.321731,21574.16565,5528.69524,21705.728,-0.0001133035336,0.006098143015,8.452101308,14.29705149,5,True,False,False,
confirm3-0642-torus-rhovol15-sp0.88x0.4x0.4-rand0,confirm3,torus,True,0.88x0.4x0.4,2.2,rand0,15,153206,5529.321731,21574.16565,5514.987178,21571.4048,-0.002592461365,-0.000127970299,8.872373316,15.00795761,5,True,False,False,
confirm3-0643-torus-rhovol15-sp0.88x0.4x0.4-rand1,confirm3,torus,True,0.88x0.4x0.4,2.2,rand1,15,153233,5529.321731,21574.16565,5520.137157,21575.2064,-0.001661067185,4.824045516e-05,8.930401229,15.10611403,5,True,False,False,
confirm3-0644-sphere-rhovol20-sp0.88x0.4x0.4-sym-centre,confirm3,sphere,True,0.88x0.4x0.4,2.2,sym-centre,20,33463,1360.415668,4718.253287,1353.940287,4711.5904,-0.004759855065,-0.001412151122,11.82691985,20.00568566,5,True,True,False,
confirm3-0645-sphere-rhovol20-sp0.88x0.4x0.4-sym-corner,confirm3,sphere,True,0.88x0.4x0.4,2.2,sym-corner,20,33568,1360.415668,4718.253287,1357.37402,4726.3744,-0.002235823069,0.00172121182,11.24483352,19.02106447,5,True,True,False,
confirm3-0646-sphere-rhovol20-sp0.88x0.4x0.4-sym-face,confirm3,sphere,True,0.88x0.4x0.4,2.2,sym-face,20,33568,1360.415668,4718.253287,1356.664089,4726.3744,-0.002757671747,0.00172121182,11.51570972,19.47926187,5,True,True,False,
confirm3-0647-sphere-rhovol20-sp0.88x0.4x0.4-sym-edge,confirm3,sphere,True,0.88x0.4x0.4,2.2,sym-edge,20,33492,1360.415668,4718.253287,1355.092652,4715.6736,-0.003912786951,-0.0005467461187,11.61859439,19.65329521,5,True,True,False,
confirm3-0648-sphere-rhovol20-sp0.88x0.4x0.4-sym-zcorner,confirm3,sphere,True,0.88x0.4x0.4,2.2,sym-zcorner,20,33456,1360.415668,4718.253287,1354.563168,4710.6048,-0.004301994477,-0.001621041985,11.34216153,19.18569849,5,True,True,False,
confirm3-0649-sphere-rhovol20-sp0.88x0.4x0.4-rand0,confirm3,sphere,True,0.88x0.4x0.4,2.2,rand0,20,33504,1360.415668,4718.253287,1355.191613,4717.3632,-0.003840043881,-0.0001886474967,11.62819315,19.66953189,5,True,True,False,
confirm3-0650-sphere-rhovol20-sp0.88x0.4x0.4-rand1,confirm3,sphere,True,0.88x0.4x0.4,2.2,rand1,20,33494,1360.415668,4718.253287,1355.2598,4715.9552,-0.003789921465,-0.000487063015,11.56869529,19.56888899,5,True,True,False,
confirm3-0651-ellipsoid-rhovol20-sp0.88x0.4x0.4-sym-centre,confirm3,ellipsoid,True,0.88x0.4x0.4,2.2,sym-centre,20,95699,2964.570425,13494.2044,2959.984317,13474.4192,-0.001546972003,-0.001466199807,11.85309528,20.04996241,5,True,True,False,
confirm3-0652-ellipsoid-rhovol20-sp0.88x0.4x0.4-sym-corner,confirm3,ellipsoid,True,0.88x0.4x0.4,2.2,sym-corner,20,95888,2964.570425,13494.2044,2965.625491,13501.0304,0.0003558918844,0.0005058468004,11.7290344,19.8401087,5,True,True,False,
confirm3-0653-ellipsoid-rhovol20-sp0.88x0.4x0.4-sym-face,confirm3,ellipsoid,True,0.88x0.4x0.4,2.2,sym-face,20,95852,2964.570425,13494.2044,2962.855103,13495.9616,-0.0005786071314,0.0001302188753,11.80068635,19.96131071,5,True,True,False,
confirm3-0654-ellipsoid-rhovol20-sp0.88x0.4x0.4-sym-edge,confirm3,ellipsoid,True,0.88x0.4x0.4,2.2,sym-edge,20,95852,2964.570425,13494.2044,2963.569966,13495.9616,-0.0003374719182,0.0001302188753,11.80068635,19.96131071,5,True,True,False,
confirm3-0655-ellipsoid-rhovol20-sp0.88x0.4x0.4-sym-zcorner,confirm3,ellipsoid,True,0.88x0.4x0.4,2.2,sym-zcorner,20,95852,2964.570425,13494.2044,2964.998222,13495.9616,0.0001443033166,0.0001302188753,11.82691985,20.00568566,5,True,True,False,
confirm3-0656-ellipsoid-rhovol20-sp0.88x0.4x0.4-rand0,confirm3,ellipsoid,True,0.88x0.4x0.4,2.2,rand0,20,95843,2964.570425,13494.2044,2957.669038,13494.6944,-0.002327954969,3.6311894e-05,11.83565142,20.02045546,5,True,True,False,
confirm3-0657-ellipsoid-rhovol20-sp0.88x0.4x0.4-rand1,confirm3,ellipsoid,True,0.88x0.4x0.4,2.2,rand1,20,95874,2964.570425,13494.2044,2961.158484,13499.0592,-0.001150905632,0.000359769274,11.85309528,20.04996241,5,True,True,False,
confirm3-0658-capsule-rhovol20-sp0.88x0.4x0.4-sym-centre,confirm3,capsule,True,0.88x0.4x0.4,2.2,sym-centre,20,128733,3945.205438,18165.27515,3935.372262,18125.6064,-0.002492437185,-0.00218376839,11.82691985,20.00568566,5,True,True,False,
confirm3-0659-capsule-rhovol20-sp0.88x0.4x0.4-sym-corner,confirm3,capsule,True,0.88x0.4x0.4,2.2,sym-corner,20,129208,3945.205438,18165.27515,3942.742493,18192.4864,-0.0006242883188,0.001497981511,11.57083824,19.57251386,5,True,True,False,
confirm3-0660-capsule-rhovol20-sp0.88x0.4x0.4-sym-face,confirm3,capsule,True,0.88x0.4x0.4,2.2,sym-face,20,129200,3945.205438,18165.27515,3943.384365,18191.36,-0.000461591527,0.001435973091,11.57083824,19.57251386,5,True,True,False,
confirm3-0661-capsule-rhovol20-sp0.88x0.4x0.4-sym-edge,confirm3,capsule,True,0.88x0.4x0.4,2.2,sym-edge,20,129244,3945.205438,18165.27515,3947.28083,18197.5552,0.0005260542012,0.001777019398,11.6509142,19.7079654,5,True,True,False,
confirm3-0662-capsule-rhovol20-sp0.88x0.4x0.4-sym-zcorner,confirm3,capsule,True,0.88x0.4x0.4,2.2,sym-zcorner,20,128812,3945.205438,18165.27515,3936.673025,18136.7296,-0.002162729848,-0.001571435249,11.82691985,20.00568566,5,True,True,False,
confirm3-0663-capsule-rhovol20-sp0.88x0.4x0.4-rand0,confirm3,capsule,True,0.88x0.4x0.4,2.2,rand0,20,129047,3945.205438,18165.27515,3942.833419,18169.8176,-0.000601240917,0.0002500620704,11.7413587,19.86095572,5,True,True,False,
confirm3-0664-capsule-rhovol20-sp0.88x0.4x0.4-rand1,confirm3,capsule,True,0.88x0.4x0.4,2.2,rand1,20,128963,3945.205438,18165.27515,3943.28684,18157.9904,-0.0004863114039,-0.0004010263331,11.80278718,19.96486433,5,True,True,False,
confirm3-0665-torus-rhovol20-sp0.88x0.4x0.4-sym-centre,confirm3,torus,True,0.88x0.4x0.4,2.2,sym-centre,20,361932,9829.9053,51138.76303,9793.563337,50960.0256,-0.003697081723,-0.003495145705,11.83565142,20.02045546,5,True,True,False,
confirm3-0666-torus-rhovol20-sp0.88x0.4x0.4-sym-corner,confirm3,torus,True,0.88x0.4x0.4,2.2,sym-corner,20,364584,9829.9053,51138.76303,9845.613419,51333.4272,0.001597992869,0.00380658742,11.37853569,19.24722677,5,True,True,False,
confirm3-0667-torus-rhovol20-sp0.88x0.4x0.4-sym-face,confirm3,torus,True,0.88x0.4x0.4,2.2,sym-face,20,361916,9829.9053,51138.76303,9794.75927,50957.7728,-0.003575418978,-0.003539198394,11.84298097,20.03285367,5,True,True,False,
confirm3-0668-torus-rhovol20-sp0.88x0.4x0.4-sym-edge,confirm3,torus,True,0.88x0.4x0.4,2.2,sym-edge,20,361640,9829.9053,51138.76303,9789.702252,50918.912,-0.004089871371,-0.004299107271,11.84228312,20.03167322,5,True,True,False,
confirm3-0669-torus-rhovol20-sp0.88x0.4x0.4-sym-zcorner,confirm3,torus,True,0.88x0.4x0.4,2.2,sym-zcorner,20,364832,9829.9053,51138.76303,9847.026849,51368.3456,0.001741781659,0.004489404092,11.37853569,19.24722677,5,True,True,False,
confirm3-0670-torus-rhovol20-sp0.88x0.4x0.4-rand0,confirm3,torus,True,0.88x0.4x0.4,2.2,rand0,20,363118,9829.9053,51138.76303,9832.125441,51127.0144,0.0002258557674,-0.0002297401674,11.8342548,20.01809302,5,True,True,False,
confirm3-0671-torus-rhovol20-sp0.88x0.4x0.4-rand1,confirm3,torus,True,0.88x0.4x0.4,2.2,rand1,20,363264,9829.9053,51138.76303,9828.89816,51147.5712,-0.0001024567643,0.0001722406155,11.82132825,19.99622727,5,True,True,False,
confirm3-0672-sphere-rhovol27-sp0.88x0.4x0.4-sym-centre,confirm3,sphere,True,0.88x0.4x0.4,2.2,sym-centre,27,82275,2479.357556,11608.67243,2472.578782,11584.32,-0.002734084704,-0.002097779082,15.96380203,27.00337954,5,True,True,False,
confirm3-0673-sphere-rhovol27-sp0.88x0.4x0.4-sym-corner,confirm3,sphere,True,0.88x0.4x0.4,2.2,sym-corner,27,82560,2479.357556,11608.67243,2478.10898,11624.448,-0.0005035883249,0.001358946934,15.39399905,26.03953608,5,True,True,False,
confirm3-0674-sphere-rhovol27-sp0.88x0.4x0.4-sym-face,confirm3,sphere,True,0.88x0.4x0.4,2.2,sym-face,27,82300,2479.357556,11608.67243,2473.815466,11587.84,-0.002235292766,-0.001794557502,15.65669925,26.48390348,5,True,True,False,
confirm3-0675-sphere-rhovol27-sp0.88x0.4x0.4-sym-edge,confirm3,sphere,True,0.88x0.4x0.4,2.2,sym-edge,27,82394,2479.357556,11608.67243,2475.192023,11601.0752,-0.001680085618,-0.0006544443596,15.74302942,26.62993425,5,True,True,False,
confirm3-0676-sphere-rhovol27-sp0.88x0.4x0.4-sym-zcorner,confirm3,sphere,True,0.88x0.4x0.4,2.2,sym-zcorner,27,82440,2479.357556,11608.67243,2477.563115,11607.552,-0.0007237523586,-9.651665174e-05,15.48793185,26.198427,5,True,True,False,
confirm3-0677-sphere-rhovol27-sp0.88x0.4x0.4-rand0,confirm3,sphere,True,0.88x0.4x0.4,2.2,rand0,27,82401,2479.357556,11608.67243,2474.992625,11602.0608,-0.001760508618,-0.0005695423171,15.86357124,26.83383534,5,True,True,False,
confirm3-0678-sphere-rhovol27-sp0.88x0.4x0.4-rand1,confirm3,sphere,True,0.88x0.4x0.4,2.2,rand1,27,82404,2479.357556,11608.67243,2475.220725,11602.4832,-0.001668509286,-0.0005331557274,15.81635308,26.75396402,5,True,True,False,
confirm3-0679-ellipsoid-rhovol27-sp0.88x0.4x0.4-sym-centre,confirm3,ellipsoid,True,0.88x0.4x0.4,2.2,sym-centre,27,235871,5402.929599,33200.80315,5410.118418,33210.6368,0.001330540927,0.0002961871013,16.01264996,27.08600767,5,True,True,False,
confirm3-0680-ellipsoid-rhovol27-sp0.88x0.4x0.4-sym-corner,confirm3,ellipsoid,True,0.88x0.4x0.4,2.2,sym-corner,27,235824,5402.929599,33200.80315,5409.168539,33204.0192,0.001154732737,9.686662188e-05,15.87659018,26.85585737,5,True,True,False,
confirm3-0681-ellipsoid-rhovol27-sp0.88x0.4x0.4-sym-face,confirm3,ellipsoid,True,0.88x0.4x0.4,2.2,sym-face,27,235848,5402.929599,33200.80315,5411.463459,33207.3984,0.001579487491,0.0001986472922,15.90805191,26.90907609,5,True,True,False,
confirm3-0682-ellipsoid-rhovol27-sp0.88x0.4x0.4-sym-edge,confirm3,ellipsoid,True,0.88x0.4x0.4,2.2,sym-edge,27,235786,5402.929599,33200.80315,5408.66239,33198.6688,0.001061052233,-6.428610614e-05,15.90909091,26.91083359,5,True,True,False,
confirm3-0683-ellipsoid-rhovol27-sp0.88x0.4x0.4-sym-zcorner,confirm3,ellipsoid,True,0.88x0.4x0.4,2.2,sym-zcorner,27,235786,5402.929599,33200.80315,5409.919532,33198.6688,0.001293730201,-6.428610614e-05,16.01264996,27.08600767,5,True,True,False,
confirm3-0684-ellipsoid-rhovol27-sp0.88x0.4x0.4-rand0,confirm3,ellipsoid,True,0.88x0.4x0.4,2.2,rand0,27,235753,5402.929599,33200.80315,5404.586221,33194.0224,0.0003066155008,-0.0002042345278,15.96095442,26.99856271,5,True,True,False,
confirm3-0685-ellipsoid-rhovol27-sp0.88x0.4x0.4-rand1,confirm3,ellipsoid,True,0.88x0.4x0.4,2.2,rand1,27,235821,5402.929599,33200.80315,5402.080973,33203.5968,-0.0001570678876,8.414403809e-05,15.96897819,27.01213521,5,True,True,False,
confirm3-0686-capsule-rhovol27-sp0.88x0.4x0.4-sym-centre,confirm3,capsule,True,0.88x0.4x0.4,2.2,sym-centre,27,317553,7190.136911,44693.38886,7208.545778,44711.4624,0.002560294238,0.0004043896472,15.96742552,27.00950881,5,True,True,False,
confirm3-0687-capsule-rhovol27-sp0.88x0.4x0.4-sym-corner,confirm3,capsule,True,0.88x0.4x0.4,2.2,sym-corner,27,318000,7190.136911,44693.38886,7198.382056,44774.4,0.001146729884,0.001812597922,15.6735815,26.51246045,5,True,True,False,
confirm3-0688-capsule-rhovol27-sp0.88x0.4x0.4-sym-face,confirm3,capsule,True,0.88x0.4x0.4,2.2,sym-face,27,318084,7190.136911,44693.38886,7202.591083,44786.2272,0.001732118858,0.002077227665,15.6735815,26.51246045,5,True,True,False,
confirm3-0689-capsule-rhovol27-sp0.88x0.4x0.4-sym-edge,confirm3,capsule,True,0.88x0.4x0.4,2.2,sym-edge,27,317606,7190.136911,44693.38886,7200.54382,44718.9248,0.00144738673,0.0005713584135,15.77868633,26.69024927,5,True,True,False,
confirm3-0690-capsule-rhovol27-sp0.88x0.4x0.4-sym-zcorner,confirm3,capsule,True,0.88x0.4x0.4,2.2,sym-zcorner,27,317572,7190.136911,44693.38886,7206.879443,44714.1376,0.002328541427,0.0004642463748,15.96742552,27.00950881,5,True,True,False,
confirm3-0691-capsule-rhovol27-sp0.88x0.4x0.4-rand0,confirm3,capsule,True,0.88x0.4x0.4,2.2,rand0,27,317460,7190.136911,44693.38886,7189.193973,44698.368,-0.000131143372,0.0001114067176,15.92830009,26.94332666,5,True,True,False,
confirm3-0692-capsule-rhovol27-sp0.88x0.4x0.4-rand1,confirm3,capsule,True,0.88x0.4x0.4,2.2,rand1,27,317442,7190.136911,44693.38886,7190.828118,44695.8336,9.613262356e-05,5.470034417e-05,15.93504377,26.95473384,5,True,True,False,
confirm3-0693-torus-rhovol27-sp0.88x0.4x0.4-sym-centre,confirm3,torus,True,0.88x0.4x0.4,2.2,sym-centre,27,889060,17915.00241,125820.5341,17857.23616,125179.648,-0.003224462365,-0.005093652555,15.98785696,27.04406937,5,True,True,False,
confirm3-0694-torus-rhovol27-sp0.88x0.4x0.4-sym-corner,confirm3,torus,True,0.88x0.4x0.4,2.2,sym-corner,27,895280,17915.00241,125820.5341,17930.33863,126055.424,0.0008560546757,0.001866864711,15.54784671,26.29977526,5,True,True,False,
confirm3-0695-torus-rhovol27-sp0.88x0.4x0.4-sym-face,confirm3,torus,True,0.88x0.4x0.4,2.2,sym-face,27,889112,17915.00241,125820.5341,17858.23397,125186.9696,-0.003168765272,-0.005035461736,15.97027197,27.01432369,5,True,True,False,
confirm3-0696-torus-rhovol27-sp0.88x0.4x0.4-sym-edge,confirm3,torus,True,0.88x0.4x0.4,2.2,sym-edge,27,889120,17915.00241,125820.5341,17858.58598,125188.096,-0.003149116626,-0.005026509302,15.98785696,27.04406937,5,True,True,False,
confirm3-0697-torus-rhovol27-sp0.88x0.4x0.4-sym-zcorner,confirm3,torus,True,0.88x0.4x0.4,2.2,sym-zcorner,27,895464,17915.00241,125820.5341,17932.64276,126081.3312,0.0009846690257,0.002072770688,15.54784671,26.29977526,5,True,True,False,
confirm3-0698-torus-rhovol27-sp0.88x0.4x0.4-rand0,confirm3,torus,True,0.88x0.4x0.4,2.2,rand0,27,893645,17915.00241,125820.5341,17920.98523,125825.216,0.0003339556681,3.721105674e-05,15.95810631,26.99374501,5,True,True,False,
confirm3-0699-torus-rhovol27-sp0.88x0.4x0.4-rand1,confirm3,torus,True,0.88x0.4x0.4,2.2,rand1,27,893688,17915.00241,125820.5341,17923.4359,125831.2704,0.0004707499783,8.533038832e-05,15.96380203,27.00337954,5,True,True,False,
confirm3-0700-sphere-rhovol33-sp0.88x0.4x0.4-sym-centre,confirm3,sphere,True,0.88x0.4x0.4,2.2,sym-centre,33,150471,3703.731657,21194.98355,3701.936662,21186.3168,-0.0004846451366,-0.0004089055021,19.50926883,33.00067175,5,True,True,False,
confirm3-0701-sphere-rhovol33-sp0.88x0.4x0.4-sym-corner,confirm3,sphere,True,0.88x0.4x0.4,2.2,sym-corner,33,150336,3703.731657,21194.98355,3700.71086,21167.3088,-0.0008156091919,-0.001305721485,18.91717485,31.99912222,5,True,True,False,
confirm3-0702-sphere-rhovol33-sp0.88x0.4x0.4-sym-face,confirm3,sphere,True,0.88x0.4x0.4,2.2,sym-face,33,150616,3703.731657,21194.98355,3704.976703,21206.7328,0.0003361599211,0.0005543412943,19.20076617,32.47882775,5,True,True,False,
confirm3-0703-sphere-rhovol33-sp0.88x0.4x0.4-sym-edge,confirm3,sphere,True,0.88x0.4x0.4,2.2,sym-edge,33,150574,3703.731657,21194.98355,3703.977447,21200.8192,6.636275193e-05,0.0002753318774,19.2847304,32.62085644,5,True,True,False,
confirm3-0704-sphere-rhovol33-sp0.88x0.4x0.4-sym-zcorner,confirm3,sphere,True,0.88x0.4x0.4,2.2,sym-zcorner,33,150416,3703.731657,21194.98355,3700.018534,21178.5728,-0.001002535766,-0.0007742749766,19.01087118,32.15761314,5,True,True,False,
confirm3-0705-sphere-rhovol33-sp0.88x0.4x0.4-rand0,confirm3,sphere,True,0.88x0.4x0.4,2.2,rand0,33,150616,3703.731657,21194.98355,3704.479723,21206.7328,0.0002019762707,0.0005543412943,19.263291,32.58459088,5,True,True,False,
confirm3-0706-sphere-rhovol33-sp0.88x0.4x0.4-rand1,confirm3,sphere,True,0.88x0.4x0.4,2.2,rand1,33,150460,3703.731657,21194.98355,3702.105195,21184.768,-0.0004391414327,-0.000481979397,19.00282711,32.14400628,5,True,True,False,
confirm3-0707-ellipsoid-rhovol33-sp0.88x0.4x0.4-sym-centre,confirm3,ellipsoid,True,0.88x0.4x0.4,2.2,sym-centre,33,430535,8071.042982,60617.65294,8083.615207,60619.328,0.001557695244,2.763320761e-05,19.54545455,33.06188127,5,True,True,False,
confirm3-0708-ellipsoid-rhovol33-sp0.88x0.4x0.4-sym-corner,confirm3,ellipsoid,True,0.88x0.4x0.4,2.2,sym-corner,33,430536,8071.042982,60617.65294,8084.925641,60619.4688,0.001720057727,2.995596332e-05,19.43414393,32.87359513,5,True,True,False,
confirm3-0709-ellipsoid-rhovol33-sp0.88x0.4x0.4-sym-face,confirm3,ellipsoid,True,0.88x0.4x0.4,2.2,sym-face,33,430588,8071.042982,60617.65294,8085.990498,60626.7904,0.001851993196,0.0001507392607,19.43414393,32.87359513,5,True,True,False,
confirm3-0710-ellipsoid-rhovol33-sp0.88x0.4x0.4-sym-edge,confirm3,ellipsoid,True,0.88x0.4x0.4,2.2,sym-edge,33,430442,8071.042982,60617.65294,8083.287526,60606.2336,0.001517095622,-0.0001883830742,19.43414393,32.87359513,5,True,True,False,
confirm3-0711-ellipsoid-rhovol33-sp0.88x0.4x0.4-sym-zcorner,confirm3,ellipsoid,True,0.88x0.4x0.4,2.2,sym-zcorner,33,430442,8071.042982,60617.65294,8083.060771,60606.2336,0.00148900075,-0.0001883830742,19.54545455,33.06188127,5,True,True,False,
confirm3-0712-ellipsoid-rhovol33-sp0.88x0.4x0.4-rand0,confirm3,ellipsoid,True,0.88x0.4x0.4,2.2,rand0,33,430424,8071.042982,60617.65294,8074.645221,60603.6992,0.0004463164194,-0.0002301926771,19.5137163,33.00819483,5,True,True,False,
confirm3-0713-ellipsoid-rhovol33-sp0.88x0.4x0.4-rand1,confirm3,ellipsoid,True,0.88x0.4x0.4,2.2,rand1,33,430564,8071.042982,60617.65294,8076.790027,60623.4112,0.0007120573894,9.499312344e-05,19.50863339,32.99959689,5,True,True,False,
confirm3-0714-capsule-rhovol33-sp0.88x0.4x0.4-sym-centre,confirm3,capsule,True,0.88x0.4x0.4,2.2,sym-centre,33,577553,10740.82181,81600.68665,10724.60138,81319.4624,-0.001510165866,-0.003446346609,19.51900959,33.01714863,5,True,True,False,
confirm3-0715-capsule-rhovol33-sp0.88x0.4x0.4-sym-corner,confirm3,capsule,True,0.88x0.4x0.4,2.2,sym-corner,33,580528,10740.82181,81600.68665,10758.32076,81738.3424,0.001629200214,0.001686943528,19.263291,32.58459088,5,True,True,False,
confirm3-0716-capsule-rhovol33-sp0.88x0.4x0.4-sym-face,confirm3,capsule,True,0.88x0.4x0.4,2.2,sym-face,33,580664,10740.82181,81600.68665,10760.08253,81757.4912,0.001793226572,0.00192160822,19.263291,32.58459088,5,True,True,False,
confirm3-0717-capsule-rhovol33-sp0.88x0.4x0.4-sym-edge,confirm3,capsule,True,0.88x0.4x0.4,2.2,sym-edge,33,579462,10740.82181,81600.68665,10752.24204,81588.2496,0.001063254702,-0.0001524135428,19.2847304,32.62085644,5,True,True,False,
confirm3-0718-capsule-rhovol33-sp0.88x0.4x0.4-sym-zcorner,confirm3,capsule,True,0.88x0.4x0.4,2.2,sym-zcorner,33,577706,10740.82181,81600.68665,10727.84148,81341.0048,-0.001208504406,-0.003182348831,19.51900959,33.01714863,5,True,True,False,
confirm3-0719-capsule-rhovol33-sp0.88x0.4x0.4-rand0,confirm3,capsule,True,0.88x0.4x0.4,2.2,rand0,33,579525,10740.82181,81600.68665,10748.55721,81597.12,0.0007201877106,-4.370857517e-05,19.47131817,32.93647677,5,True,True,False,
confirm3-0720-capsule-rhovol33-sp0.88x0.4x0.4-rand1,confirm3,capsule,True,0.88x0.4x0.4,2.2,rand1,33,579511,10740.82181,81600.68665,10741.63798,81595.1488,7.598769563e-05,-6.786523464e-05,19.50820976,32.99888029,5,True,True,False,
confirm3-0721-torus-rhovol33-sp0.88x0.4x0.4-sym-centre,confirm3,torus,True,0.88x0.4x0.4,2.2,sym-centre,33,1633692,26761.91718,229721.7159,26788.93709,230023.8336,0.001009640469,0.001315146597,19.51668072,33.01320926,5,True,True,False,
confirm3-0722-torus-rhovol33-sp0.88x0.4x0.4-sym-corner,confirm3,torus,True,0.88x0.4x0.4,2.2,sym-corner,33,1627352,26761.91718,229721.7159,26836.5781,229131.1616,0.002789819493,-0.002570737663,19.02173615,32.17599165,5,True,True,False,
confirm3-0723-torus-rhovol33-sp0.88x0.4x0.4-sym-face,confirm3,torus,True,0.88x0.4x0.4,2.2,sym-face,33,1633452,26761.91718,229721.7159,26790.40192,229990.0416,0.001064375795,0.001168046878,19.52197321,33.0221617,5,True,True,False,
confirm3-0724-torus-rhovol33-sp0.88x0.4x0.4-sym-edge,confirm3,torus,True,0.88x0.4x0.4,2.2,sym-edge,33,1633496,26761.91718,229721.7159,26787.5022,229996.2368,0.0009560234187,0.00119501516,19.51710417,33.01392554,5,True,True,False,
confirm3-0725-torus-rhovol33-sp0.88x0.4x0.4-sym-zcorner,confirm3,torus,True,0.88x0.4x0.4,2.2,sym-zcorner,33,1627616,26761.91718,229721.7159,26836.04862,229168.3328,0.002770034888,-0.002408927972,19.02173615,32.17599165,5,True,True,False,
confirm3-0726-torus-rhovol33-sp0.88x0.4x0.4-rand0,confirm3,torus,True,0.88x0.4x0.4,2.2,rand0,33,1631704,26761.91718,229721.7159,26794.77479,229743.9232,0.001227774817,9.667058619e-05,19.49655617,32.97916781,5,True,True,False,
confirm3-0727-torus-rhovol33-sp0.88x0.4x0.4-rand1,confirm3,torus,True,0.88x0.4x0.4,2.2,rand1,33,1631619,26761.91718,229721.7159,26780.97703,229731.9552,0.0007122005856,4.457276882e-05,19.50820976,32.99888029,5,True,True,False,
confirm3-0728-sphere-rhovol37-sp0.88x0.4x0.4-sym-centre,confirm3,sphere,True,0.88x0.4x0.4,2.2,sym-centre,37,212139,4656.022625,29874.21047,4656.710024,29869.1712,0.000147636567,-0.0001686828252,21.87492621,37.00227137,5,True,True,True,
confirm3-0729-sphere-rhovol37-sp0.88x0.4x0.4-sym-corner,confirm3,sphere,True,0.88x0.4x0.4,2.2,sym-corner,37,212128,4656.022625,29874.21047,4657.829177,29867.6224,0.0003880031337,-0.0002205268731,21.28690281,36.00760739,5,True,True,True,
confirm3-0730-sphere-rhovol37-sp0.88x0.4x0.4-sym-face,confirm3,sphere,True,0.88x0.4x0.4,2.2,sym-face,37,212176,4656.022625,29874.21047,4656.156785,29874.3808,2.881419568e-05,5.701699781e-06,21.55619218,36.46312062,5,True,True,True,
confirm3-0731-sphere-rhovol37-sp0.88x0.4x0.4-sym-edge,confirm3,sphere,True,0.88x0.4x0.4,2.2,sym-edge,37,212100,4656.022625,29874.21047,4654.301178,29863.68,-0.0003697247963,-0.0003524935406,21.64972849,36.62134085,5,True,True,True,
confirm3-0732-sphere-rhovol37-sp0.88x0.4x0.4-sym-zcorner,confirm3,sphere,True,0.88x0.4x0.4,2.2,sym-zcorner,37,212084,4656.022625,29874.21047,4656.469901,29861.4272,9.606400762e-05,-0.0004279030649,21.3899258,36.18187469,5,True,True,True,
confirm3-0733-sphere-rhovol37-sp0.88x0.4x0.4-rand0,confirm3,sphere,True,0.88x0.4x0.4,2.2,rand0,37,212172,4656.022625,29874.21047,4656.288891,29873.8176,5.718740645e-05,-1.315068129e-05,21.66251285,36.64296607,5,True,True,True,
confirm3-0734-sphere-rhovol37-sp0.88x0.4x0.4-rand1,confirm3,sphere,True,0.88x0.4x0.4,2.2,rand1,37,212253,4656.022625,29874.21047,4659.227015,29885.2224,0.000688224738,0.0003686100355,21.35880023,36.1292246,5,True,True,True,
confirm3-0735-ellipsoid-rhovol37-sp0.88x0.4x0.4-sym-centre,confirm3,ellipsoid,True,0.88x0.4x0.4,2.2,sym-centre,37,606821,10146.24228,85440.24193,10167.18754,85440.3968,0.002064336914,1.812572216e-06,21.93623366,37.10597526,5,True,True,True,
confirm3-0736-ellipsoid-rhovol37-sp0.88x0.4x0.4-sym-corner,confirm3,ellipsoid,True,0.88x0.4x0.4,2.2,sym-corner,37,606728,10146.24228,85440.24193,10164.51077,85427.3024,0.001800518368,-0.0001514454208,21.81818182,36.90628607,5,True,True,True,
confirm3-0737-ellipsoid-rhovol37-sp0.88x0.4x0.4-sym-face,confirm3,ellipsoid,True,0.88x0.4x0.4,2.2,sym-face,37,606832,10146.24228,85440.24193,10165.02056,85441.9456,0.001850762447,1.993986171e-05,21.81818182,36.90628607,5,True,True,True,
confirm3-0738-ellipsoid-rhovol37-sp0.88x0.4x0.4-sym-edge,confirm3,ellipsoid,True,0.88x0.4x0.4,2.2,sym-edge,37,606672,10146.24228,85440.24193,10164.58209,85419.4176,0.001807547236,-0.0002437298037,21.81818182,36.90628607,5,True,True,True,
confirm3-0739-ellipsoid-rhovol37-sp0.88x0.4x0.4-sym-zcorner,confirm3,ellipsoid,True,0.88x0.4x0.4,2.2,sym-zcorner,37,606672,10146.24228,85440.24193,10164.21494,85419.4176,0.001771361345,-0.0002437298037,21.91663393,37.07282158,5,True,True,True,
confirm3-0740-ellipsoid-rhovol37-sp0.88x0.4x0.4-rand0,confirm3,ellipsoid,True,0.88x0.4x0.4,2.2,rand0,37,606927,10146.24228,85440.24193,10152.26166,85455.3216,0.0005932625451,0.0001764937255,21.87039208,36.99460171,5,True,True,True,
confirm3-0741-ellipsoid-rhovol37-sp0.88x0.4x0.4-rand1,confirm3,ellipsoid,True,0.88x0.4x0.4,2.2,rand1,37,606864,10146.24228,85440.24193,10163.29003,85446.4512,0.001680203468,7.267379479e-05,21.8843693,37.01824473,5,True,True,True,
confirm3-0742-capsule-rhovol37-sp0.88x0.4x0.4-sym-centre,confirm3,capsule,True,0.88x0.4x0.4,2.2,sym-centre,37,817999,13502.46561,115015.7103,13544.95037,115174.2592,0.003146444626,0.001378497813,21.89380833,37.03421119,5,True,True,True,
confirm3-0743-capsule-rhovol37-sp0.88x0.4x0.4-sym-corner,confirm3,capsule,True,0.88x0.4x0.4,2.2,sym-corner,37,816648,13502.46561,115015.7103,13519.54743,114984.0384,0.001265088875,-0.0002753701635,21.55619218,36.46312062,5,True,True,True,
confirm3-0744-capsule-rhovol37-sp0.88x0.4x0.4-sym-face,confirm3,capsule,True,0.88x0.4x0.4,2.2,sym-face,37,816640,13502.46561,115015.7103,13520.52506,114982.912,0.001337492876,-0.0002851636082,21.55619218,36.46312062,5,True,True,True,
confirm3-0745-capsule-rhovol37-sp0.88x0.4x0.4-sym-edge,confirm3,capsule,True,0.88x0.4x0.4,2.2,sym-edge,37,816724,13502.46561,115015.7103,13531.65468,114994.7392,0.002161758566,-0.0001823324387,21.67090444,36.65716077,5,True,True,True,
confirm3-0746-capsule-rhovol37-sp0.88x0.4x0.4-sym-zcorner,confirm3,capsule,True,0.88x0.4x0.4,2.2,sym-zcorner,37,817870,13502.46561,115015.7103,13541.26827,115156.096,0.002873745884,0.001220578517,21.89380833,37.03421119,5,True,True,True,
confirm3-0747-capsule-rhovol37-sp0.88x0.4x0.4-rand0,confirm3,capsule,True,0.88x0.4x0.4,2.2,rand0,37,816900,13502.46561,115015.7103,13501.32196,115019.52,-8.469921286e-05,3.312334498e-05,21.86906944,36.99236443,5,True,True,True,
confirm3-0748-capsule-rhovol37-sp0.88x0.4x0.4-rand1,confirm3,capsule,True,0.88x0.4x0.4,2.2,rand1,37,816807,13502.46561,115015.7103,13519.97409,115006.4256,0.001296687526,-8.072544982e-05,21.84638329,36.95398993,5,True,True,True,
confirm3-0749-torus-rhovol37-sp0.88x0.4x0.4-sym-centre,confirm3,torus,True,0.88x0.4x0.4,2.2,sym-centre,37,2294920,33642.85089,323791.4705,33607.37964,323124.736,-0.001054347349,-0.002059147686,21.88266985,37.01537003,5,True,True,True,
confirm3-0750-torus-rhovol37-sp0.88x0.4x0.4-sym-corner,confirm3,torus,True,0.88x0.4x0.4,2.2,sym-corner,37,2303344,33642.85089,323791.4705,33710.82786,324310.8352,0.002020547223,0.001604009958,21.41406042,36.22269932,5,True,True,True,
confirm3-0751-torus-rhovol37-sp0.88x0.4x0.4-sym-face,confirm3,torus,True,0.88x0.4x0.4,2.2,sym-face,37,2294480,33642.85089,323791.4705,33610.41976,323062.784,-0.0009639828898,-0.002250480706,21.88361401,37.01696711,5,True,True,True,
confirm3-0752-torus-rhovol37-sp0.88x0.4x0.4-sym-edge,confirm3,torus,True,0.88x0.4x0.4,2.2,sym-edge,37,2294732,33642.85089,323791.4705,33610.23218,323098.2656,-0.0009695585205,-0.002140899067,21.88833419,37.02495148,5,True,True,True,
confirm3-0753-torus-rhovol37-sp0.88x0.4x0.4-sym-zcorner,confirm3,torus,True,0.88x0.4x0.4,2.2,sym-zcorner,37,2303568,33642.85089,323791.4705,33710.7071,324342.3744,0.002016957694,0.001701415859,21.41406042,36.22269932,5,True,True,True,
confirm3-0754-torus-rhovol37-sp0.88x0.4x0.4-rand0,confirm3,torus,True,0.88x0.4x0.4,2.2,rand0,37,2299467,33642.85089,323791.4705,33669.01683,323764.9536,0.0007777562156,-8.189485967e-05,21.86151001,36.97957736,5,True,True,True,
confirm3-0755-torus-rhovol37-sp0.88x0.4x0.4-rand1,confirm3,torus,True,0.88x0.4x0.4,2.2,rand1,37,2299727,33642.85089,323791.4705,33704.84952,323801.5616,0.001842847,3.116556143e-05,21.87662627,37.00514709,5,True,True,True,
confirm3-0756-sphere-rhovol42-sp0.88x0.4x0.4-sym-centre,confirm3,sphere,True,0.88x0.4x0.4,2.2,sym-centre,42,310177,5999.433098,43695.74369,6001.052256,43672.9216,0.0002698852098,-0.0005222954443,24.83000052,42.00089218,5,True,True,True,
confirm3-0757-sphere-rhovol42-sp0.88x0.4x0.4-sym-corner,confirm3,sphere,True,0.88x0.4x0.4,2.2,sym-corner,42,310384,5999.433098,43695.74369,6005.41468,43702.0672,0.000997024566,0.0001447168901,24.25569712,41.02943611,5,True,True,True,
confirm3-0758-sphere-rhovol42-sp0.88x0.4x0.4-sym-face,confirm3,sphere,True,0.88x0.4x0.4,2.2,sym-face,42,310364,5999.433098,43695.74369,6003.745727,43699.2512,0.000718839387,8.027125391e-05,24.51749249,41.47227295,5,True,True,True,
confirm3-0759-sphere-rhovol42-sp0.88x0.4x0.4-sym-edge,confirm3,sphere,True,0.88x0.4x0.4,2.2,sym-edge,42,310330,5999.433098,43695.74369,6001.899865,43694.464,0.000411166785,-2.928632759e-05,24.60363475,41.61798587,5,True,True,True,
confirm3-0760-sphere-rhovol42-sp0.88x0.4x0.4-sym-zcorner,confirm3,sphere,True,0.88x0.4x0.4,2.2,sym-zcorner,42,310466,5999.433098,43695.74369,6005.189413,43713.6128,0.0009594764916,0.0004089439984,24.34191705,41.1752804,5,True,True,True,
confirm3-0761-sphere-rhovol42-sp0.88x0.4x0.4-rand0,confirm3,sphere,True,0.88x0.4x0.4,2.2,rand0,42,310361,5999.433098,43695.74369,6004.825222,43698.8288,0.0008987723805,7.060440848e-05,24.3356352,41.16465441,5,True,True,True,
confirm3-0762-sphere-rhovol42-sp0.88x0.4x0.4-rand1,confirm3,sphere,True,0.88x0.4x0.4,2.2,rand1,42,310422,5999.433098,43695.74369,6005.208485,43707.4176,0.0009626554514,0.0002671635988,24.41192636,41.29370382,5,True,True,True,
confirm3-0763-ellipsoid-rhovol42-sp0.88x0.4x0.4-sym-centre,confirm3,ellipsoid,True,0.88x0.4x0.4,2.2,sym-centre,42,887591,13073.75557,124969.8269,13102.75875,124972.8128,0.002218427113,2.389258898e-05,25,42.28845279,5,True,True,True,
confirm3-0764-ellipsoid-rhovol42-sp0.88x0.4x0.4-sym-corner,confirm3,ellipsoid,True,0.88x0.4x0.4,2.2,sym-corner,42,887832,13073.75557,124969.8269,13105.34487,125006.7456,0.002416237277,0.0002954205316,24.63300883,41.66767324,5,True,True,True,
confirm3-0765-ellipsoid-rhovol42-sp0.88x0.4x0.4-sym-face,confirm3,ellipsoid,True,0.88x0.4x0.4,2.2,sym-face,42,887608,13073.75557,124969.8269,13102.03029,124975.2064,0.002162708403,4.304601231e-05,24.65044884,41.69717368,5,True,True,True,
confirm3-0766-ellipsoid-rhovol42-sp0.88x0.4x0.4-sym-edge,confirm3,ellipsoid,True,0.88x0.4x0.4,2.2,sym-edge,42,887574,13073.75557,124969.8269,13103.03534,124970.4192,0.002239583068,4.739165638e-06,24.65044884,41.69717368,5,True,True,True,
confirm3-0767-ellipsoid-rhovol42-sp0.88x0.4x0.4-sym-zcorner,confirm3,ellipsoid,True,0.88x0.4x0.4,2.2,sym-zcorner,42,887574,13073.75557,124969.8269,13102.17357,124970.4192,0.00217366745,4.739165638e-06,25,42.28845279,5,True,True,True,
confirm3-0768-ellipsoid-rhovol42-sp0.88x0.4x0.4-rand0,confirm3,ellipsoid,True,0.88x0.4x0.4,2.2,rand0,42,887470,13073.75557,124969.8269,13086.83032,124955.776,0.001000075603,-0.0001124347183,24.83848653,42.0152466,5,True,True,True,
confirm3-0769-ellipsoid-rhovol42-sp0.88x0.4x0.4-rand1,confirm3,ellipsoid,True,0.88x0.4x0.4,2.2,rand1,42,887457,13073.75557,124969.8269,13082.57457,124953.9456,0.0006745571876,-0.0001270814538,24.85428609,42.04197216,5,True,True,True,
confirm3-0770-capsule-rhovol42-sp0.88x0.4x0.4-sym-centre,confirm3,capsule,True,0.88x0.4x0.4,2.2,sym-centre,42,1194929,17398.35598,168228.6132,17428.03234,168246.0032,0.001705698708,0.0001033712482,24.83000052,42.00089218,5,True,True,True,
confirm3-0771-capsule-rhovol42-sp0.88x0.4x0.4-sym-corner,confirm3,capsule,True,0.88x0.4x0.4,2.2,sym-corner,42,1196272,17398.35598,168228.6132,17454.49867,168435.0976,0.003226895807,0.001227403578,24.56228379,41.54803914,5,True,True,True,
confirm3-0772-capsule-rhovol42-sp0.88x0.4x0.4-sym-face,confirm3,capsule,True,0.88x0.4x0.4,2.2,sym-face,42,1196044,17398.35598,168228.6132,17451.26758,168402.9952,0.003041183598,0.001036577538,24.56228379,41.54803914,5,True,True,True,
confirm3-0773-capsule-rhovol42-sp0.88x0.4x0.4-sym-edge,confirm3,capsule,True,0.88x0.4x0.4,2.2,sym-edge,42,1195046,17398.35598,168228.6132,17431.55461,168262.4768,0.001908147585,0.0002012951369,24.61270249,41.6333243,5,True,True,True,
confirm3-0774-capsule-rhovol42-sp0.88x0.4x0.4-sym-zcorner,confirm3,capsule,True,0.88x0.4x0.4,2.2,sym-zcorner,42,1195128,17398.35598,168228.6132,17431.42866,168274.0224,0.001900908008,0.0002699255546,24.83000052,42.00089218,5,True,True,True,
confirm3-0775-capsule-rhovol42-sp0.88x0.4x0.4-rand0,confirm3,capsule,True,0.88x0.4x0.4,2.2,rand0,42,1194823,17398.35598,168228.6132,17430.89648,168231.0784,0.001870320275,1.46538789e-05,24.8215116,41.98653286,5,True,True,True,
confirm3-0776-capsule-rhovol42-sp0.88x0.4x0.4-rand1,confirm3,capsule,True,0.88x0.4x0.4,2.2,rand1,42,1194714,17398.35598,168228.6132,17408.88751,168215.7312,0.0006053170671,-7.657435932e-05,24.82650543,41.99498011,5,True,True,True,
confirm3-0777-torus-rhovol42-sp0.88x0.4x0.4-sym-centre,confirm3,torus,True,0.88x0.4x0.4,2.2,sym-centre,42,3359112,43349.88237,473596.0844,43331.44553,472962.9696,-0.0004253031315,-0.001336824402,24.83832017,42.01496519,5,True,True,True,
confirm3-0778-torus-rhovol42-sp0.88x0.4x0.4-sym-corner,confirm3,torus,True,0.88x0.4x0.4,2.2,sym-corner,42,3368144,43349.88237,473596.0844,43452.28062,474234.6752,0.002362134281,0.001348386988,24.36312754,41.21115875,5,True,True,True,
confirm3-0779-torus-rhovol42-sp0.88x0.4x0.4-sym-face,confirm3,torus,True,0.88x0.4x0.4,2.2,sym-face,42,3358844,43349.88237,473596.0844,43324.42885,472925.2352,-0.0005871648831,-0.001416500736,24.83183108,42.00398865,5,True,True,True,
confirm3-0780-torus-rhovol42-sp0.88x0.4x0.4-sym-edge,confirm3,torus,True,0.88x0.4x0.4,2.2,sym-edge,42,3358942,43349.88237,473596.0844,43335.48171,472939.0336,-0.0003321961567,-0.00138736536,24.83832017,42.01496519,5,True,True,True,
confirm3-0781-torus-rhovol42-sp0.88x0.4x0.4-sym-zcorner,confirm3,torus,True,0.88x0.4x0.4,2.2,sym-zcorner,42,3368448,43349.88237,473596.0844,43457.36955,474277.4784,0.002479526299,0.001438766114,24.36312754,41.21115875,5,True,True,True,
confirm3-0782-torus-rhovol42-sp0.88x0.4x0.4-rand0,confirm3,torus,True,0.88x0.4x0.4,2.2,rand0,42,3363531,43349.88237,473596.0844,43425.96848,473585.1648,0.001755162838,-2.305678296e-05,24.83000052,42.00089218,5,True,True,True,
confirm3-0783-torus-rhovol42-sp0.88x0.4x0.4-rand1,confirm3,torus,True,0.88x0.4x0.4,2.2,rand1,42,3363858,43349.88237,473596.0844,43387.17902,473631.2064,0.000860363291,7.416023702e-05,24.82600609,41.99413547,5,True,True,True,
confirm3-0784-sphere-rhovol11-sp1.4x0.4x0.4-sym-centre,confirm3,sphere,True,1.4x0.4x0.4,3.5,sym-centre,11,5573,560.824847,1248.862667,554.8372982,1248.352,-0.01067632584,-0.0004089055021,4.774507133,11.00628048,5,True,False,False,
confirm3-0785-sphere-rhovol11-sp1.4x0.4x0.4-sym-corner,confirm3,sphere,True,1.4x0.4x0.4,3.5,sym-corner,11,5576,560.824847,1248.862667,556.947657,1249.024,-0.006913370614,0.0001291840876,4.247448214,9.791294696,5,True,False,False,
confirm3-0786-sphere-rhovol11-sp1.4x0.4x0.4-sym-face,confirm3,sphere,True,1.4x0.4x0.4,3.5,sym-face,11,5600,560.824847,1248.862667,556.5178958,1254.4,-0.007679672665,0.004433900805,4.607004428,10.62015021,5,True,False,False,
confirm3-0787-sphere-rhovol11-sp1.4x0.4x0.4-sym-edge,confirm3,sphere,True,1.4x0.4x0.4,3.5,sym-edge,11,5562,560.824847,1248.862667,553.7911386,1245.888,-0.01254172043,-0.002381900664,4.651091599,10.72178075,5,True,False,False,
confirm3-0788-sphere-rhovol11-sp1.4x0.4x0.4-sym-zcorner,confirm3,sphere,True,1.4x0.4x0.4,3.5,sym-zcorner,11,5610,560.824847,1248.862667,558.8808431,1256.64,-0.00346632991,0.006227532771,4.314191106,9.945151623,5,True,False,False,
confirm3-0789-sphere-rhovol11-sp1.4x0.4x0.4-rand0,confirm3,sphere,True,1.4x0.4x0.4,3.5,rand0,11,5584,560.824847,1248.862667,557.1114243,1250.816,-0.006621359066,0.00156408966,4.351870346,10.03201049,5,True,False,False,
confirm3-0790-sphere-rhovol11-sp1.4x0.4x0.4-rand1,confirm3,sphere,True,1.4x0.4x0.4,3.5,rand1,11,5551,560.824847,1248.862667,553.3745255,1243.424,-0.01328457815,-0.004354895827,4.553536414,10.49689477,5,True,False,False,
confirm3-0791-ellipsoid-rhovol11-sp1.4x0.4x0.4-sym-centre,confirm3,ellipsoid,True,1.4x0.4x0.4,3.5,sym-centre,11,15987,1222.129966,3571.747227,1223.663547,3581.088,0.001254842583,0.002615183078,4.857142857,11.19677385,5,True,False,False,
confirm3-0792-ellipsoid-rhovol11-sp1.4x0.4x0.4-sym-corner,confirm3,ellipsoid,True,1.4x0.4x0.4,3.5,sym-corner,11,15896,1222.129966,3571.747227,1214.739655,3560.704,-0.006047074425,-0.003091827722,4.651091599,10.72178075,5,True,False,False,
confirm3-0793-ellipsoid-rhovol11-sp1.4x0.4x0.4-sym-face,confirm3,ellipsoid,True,1.4x0.4x0.4,3.5,sym-face,11,16024,1222.129966,3571.747227,1224.637765,3589.376,0.002051989821,0.004935616041,4.651091599,10.72178075,5,True,False,False,
confirm3-0794-ellipsoid-rhovol11-sp1.4x0.4x0.4-sym-edge,confirm3,ellipsoid,True,1.4x0.4x0.4,3.5,sym-edge,11,15934,1222.129966,3571.747227,1220.510398,3569.216,-0.001325201164,-0.0007086803551,4.712120715,10.86246618,5,True,False,False,
confirm3-0795-ellipsoid-rhovol11-sp1.4x0.4x0.4-sym-zcorner,confirm3,ellipsoid,True,1.4x0.4x0.4,3.5,sym-zcorner,11,15968,1222.129966,3571.747227,1217.341731,3576.832,-0.003917943064,0.001423609394,4.857142857,11.19677385,5,True,False,False,
confirm3-0796-ellipsoid-rhovol11-sp1.4x0.4x0.4-rand0,confirm3,ellipsoid,True,1.4x0.4x0.4,3.5,rand0,11,15939,1222.129966,3571.747227,1218.747081,3570.336,-0.002768023965,-0.0003951083331,4.774507133,11.00628048,5,True,False,False,
confirm3-0797-ellipsoid-rhovol11-sp1.4x0.4x0.4-rand1,confirm3,ellipsoid,True,1.4x0.4x0.4,3.5,rand1,11,15992,1222.129966,3571.747227,1221.430928,3582.208,-0.0005719836577,0.0029287551,4.965184913,11.44583436,5,True,False,False,
confirm3-0798-capsule-rhovol11-sp1.4x0.4x0.4-sym-centre,confirm3,capsule,True,1.4x0.4x0.4,3.5,sym-centre,11,21511,1626.392056,4808.121267,1629.475555,4818.464,0.00189591321,0.002151096485,4.789444175,11.04071362,5,True,False,False,
confirm3-0799-capsule-rhovol11-sp1.4x0.4x0.4-sym-corner,confirm3,capsule,True,1.4x0.4x0.4,3.5,sym-corner,11,21592,1626.392056,4808.121267,1639.783838,4836.608,0.008234042569,0.00592471179,4.607004428,10.62015021,5,True,False,False,
confirm3-0800-capsule-rhovol11-sp1.4x0.4x0.4-sym-face,confirm3,capsule,True,1.4x0.4x0.4,3.5,sym-face,11,21496,1626.392056,4808.121267,1631.45814,4815.104,0.003114921748,0.001452278836,4.607004428,10.62015021,5,True,False,False,
confirm3-0801-capsule-rhovol11-sp1.4x0.4x0.4-sym-edge,confirm3,capsule,True,1.4x0.4x0.4,3.5,sym-edge,11,21494,1626.392056,4808.121267,1630.03726,4814.656,0.002241282042,0.00135910315,4.651091599,10.72178075,5,True,False,False,
confirm3-0802-capsule-rhovol11-sp1.4x0.4x0.4-sym-zcorner,confirm3,capsule,True,1.4x0.4x0.4,3.5,sym-zcorner,11,21508,1626.392056,4808.121267,1631.102927,4817.792,0.002896515913,0.002011332956,4.789444175,11.04071362,5,True,False,False,
confirm3-0803-capsule-rhovol11-sp1.4x0.4x0.4-rand0,confirm3,capsule,True,1.4x0.4x0.4,3.5,rand0,11,21468,1626.392056,4808.121267,1619.572995,4808.832,-0.004192753489,0.0001478192249,4.774507133,11.00628048,5,True,False,False,
confirm3-0804-capsule-rhovol11-sp1.4x0.4x0.4-rand1,confirm3,capsule,True,1.4x0.4x0.4,3.5,rand1,11,21446,1626.392056,4808.121267,1619.568303,4803.904,-0.004195638815,-0.0008771133269,4.746642207,10.94204575,5,True,False,False,
confirm3-0805-torus-rhovol11-sp1.4x0.4x0.4-sym-centre,confirm3,torus,True,1.4x0.4x0.4,3.5,sym-centre,11,59828,4052.331405,13535.79134,4010.085144,13401.472,-0.01042517407,-0.009923271984,4.789444175,11.04071362,5,True,False,False,
confirm3-0806-torus-rhovol11-sp1.4x0.4x0.4-sym-corner,confirm3,torus,True,1.4x0.4x0.4,3.5,sym-corner,11,61424,4052.331405,13535.79134,4089.022885,13758.976,0.009054412465,0.01648848268,4.351870346,10.03201049,5,True,False,False,
confirm3-0807-torus-rhovol11-sp1.4x0.4x0.4-sym-face,confirm3,torus,True,1.4x0.4x0.4,3.5,sym-face,11,59832,4052.331405,13535.79134,4013.522169,13402.368,-0.009577014263,-0.00985707711,4.789444175,11.04071362,5,True,False,False,
confirm3-0808-torus-rhovol11-sp1.4x0.4x0.4-sym-edge,confirm3,torus,True,1.4x0.4x0.4,3.5,sym-edge,11,59774,4052.331405,13535.79134,4010.123931,13389.376,-0.01041560267,-0.01081690278,4.789444175,11.04071362,5,True,False,False,
confirm3-0809-torus-rhovol11-sp1.4x0.4x0.4-sym-zcorner,confirm3,torus,True,1.4x0.4x0.4,3.5,sym-zcorner,11,61416,4052.331405,13535.79134,4088.961659,13757.184,0.00903930372,0.01635609293,4.351870346,10.03201049,5,True,False,False,
confirm3-0810-torus-rhovol11-sp1.4x0.4x0.4-rand0,confirm3,torus,True,1.4x0.4x0.4,3.5,rand0,11,60389,4052.331405,13535.79134,4051.230167,13527.136,-0.0002717541005,-0.0006394409275,4.783048298,11.02596973,5,True,False,False,
confirm3-0811-torus-rhovol11-sp1.4x0.4x0.4-rand1,confirm3,torus,True,1.4x0.4x0.4,3.5,rand1,11,60446,4052.331405,13535.79134,4058.241171,13539.904,0.00145836195,0.0003038360247,4.789444175,11.04071362,5,True,False,False,
confirm3-0812-sphere-rhovol15-sp1.4x0.4x0.4-sym-centre,confirm3,sphere,True,1.4x0.4x0.4,3.5,sym-centre,15,14173,1042.856121,3166.725395,1041.498535,3174.752,-0.001301795591,0.002534670418,6.510587923,15.00832542,5,True,False,False,
confirm3-0813-sphere-rhovol15-sp1.4x0.4x0.4-sym-corner,confirm3,sphere,True,1.4x0.4x0.4,3.5,sym-corner,15,14088,1042.856121,3166.725395,1037.740543,3155.712,-0.004905353015,-0.003477849654,6.006798869,13.84698175,5,True,False,False,
confirm3-0814-sphere-rhovol15-sp1.4x0.4x0.4-sym-face,confirm3,sphere,True,1.4x0.4x0.4,3.5,sym-face,15,14160,1042.856121,3166.725395,1040.793162,3171.84,-0.001978181776,0.001615108525,6.331005659,14.59434913,5,True,False,False,
confirm3-0815-sphere-rhovol15-sp1.4x0.4x0.4-sym-edge,confirm3,sphere,True,1.4x0.4x0.4,3.5,sym-edge,15,14194,1042.856121,3166.725395,1043.49387,3179.456,0.000611541102,0.004020116554,6.37117232,14.68694204,5,True,False,False,
confirm3-0816-sphere-rhovol15-sp1.4x0.4x0.4-sym-zcorner,confirm3,sphere,True,1.4x0.4x0.4,3.5,sym-zcorner,15,14078,1042.856121,3166.725395,1036.803671,3153.472,-0.005803724692,-0.004185204957,6.013590051,13.86263691,5,True,False,False,
confirm3-0817-sphere-rhovol15-sp1.4x0.4x0.4-rand0,confirm3,sphere,True,1.4x0.4x0.4,3.5,rand0,15,14133,1042.856121,3166.725395,1040.359058,3165.792,-0.002394446155,-0.0002947507921,6.182595717,14.25223184,5,True,False,False,
confirm3-0818-sphere-rhovol15-sp1.4x0.4x0.4-rand1,confirm3,sphere,True,1.4x0.4x0.4,3.5,rand1,15,14116,1042.856121,3166.725395,1039.503958,3161.984,-0.003214405968,-0.001497254807,6.194138111,14.27883957,5,True,False,False,
confirm3-0819-ellipsoid-rhovol15-sp1.4x0.4x0.4-sym-centre,confirm3,ellipsoid,True,1.4x0.4x0.4,3.5,sym-centre,15,40411,2272.555723,9056.834629,2276.769063,9052.064,0.00185400974,-0.0005267435452,6.571428571,15.14857639,5,True,False,False,
confirm3-0820-ellipsoid-rhovol15-sp1.4x0.4x0.4-sym-corner,confirm3,ellipsoid,True,1.4x0.4x0.4,3.5,sym-corner,15,40424,2272.555723,9056.834629,2276.543152,9054.976,0.001754601292,-0.0002052184076,6.38876565,14.72749851,5,True,False,False,
confirm3-0821-ellipsoid-rhovol15-sp1.4x0.4x0.4-sym-face,confirm3,ellipsoid,True,1.4x0.4x0.4,3.5,sym-face,15,40420,2272.555723,9056.834629,2276.71994,9054.08,0.001832394035,-0.0003041492192,6.446008099,14.85945484,5,True,False,False,
confirm3-0822-ellipsoid-rhovol15-sp1.4x0.4x0.4-sym-edge,confirm3,ellipsoid,True,1.4x0.4x0.4,3.5,sym-edge,15,40454,2272.555723,9056.834629,2278.596361,9061.696,0.002658081399,0.000536762679,6.446008099,14.85945484,5,True,False,False,
confirm3-0823-ellipsoid-rhovol15-sp1.4x0.4x0.4-sym-zcorner,confirm3,ellipsoid,True,1.4x0.4x0.4,3.5,sym-zcorner,15,40524,2272.555723,9056.834629,2277.289062,9077.376,0.002082826804,0.002268051881,6.571428571,15.14857639,5,True,False,False,
confirm3-0824-ellipsoid-rhovol15-sp1.4x0.4x0.4-rand0,confirm3,ellipsoid,True,1.4x0.4x0.4,3.5,rand0,15,40472,2272.555723,9056.834629,2276.150687,9065.728,0.001581903727,0.000981951331,6.453918285,14.87768954,5,True,False,False,
confirm3-0825-ellipsoid-rhovol15-sp1.4x0.4x0.4-rand1,confirm3,ellipsoid,True,1.4x0.4x0.4,3.5,rand1,15,40461,2272.555723,9056.834629,2277.479919,9063.264,0.002166809897,0.0007098915993,6.521549835,15.03359502,5,True,False,False,
confirm3-0826-capsule-rhovol15-sp1.4x0.4x0.4-sym-centre,confirm3,capsule,True,1.4x0.4x0.4,3.5,sym-centre,15,54061,3024.28275,12191.89277,3030.431903,12109.664,0.00203326019,-0.006744545052,6.515288143,15.01916045,5,True,False,False,
confirm3-0827-capsule-rhovol15-sp1.4x0.4x0.4-sym-corner,confirm3,capsule,True,1.4x0.4x0.4,3.5,sym-corner,15,54912,3024.28275,12191.89277,3056.339173,12300.288,0.01059967806,0.008890763066,6.34388666,14.62404265,5,True,False,False,
confirm3-0828-capsule-rhovol15-sp1.4x0.4x0.4-sym-face,confirm3,capsule,True,1.4x0.4x0.4,3.5,sym-face,15,54920,3024.28275,12191.89277,3053.459538,12302.08,0.009647506706,0.009037745986,6.34388666,14.62404265,5,True,False,False,
confirm3-0829-capsule-rhovol15-sp1.4x0.4x0.4-sym-edge,confirm3,capsule,True,1.4x0.4x0.4,3.5,sym-edge,15,54406,3024.28275,12191.89277,3036.227878,12186.944,0.003949739439,-0.0004059066254,6.38876565,14.72749851,5,True,False,False,
confirm3-0830-capsule-rhovol15-sp1.4x0.4x0.4-sym-zcorner,confirm3,capsule,True,1.4x0.4x0.4,3.5,sym-zcorner,15,54126,3024.28275,12191.89277,3035.214744,12124.224,0.003614739516,-0.005550308826,6.515288143,15.01916045,5,True,False,False,
confirm3-0831-capsule-rhovol15-sp1.4x0.4x0.4-rand0,confirm3,capsule,True,1.4x0.4x0.4,3.5,rand0,15,54491,3024.28275,12191.89277,3026.140446,12205.984,0.0006142602097,0.0011557869,6.510587923,15.00832542,5,True,False,False,
confirm3-0832-capsule-rhovol15-sp1.4x0.4x0.4-rand1,confirm3,capsule,True,1.4x0.4x0.4,3.5,rand1,15,54461,3024.28275,12191.89277,3009.617447,12199.264,-0.004849183717,0.0006046009498,6.496466858,14.97577329,5,True,False,False,
confirm3-0833-torus-rhovol15-sp1.4x0.4x0.4-sym-centre,confirm3,torus,True,1.4x0.4x0.4,3.5,sym-centre,15,154164,7535.326992,34322.53627,7554.560395,34532.736,0.002552431094,0.006124248312,6.541858938,15.08041193,5,True,False,False,
confirm3-0834-torus-rhovol15-sp1.4x0.4x0.4-sym-corner,confirm3,torus,True,1.4x0.4x0.4,3.5,sym-corner,15,151104,7535.326992,34322.53627,7584.812538,33847.296,0.006567139842,-0.01384630383,6.013590051,13.86263691,5,True,False,False,
confirm3-0835-torus-rhovol15-sp1.4x0.4x0.4-sym-face,confirm3,torus,True,1.4x0.4x0.4,3.5,sym-face,15,154160,7535.326992,34322.53627,7555.016615,34531.84,0.002612975299,0.006098143015,6.541858938,15.08041193,5,True,False,False,
confirm3-0836-torus-rhovol15-sp1.4x0.4x0.4-sym-edge,confirm3,torus,True,1.4x0.4x0.4,3.5,sym-edge,15,154210,7535.326992,34322.53627,7554.830524,34543.04,0.002588279412,0.006424459226,6.521549835,15.03359502,5,True,False,False,
confirm3-0837-torus-rhovol15-sp1.4x0.4x0.4-sym-zcorner,confirm3,torus,True,1.4x0.4x0.4,3.5,sym-zcorner,15,151168,7535.326992,34322.53627,7588.233823,33861.632,0.0070211726,-0.01342861908,6.013590051,13.86263691,5,True,False,False,
confirm3-0838-torus-rhovol15-sp1.4x0.4x0.4-rand0,confirm3,torus,True,1.4x0.4x0.4,3.5,rand0,15,153283,7535.326992,34322.53627,7557.588914,34335.392,0.002954340581,0.0003745566666,6.510587923,15.00832542,5,True,False,False,
confirm3-0839-torus-rhovol15-sp1.4x0.4x0.4-rand1,confirm3,torus,True,1.4x0.4x0.4,3.5,rand1,15,153167,7535.326992,34322.53627,7547.676268,34309.408,0.001638850735,-0.0003824969439,6.51685413,15.0227704,5,True,False,False,
confirm3-0840-sphere-rhovol20-sp1.4x0.4x0.4-sym-centre,confirm3,sphere,True,1.4x0.4x0.4,3.5,sym-centre,20,33581,1853.966436,7506.312047,1857.044342,7522.144,0.001660173386,0.002109151994,8.680261446,20.0098962,5,True,False,False,
confirm3-0841-sphere-rhovol20-sp1.4x0.4x0.4-sym-corner,confirm3,sphere,True,1.4x0.4x0.4,3.5,sym-corner,20,33544,1853.966436,7506.312047,1859.858852,7513.856,0.003178275359,0.001005014576,8.16163249,18.81434332,5,True,False,False,
confirm3-0842-sphere-rhovol20-sp1.4x0.4x0.4-sym-face,confirm3,sphere,True,1.4x0.4x0.4,3.5,sym-face,20,33516,1853.966436,7506.312047,1853.730794,7507.584,-0.0001271020633,0.0001694511252,8.48046976,19.54933278,5,True,False,False,
confirm3-0843-sphere-rhovol20-sp1.4x0.4x0.4-sym-edge,confirm3,sphere,True,1.4x0.4x0.4,3.5,sym-edge,20,33516,1853.966436,7506.312047,1855.064238,7507.584,0.0005921366075,0.0001694511252,8.542809364,19.69303916,5,True,False,False,
confirm3-0844-sphere-rhovol20-sp1.4x0.4x0.4-sym-zcorner,confirm3,sphere,True,1.4x0.4x0.4,3.5,sym-zcorner,20,33514,1853.966436,7506.312047,1860.353317,7507.136,0.003444981873,0.0001097680216,8.201542911,18.90634554,5,True,False,False,
confirm3-0845-sphere-rhovol20-sp1.4x0.4x0.4-rand0,confirm3,sphere,True,1.4x0.4x0.4,3.5,rand0,20,33482,1853.966436,7506.312047,1858.491835,7499.968,0.002440927755,-0.000845161637,8.201542911,18.90634554,5,True,False,False,
confirm3-0846-sphere-rhovol20-sp1.4x0.4x0.4-rand1,confirm3,sphere,True,1.4x0.4x0.4,3.5,rand1,20,33559,1853.966436,7506.312047,1855.931775,7517.216,0.001060072353,0.001452637854,8.534444018,19.67375522,5,True,False,False,
confirm3-0847-ellipsoid-rhovol20-sp1.4x0.4x0.4-sym-centre,confirm3,ellipsoid,True,1.4x0.4x0.4,3.5,sym-centre,20,95805,4040.099062,21468.05245,4055.591069,21460.32,0.003834561166,-0.0003601842492,8.798190909,20.28174933,5,True,False,False,
confirm3-0848-ellipsoid-rhovol20-sp1.4x0.4x0.4-sym-corner,confirm3,ellipsoid,True,1.4x0.4x0.4,3.5,sym-corner,20,95816,4040.099062,21468.05245,4054.170108,21462.784,0.003482846731,-0.0002454090498,8.571428571,19.75901268,5,True,False,False,
confirm3-0849-ellipsoid-rhovol20-sp1.4x0.4x0.4-sym-face,confirm3,ellipsoid,True,1.4x0.4x0.4,3.5,sym-face,20,95840,4040.099062,21468.05245,4054.557773,21468.16,0.00357880107,5.009566909e-06,8.571428571,19.75901268,5,True,False,False,
confirm3-0850-ellipsoid-rhovol20-sp1.4x0.4x0.4-sym-edge,confirm3,ellipsoid,True,1.4x0.4x0.4,3.5,sym-edge,20,95848,4040.099062,21468.05245,4054.811557,21469.952,0.003641617335,8.848243916e-05,8.571428571,19.75901268,5,True,False,False,
confirm3-0851-ellipsoid-rhovol20-sp1.4x0.4x0.4-sym-zcorner,confirm3,ellipsoid,True,1.4x0.4x0.4,3.5,sym-zcorner,20,95946,4040.099062,21468.05245,4056.63829,21491.904,0.004093767908,0.001111025124,8.798190909,20.28174933,5,True,False,False,
confirm3-0852-ellipsoid-rhovol20-sp1.4x0.4x0.4-rand0,confirm3,ellipsoid,True,1.4x0.4x0.4,3.5,rand0,20,95809,4040.099062,21468.05245,4052.038954,21461.216,0.002955346405,-0.0003184478131,8.66732075,19.98006507,5,True,False,False,
confirm3-0853-ellipsoid-rhovol20-sp1.4x0.4x0.4-rand1,confirm3,ellipsoid,True,1.4x0.4x0.4,3.5,rand1,20,95843,4040.099062,21468.05245,4047.69125,21468.832,0.001879208345,3.6311894e-05,8.670851946,19.98820525,5,True,False,False,
confirm3-0854-capsule-rhovol20-sp1.4x0.4x0.4-sym-centre,confirm3,capsule,True,1.4x0.4x0.4,3.5,sym-centre,20,128799,5376.502666,28899.30138,5409.871431,28850.976,0.006206407207,-0.001672198931,8.689660758,20.03156366,5,True,False,False,
confirm3-0855-capsule-rhovol20-sp1.4x0.4x0.4-sym-corner,confirm3,capsule,True,1.4x0.4x0.4,3.5,sym-corner,20,128352,5376.502666,28899.30138,5396.364319,28750.848,0.003694158502,-0.005136919364,8.48046976,19.54933278,5,True,False,False,
confirm3-0856-capsule-rhovol20-sp1.4x0.4x0.4-sym-face,confirm3,capsule,True,1.4x0.4x0.4,3.5,sym-face,20,128356,5376.502666,28899.30138,5400.997204,28751.744,0.00455584973,-0.005105915154,8.48046976,19.54933278,5,True,False,False,
confirm3-0857-capsule-rhovol20-sp1.4x0.4x0.4-sym-edge,confirm3,capsule,True,1.4x0.4x0.4,3.5,sym-edge,20,129064,5376.502666,28899.30138,5420.542698,28910.336,0.008191204415,0.0003818299616,8.561899465,19.73704601,5,True,False,False,
confirm3-0858-capsule-rhovol20-sp1.4x0.4x0.4-sym-zcorner,confirm3,capsule,True,1.4x0.4x0.4,3.5,sym-zcorner,20,128906,5376.502666,28899.30138,5408.33349,28874.944,0.005920358591,-0.0008428363212,8.689660758,20.03156366,5,True,False,False,
confirm3-0859-capsule-rhovol20-sp1.4x0.4x0.4-rand0,confirm3,capsule,True,1.4x0.4x0.4,3.5,rand0,20,128975,5376.502666,28899.30138,5401.615974,28890.4,0.004670937469,-0.000308013704,8.686137208,20.02344111,5,True,False,False,
confirm3-0860-capsule-rhovol20-sp1.4x0.4x0.4-rand1,confirm3,capsule,True,1.4x0.4x0.4,3.5,rand1,20,128972,5376.502666,28899.30138,5400.260104,28889.728,0.004418753092,-0.0003312668613,8.653181555,19.94747114,5,True,False,False,
confirm3-0861-torus-rhovol20-sp1.4x0.4x0.4-sym-centre,confirm3,torus,True,1.4x0.4x0.4,3.5,sym-centre,20,362984,13396.13687,81357.123,13398.35537,81308.416,0.000165607081,-0.000598681434,8.689660758,20.03156366,5,True,False,False,
confirm3-0862-torus-rhovol20-sp1.4x0.4x0.4-sym-corner,confirm3,torus,True,1.4x0.4x0.4,3.5,sym-corner,20,365080,13396.13687,81357.123,13551.21842,81777.92,0.01157658694,0.005172220765,8.206518066,18.91781436,5,True,False,False,
confirm3-0863-torus-rhovol20-sp1.4x0.4x0.4-sym-face,confirm3,torus,True,1.4x0.4x0.4,3.5,sym-face,20,362844,13396.13687,81357.123,13395.37823,81277.056,-5.663173393e-05,-0.0009841424587,8.689660758,20.03156366,5,True,False,False,
confirm3-0864-torus-rhovol20-sp1.4x0.4x0.4-sym-edge,confirm3,torus,True,1.4x0.4x0.4,3.5,sym-edge,20,363054,13396.13687,81357.123,13398.75885,81324.096,0.0001957260802,-0.0004059509216,8.690834957,20.03427045,5,True,False,False,
confirm3-0865-torus-rhovol20-sp1.4x0.4x0.4-sym-zcorner,confirm3,torus,True,1.4x0.4x0.4,3.5,sym-zcorner,20,365080,13396.13687,81357.123,13553.13959,81777.92,0.01171999912,0.005172220765,8.206518066,18.91781436,5,True,False,False,
confirm3-0866-torus-rhovol20-sp1.4x0.4x0.4-rand0,confirm3,torus,True,1.4x0.4x0.4,3.5,rand0,20,363167,13396.13687,81357.123,13465.66585,81349.408,0.005190225708,-9.482880878e-05,8.670851946,19.98820525,5,True,False,False,
confirm3-0867-torus-rhovol20-sp1.4x0.4x0.4-rand1,confirm3,torus,True,1.4x0.4x0.4,3.5,rand1,20,363304,13396.13687,81357.123,13472.26022,81380.096,0.005682484875,0.0002823723368,8.675557972,19.99905366,5,True,False,False,
confirm3-0868-sphere-rhovol27-sp1.4x0.4x0.4-sym-centre,confirm3,sphere,True,1.4x0.4x0.4,3.5,sym-centre,27,82455,3378.85383,18468.3425,3386.267247,18469.92,0.002194062641,8.541629647e-05,11.71428571,27.003984,5,True,True,False,
confirm3-0869-sphere-rhovol27-sp1.4x0.4x0.4-sym-corner,confirm3,sphere,True,1.4x0.4x0.4,3.5,sym-corner,27,82432,3378.85383,18468.3425,3391.975132,18464.768,0.003883358624,-0.0001935475575,11.17942717,25.77101837,5,True,True,False,
confirm3-0870-sphere-rhovol27-sp1.4x0.4x0.4-sym-face,confirm3,sphere,True,1.4x0.4x0.4,3.5,sym-face,27,82468,3378.85383,18468.3425,3386.938223,18472.832,0.002392643377,0.0002430915182,11.51751107,26.55037551,5,True,True,False,
confirm3-0871-sphere-rhovol27-sp1.4x0.4x0.4-sym-edge,confirm3,sphere,True,1.4x0.4x0.4,3.5,sym-edge,27,82478,3378.85383,18468.3425,3387.173554,18475.072,0.002462291636,0.0003643801504,11.57759977,26.68889307,5,True,True,False,
confirm3-0872-sphere-rhovol27-sp1.4x0.4x0.4-sym-zcorner,confirm3,sphere,True,1.4x0.4x0.4,3.5,sym-zcorner,27,82432,3378.85383,18468.3425,3389.804314,18464.768,0.003240886888,-0.0001935475575,11.22406307,25.87391386,5,True,True,False,
confirm3-0873-sphere-rhovol27-sp1.4x0.4x0.4-rand0,confirm3,sphere,True,1.4x0.4x0.4,3.5,rand0,27,82462,3378.85383,18468.3425,3386.935156,18471.488,0.002391735798,0.000170318339,11.58112469,26.69701878,5,True,True,False,
confirm3-0874-sphere-rhovol27-sp1.4x0.4x0.4-rand1,confirm3,sphere,True,1.4x0.4x0.4,3.5,rand1,27,82427,3378.85383,18468.3425,3386.594326,18463.648,0.002290864323,-0.0002541918735,11.51751107,26.55037551,5,True,True,False,
confirm3-0875-ellipsoid-rhovol27-sp1.4x0.4x0.4-sym-centre,confirm3,ellipsoid,True,1.4x0.4x0.4,3.5,sym-centre,27,235681,7363.080541,52819.45956,7394.155315,52792.544,0.004220349669,-0.0005095765388,11.71428571,27.003984,5,True,True,False,
confirm3-0876-ellipsoid-rhovol27-sp1.4x0.4x0.4-sym-corner,confirm3,ellipsoid,True,1.4x0.4x0.4,3.5,sym-corner,27,235880,7363.080541,52819.45956,7401.827811,52837.12,0.005262372116,0.0003343548526,11.65490175,26.86709099,5,True,True,False,
confirm3-0877-ellipsoid-rhovol27-sp1.4x0.4x0.4-sym-face,confirm3,ellipsoid,True,1.4x0.4x0.4,3.5,sym-face,27,235752,7363.080541,52819.45956,7395.473783,52808.448,0.004399414331,-0.0002084753891,11.65490175,26.86709099,5,True,True,False,
confirm3-0878-ellipsoid-rhovol27-sp1.4x0.4x0.4-sym-edge,confirm3,ellipsoid,True,1.4x0.4x0.4,3.5,sym-edge,27,235718,7363.080541,52819.45956,7395.617529,52800.832,0.004418936841,-0.0003526646721,11.69772348,26.96580444,5,True,True,False,
confirm3-0879-ellipsoid-rhovol27-sp1.4x0.4x0.4-sym-zcorner,confirm3,ellipsoid,True,1.4x0.4x0.4,3.5,sym-zcorner,27,235744,7363.080541,52819.45956,7399.864643,52806.656,0.004995749039,-0.0002424022792,11.71428571,27.003984,5,True,True,False,
confirm3-0880-ellipsoid-rhovol27-sp1.4x0.4x0.4-rand0,confirm3,ellipsoid,True,1.4x0.4x0.4,3.5,rand0,27,235840,7363.080541,52819.45956,7401.851681,52828.16,0.005265614032,0.0001647204021,11.72821472,27.03609338,5,True,True,False,
confirm3-0881-ellipsoid-rhovol27-sp1.4x0.4x0.4-rand1,confirm3,ellipsoid,True,1.4x0.4x0.4,3.5,rand1,27,235870,7363.080541,52819.45956,7385.47241,52834.88,0.003041100653,0.00029194624,11.64789549,26.85094005,5,True,True,False,
confirm3-0882-capsule-rhovol27-sp1.4x0.4x0.4-sym-centre,confirm3,capsule,True,1.4x0.4x0.4,3.5,sym-centre,27,315883,9798.676108,71103.11863,9838.871515,70757.792,0.00410212625,-0.004856701669,11.71428571,27.003984,5,True,True,False,
confirm3-0883-capsule-rhovol27-sp1.4x0.4x0.4-sym-corner,confirm3,capsule,True,1.4x0.4x0.4,3.5,sym-corner,27,317712,9798.676108,71103.11863,9871.687693,71167.488,0.007451168242,0.0009052959462,11.51751107,26.55037551,5,True,True,False,
confirm3-0884-capsule-rhovol27-sp1.4x0.4x0.4-sym-face,confirm3,capsule,True,1.4x0.4x0.4,3.5,sym-face,27,317556,9798.676108,71103.11863,9863.233829,71132.544,0.00658841252,0.0004138407095,11.51751107,26.55037551,5,True,True,False,
confirm3-0885-capsule-rhovol27-sp1.4x0.4x0.4-sym-edge,confirm3,capsule,True,1.4x0.4x0.4,3.5,sym-edge,27,317178,9798.676108,71103.11863,9874.31882,71047.872,0.007719686887,-0.0007769931333,11.57759977,26.68889307,5,True,True,False,
confirm3-0886-capsule-rhovol27-sp1.4x0.4x0.4-sym-zcorner,confirm3,capsule,True,1.4x0.4x0.4,3.5,sym-zcorner,27,316060,9798.676108,71103.11863,9848.582933,70797.44,0.00509322122,-0.004299088996,11.71428571,27.003984,5,True,True,False,
confirm3-0887-capsule-rhovol27-sp1.4x0.4x0.4-rand0,confirm3,capsule,True,1.4x0.4x0.4,3.5,rand0,27,317473,9798.676108,71103.11863,9827.982015,71113.952,0.002990802686,0.0001523613207,11.71776952,27.01201492,5,True,True,False,
confirm3-0888-capsule-rhovol27-sp1.4x0.4x0.4-rand1,confirm3,capsule,True,1.4x0.4x0.4,3.5,rand1,27,317400,9798.676108,71103.11863,9801.153391,71097.6,0.000252818129,-7.761452725e-05,11.68987003,26.94770051,5,True,True,False,
confirm3-0889-torus-rhovol27-sp1.4x0.4x0.4-sym-centre,confirm3,torus,True,1.4x0.4x0.4,3.5,sym-centre,27,892600,24414.45945,200169.0315,24447.16533,199942.4,0.00133961089,-0.001132200606,11.71776952,27.01201492,5,True,True,False,
confirm3-0890-torus-rhovol27-sp1.4x0.4x0.4-sym-corner,confirm3,torus,True,1.4x0.4x0.4,3.5,sym-corner,27,896728,24414.45945,200169.0315,24651.44772,200867.072,0.009706881693,0.003487255226,11.23859967,25.90742389,5,True,True,False,
confirm3-0891-torus-rhovol27-sp1.4x0.4x0.4-sym-face,confirm3,torus,True,1.4x0.4x0.4,3.5,sym-face,27,892560,24414.45945,200169.0315,24443.05386,199933.44,0.001171207751,-0.001176962775,11.73169438,27.04411477,5,True,True,False,
confirm3-0892-torus-rhovol27-sp1.4x0.4x0.4-sym-edge,confirm3,torus,True,1.4x0.4x0.4,3.5,sym-edge,27,892424,24414.45945,200169.0315,24442.53067,199902.976,0.001149778407,-0.001329154149,11.72560429,27.03007578,5,True,True,False,
confirm3-0893-torus-rhovol27-sp1.4x0.4x0.4-sym-zcorner,confirm3,torus,True,1.4x0.4x0.4,3.5,sym-zcorner,27,896904,24414.45945,200169.0315,24657.44637,200906.496,0.009952582331,0.003684208769,11.23859967,25.90742389,5,True,True,False,
confirm3-0894-torus-rhovol27-sp1.4x0.4x0.4-rand0,confirm3,torus,True,1.4x0.4x0.4,3.5,rand0,27,893663,24414.45945,200169.0315,24498.35196,200180.512,0.003436181016,5.735403275e-05,11.71515676,27.00599195,5,True,True,False,
confirm3-0895-torus-rhovol27-sp1.4x0.4x0.4-rand1,confirm3,torus,True,1.4x0.4x0.4,3.5,rand1,27,893687,24414.45945,200169.0315,24557.73757,200185.888,0.005868576361,8.42113341e-05,11.70382808,26.97987688,5,True,True,False,
confirm3-0896-sphere-rhovol33-sp1.4x0.4x0.4-sym-centre,confirm3,sphere,True,1.4x0.4x0.4,3.5,sym-centre,33,150513,5047.423623,33719.292,5068.674829,33714.912,0.004210307611,-0.0001298960852,14.31782106,33.00570093,5,True,True,False,
confirm3-0897-sphere-rhovol33-sp1.4x0.4x0.4-sym-corner,confirm3,sphere,True,1.4x0.4x0.4,3.5,sym-corner,33,150448,5047.423623,33719.292,5062.45357,33700.352,0.002977746177,-0.0005616963733,13.78848973,31.78547673,5,True,True,False,
confirm3-0898-sphere-rhovol33-sp1.4x0.4x0.4-sym-face,confirm3,sphere,True,1.4x0.4x0.4,3.5,sym-face,33,150652,5047.423623,33719.292,5070.976969,33746.048,0.00466640944,0.0007934922231,14.11613637,32.54077372,5,True,True,False,
confirm3-0899-sphere-rhovol33-sp1.4x0.4x0.4-sym-edge,confirm3,sphere,True,1.4x0.4x0.4,3.5,sym-edge,33,150540,5047.423623,33719.292,5069.481255,33720.96,0.00437007729,4.946711136e-05,14.17744688,32.68210781,5,True,True,False,
confirm3-0900-sphere-rhovol33-sp1.4x0.4x0.4-sym-zcorner,confirm3,sphere,True,1.4x0.4x0.4,3.5,sym-zcorner,33,150636,5047.423623,33719.292,5064.140249,33742.464,0.003311912592,0.0006872029214,13.85419704,31.93694641,5,True,True,False,
confirm3-0901-sphere-rhovol33-sp1.4x0.4x0.4-rand0,confirm3,sphere,True,1.4x0.4x0.4,3.5,rand0,33,150527,5047.423623,33719.292,5065.994312,33718.048,0.003679241059,-3.689294625e-05,14.01820973,32.31503145,5,True,True,False,
confirm3-0902-sphere-rhovol33-sp1.4x0.4x0.4-rand1,confirm3,sphere,True,1.4x0.4x0.4,3.5,rand1,33,150531,5047.423623,33719.292,5062.603128,33718.944,0.00300737679,-1.032062083e-05,13.87480465,31.98445145,5,True,True,False,
confirm3-0903-ellipsoid-rhovol33-sp1.4x0.4x0.4-sym-centre,confirm3,ellipsoid,True,1.4x0.4x0.4,3.5,sym-centre,33,430485,10999.1697,96437.17513,11057.8935,96428.64,0.005338930312,-8.850457831e-05,14.35696517,33.09593664,5,True,True,False,
confirm3-0904-ellipsoid-rhovol33-sp1.4x0.4x0.4-sym-corner,confirm3,ellipsoid,True,1.4x0.4x0.4,3.5,sym-corner,33,430504,10999.1697,96437.17513,11052.98726,96432.896,0.004892875497,-4.437221966e-05,14.28571429,32.9316878,5,True,True,False,
confirm3-0905-ellipsoid-rhovol33-sp1.4x0.4x0.4-sym-face,confirm3,ellipsoid,True,1.4x0.4x0.4,3.5,sym-face,33,430516,10999.1697,96437.17513,11056.63023,96435.584,0.005224079331,-1.649915104e-05,14.28571429,32.9316878,5,True,True,False,
confirm3-0906-ellipsoid-rhovol33-sp1.4x0.4x0.4-sym-edge,confirm3,ellipsoid,True,1.4x0.4x0.4,3.5,sym-edge,33,430616,10999.1697,96437.17513,11059.25875,96457.984,0.00546305318,0.0002157764208,14.28571429,32.9316878,5,True,True,False,
confirm3-0907-ellipsoid-rhovol33-sp1.4x0.4x0.4-sym-zcorner,confirm3,ellipsoid,True,1.4x0.4x0.4,3.5,sym-zcorner,33,430522,10999.1697,96437.17513,11049.99203,96436.928,0.004620560946,-2.562616733e-06,14.3463001,33.07135132,5,True,True,False,
confirm3-0908-ellipsoid-rhovol33-sp1.4x0.4x0.4-rand0,confirm3,ellipsoid,True,1.4x0.4x0.4,3.5,rand0,33,430713,10999.1697,96437.17513,11053.06037,96479.712,0.004899522195,0.0004410837255,14.31140547,32.99091158,5,True,True,False,
confirm3-0909-ellipsoid-rhovol33-sp1.4x0.4x0.4-rand1,confirm3,ellipsoid,True,1.4x0.4x0.4,3.5,rand1,33,430699,10999.1697,96437.17513,11074.51103,96476.576,0.00684972906,0.0004085651454,14.33705062,33.05002924,5,True,True,False,
confirm3-0910-capsule-rhovol33-sp1.4x0.4x0.4-sym-centre,confirm3,capsule,True,1.4x0.4x0.4,3.5,sym-centre,33,579607,14637.52851,129819.2742,14778.20036,129831.968,0.00961035576,9.77804303e-05,14.31995896,33.01062923,5,True,True,False,
confirm3-0911-capsule-rhovol33-sp1.4x0.4x0.4-sym-corner,confirm3,capsule,True,1.4x0.4x0.4,3.5,sym-corner,33,579784,14637.52851,129819.2742,14750.83958,129871.616,0.007741134074,0.000403189625,14.11613637,32.54077372,5,True,True,False,
confirm3-0912-capsule-rhovol33-sp1.4x0.4x0.4-sym-face,confirm3,capsule,True,1.4x0.4x0.4,3.5,sym-face,33,579892,14637.52851,129819.2742,14756.26486,129895.808,0.00811177627,0.0005895409981,14.11613637,32.54077372,5,True,True,False,
confirm3-0913-capsule-rhovol33-sp1.4x0.4x0.4-sym-edge,confirm3,capsule,True,1.4x0.4x0.4,3.5,sym-edge,33,579528,14637.52851,129819.2742,14783.79562,129814.272,0.009992610048,-3.853214814e-05,14.18536181,32.70035346,5,True,True,False,
confirm3-0914-capsule-rhovol33-sp1.4x0.4x0.4-sym-zcorner,confirm3,capsule,True,1.4x0.4x0.4,3.5,sym-zcorner,33,579244,14637.52851,129819.2742,14768.57401,129750.656,0.008952706689,-0.0005285672403,14.31995896,33.01062923,5,True,True,False,
confirm3-0915-capsule-rhovol33-sp1.4x0.4x0.4-rand0,confirm3,capsule,True,1.4x0.4x0.4,3.5,rand0,33,579541,14637.52851,129819.2742,14698.87205,129817.184,0.004190840191,-1.610096435e-05,14.3142572,32.99748544,5,True,True,False,
confirm3-0916-capsule-rhovol33-sp1.4x0.4x0.4-rand1,confirm3,capsule,True,1.4x0.4x0.4,3.5,rand1,33,579427,14637.52851,129819.2742,14687.15432,129791.648,0.003390313624,-0.0002128051915,14.28285686,32.9251008,5,True,True,False,
confirm3-0917-torus-rhovol33-sp1.4x0.4x0.4-sym-centre,confirm3,torus,True,1.4x0.4x0.4,3.5,sym-centre,33,1636784,36470.98264,365466.3662,36758.57034,366639.616,0.007885383831,0.003210281319,14.3235214,33.01884145,5,True,True,False,
confirm3-0918-torus-rhovol33-sp1.4x0.4x0.4-sym-corner,confirm3,torus,True,1.4x0.4x0.4,3.5,sym-corner,33,1626784,36470.98264,365466.3662,36506.37858,364399.616,0.0009705233524,-0.002918873666,13.8777461,31.99123213,5,True,True,False,
confirm3-0919-torus-rhovol33-sp1.4x0.4x0.4-sym-face,confirm3,torus,True,1.4x0.4x0.4,3.5,sym-face,33,1636492,36470.98264,365466.3662,36751.34311,366574.208,0.00768722013,0.003031309993,14.32565844,33.02376779,5,True,True,False,
confirm3-0920-torus-rhovol33-sp1.4x0.4x0.4-sym-edge,confirm3,torus,True,1.4x0.4x0.4,3.5,sym-edge,33,1636680,36470.98264,365466.3662,36756.29822,366616.32,0.007823084625,0.003146538107,14.32565844,33.02376779,5,True,True,False,
confirm3-0921-torus-rhovol33-sp1.4x0.4x0.4-sym-zcorner,confirm3,torus,True,1.4x0.4x0.4,3.5,sym-zcorner,33,1626976,36470.98264,365466.3662,36504.40443,364442.624,0.0009163939588,-0.002801193891,13.8777461,31.99123213,5,True,True,False,
confirm3-0922-torus-rhovol33-sp1.4x0.4x0.4-rand0,confirm3,torus,True,1.4x0.4x0.4,3.5,rand0,33,1631829,36470.98264,365466.3662,36542.46074,365529.696,0.001959862143,0.0001732850235,14.3142572,32.99748544,5,True,True,False,
confirm3-0923-torus-rhovol33-sp1.4x0.4x0.4-rand1,confirm3,torus,True,1.4x0.4x0.4,3.5,rand1,33,1631303,36470.98264,365466.3662,36560.17621,365411.872,0.002445603547,-0.0001491085287,14.31140547,32.99091158,5,True,True,False,
confirm3-0924-sphere-rhovol37-sp1.4x0.4x0.4-sym-centre,confirm3,sphere,True,1.4x0.4x0.4,3.5,sym-centre,37,211941,6345.200129,47527.15301,6366.188954,47474.784,0.003307827202,-0.001101875688,16.05093932,37.00091658,5,True,True,True,
confirm3-0925-sphere-rhovol37-sp1.4x0.4x0.4-sym-corner,confirm3,sphere,True,1.4x0.4x0.4,3.5,sym-corner,37,212376,6345.200129,47527.15301,6373.554143,47572.224,0.00446857677,0.0009483207535,15.51825784,35.77296958,5,True,True,False,
confirm3-0926-sphere-rhovol37-sp1.4x0.4x0.4-sym-face,confirm3,sphere,True,1.4x0.4x0.4,3.5,sym-face,37,211904,6345.200129,47527.15301,6367.133521,47466.496,0.003456690389,-0.001276260213,15.85456865,36.54823934,5,True,True,True,
confirm3-0927-sphere-rhovol37-sp1.4x0.4x0.4-sym-edge,confirm3,sphere,True,1.4x0.4x0.4,3.5,sym-edge,37,211976,6345.200129,47527.15301,6368.602513,47482.624,0.003688202701,-0.0009369173539,15.91110509,36.67856819,5,True,True,True,
confirm3-0928-sphere-rhovol37-sp1.4x0.4x0.4-sym-zcorner,confirm3,sphere,True,1.4x0.4x0.4,3.5,sym-zcorner,37,212416,6345.200129,47527.15301,6376.754327,47581.184,0.004972924006,0.001136844564,15.58190997,35.91970162,5,True,True,False,
confirm3-0929-sphere-rhovol37-sp1.4x0.4x0.4-rand0,confirm3,sphere,True,1.4x0.4x0.4,3.5,rand0,37,212240,6345.200129,47527.15301,6371.189233,47541.76,0.004095868381,0.000307339797,15.56618522,35.88345264,5,True,True,False,
confirm3-0930-sphere-rhovol37-sp1.4x0.4x0.4-rand1,confirm3,sphere,True,1.4x0.4x0.4,3.5,rand1,37,212257,6345.200129,47527.15301,6371.625608,47545.568,0.00416464071,0.0003874624165,15.68308591,36.15293423,5,True,True,True,
confirm3-0931-ellipsoid-rhovol37-sp1.4x0.4x0.4-sym-centre,confirm3,ellipsoid,True,1.4x0.4x0.4,3.5,sym-centre,37,606789,13827.23904,135927.6576,13904.03221,135920.736,0.00555376007,-5.092136086e-05,16.09157467,37.09458994,5,True,True,True,
confirm3-0932-ellipsoid-rhovol37-sp1.4x0.4x0.4-sym-corner,confirm3,ellipsoid,True,1.4x0.4x0.4,3.5,sym-corner,37,606704,13827.23904,135927.6576,13897.99123,135901.696,0.005116870345,-0.0001909958706,16,36.88349034,5,True,True,True,
confirm3-0933-ellipsoid-rhovol37-sp1.4x0.4x0.4-sym-face,confirm3,ellipsoid,True,1.4x0.4x0.4,3.5,sym-face,37,606972,13827.23904,135927.6576,13906.69334,135961.728,0.005746215953,0.0002506508189,16,36.88349034,5,True,True,True,
confirm3-0934-ellipsoid-rhovol37-sp1.4x0.4x0.4-sym-edge,confirm3,ellipsoid,True,1.4x0.4x0.4,3.5,sym-edge,37,606928,13827.23904,135927.6576,13903.7319,135951.872,0.00553204119,0.0001781416609,16,36.88349034,5,True,True,True,
confirm3-0935-ellipsoid-rhovol37-sp1.4x0.4x0.4-sym-zcorner,confirm3,ellipsoid,True,1.4x0.4x0.4,3.5,sym-zcorner,37,606746,13827.23904,135927.6576,13899.98631,135911.104,0.005261156412,-0.0001217825834,16.09157467,37.09458994,5,True,True,True,
confirm3-0936-ellipsoid-rhovol37-sp1.4x0.4x0.4-rand0,confirm3,ellipsoid,True,1.4x0.4x0.4,3.5,rand0,37,606945,13827.23904,135927.6576,13928.59931,135955.68,0.007330478072,0.0002061565629,16,36.88349034,5,True,True,True,
confirm3-0937-ellipsoid-rhovol37-sp1.4x0.4x0.4-rand1,confirm3,ellipsoid,True,1.4x0.4x0.4,3.5,rand1,37,606841,13827.23904,135927.6576,13919.52029,135932.384,0.006673873821,3.477128039e-05,16.05157504,37.00238205,5,True,True,True,
confirm3-0938-capsule-rhovol37-sp1.4x0.4x0.4-sym-centre,confirm3,capsule,True,1.4x0.4x0.4,3.5,sym-centre,37,817649,18401.08037,182979.5391,18591.41518,183153.376,0.01034367549,0.0009500346063,16.06364891,37.03021496,5,True,True,True,
confirm3-0939-capsule-rhovol37-sp1.4x0.4x0.4-sym-corner,confirm3,capsule,True,1.4x0.4x0.4,3.5,sym-corner,37,817432,18401.08037,182979.5391,18571.25306,183104.768,0.009247972635,0.0006843874185,15.86936466,36.58234738,5,True,True,True,
confirm3-0940-capsule-rhovol37-sp1.4x0.4x0.4-sym-face,confirm3,capsule,True,1.4x0.4x0.4,3.5,sym-face,37,817872,18401.08037,182979.5391,18578.07397,183203.328,0.009618652288,0.001223026878,15.86936466,36.58234738,5,True,True,True,
confirm3-0941-capsule-rhovol37-sp1.4x0.4x0.4-sym-edge,confirm3,capsule,True,1.4x0.4x0.4,3.5,sym-edge,37,816036,18401.08037,182979.5391,18551.71279,182792.064,0.008186063958,-0.001024568684,15.91815803,36.69482674,5,True,True,True,
confirm3-0942-capsule-rhovol37-sp1.4x0.4x0.4-sym-zcorner,confirm3,capsule,True,1.4x0.4x0.4,3.5,sym-zcorner,37,817302,18401.08037,182979.5391,18582.49881,183075.648,0.009859118792,0.0005252439419,16.06364891,37.03021496,5,True,True,True,
confirm3-0943-capsule-rhovol37-sp1.4x0.4x0.4-rand0,confirm3,capsule,True,1.4x0.4x0.4,3.5,rand0,37,816977,18401.08037,182979.5391,18500.83304,183002.848,0.005421022487,0.0001273852504,16.04330873,36.98332641,5,True,True,True,
confirm3-0944-capsule-rhovol37-sp1.4x0.4x0.4-rand1,confirm3,capsule,True,1.4x0.4x0.4,3.5,rand1,37,816985,18401.08037,182979.5391,18462.67107,183004.64,0.003347123927,0.0001371786951,16.03885588,36.97306162,5,True,True,True,
confirm3-0945-torus-rhovol37-sp1.4x0.4x0.4-sym-centre,confirm3,torus,True,1.4x0.4x0.4,3.5,sym-centre,37,2298448,45848.27845,515122.7939,46349.93083,514852.352,0.01094157494,-0.0005250047408,16.05411766,37.00824335,5,True,True,True,
confirm3-0946-torus-rhovol37-sp1.4x0.4x0.4-sym-corner,confirm3,torus,True,1.4x0.4x0.4,3.5,sym-corner,37,2302144,45848.27845,515122.7939,46061.41145,515680.256,0.004648658666,0.00108219263,15.60023548,35.9619459,5,True,True,False,
confirm3-0947-torus-rhovol37-sp1.4x0.4x0.4-sym-face,confirm3,torus,True,1.4x0.4x0.4,3.5,sym-face,37,2298444,45848.27845,515122.7939,46353.53374,514851.456,0.01102015821,-0.0005267441319,16.05602436,37.01263872,5,True,True,True,
confirm3-0948-torus-rhovol37-sp1.4x0.4x0.4-sym-edge,confirm3,torus,True,1.4x0.4x0.4,3.5,sym-edge,37,2298360,45848.27845,515122.7939,46347.45382,514832.64,0.0108875488,-0.0005632713449,16.06174311,37.02582168,5,True,True,True,
confirm3-0949-torus-rhovol37-sp1.4x0.4x0.4-sym-zcorner,confirm3,torus,True,1.4x0.4x0.4,3.5,sym-zcorner,37,2302320,45848.27845,515122.7939,46065.52886,515719.68,0.004738463803,0.001158725838,15.60023548,35.9619459,5,True,True,False,
confirm3-0950-torus-rhovol37-sp1.4x0.4x0.4-rand0,confirm3,torus,True,1.4x0.4x0.4,3.5,rand0,37,2299516,45848.27845,515122.7939,46147.40675,515091.584,0.006524308138,-6.058731877e-05,16.05093932,37.00091658,5,True,True,True,
confirm3-0951-torus-rhovol37-sp1.4x0.4x0.4-rand1,confirm3,torus,True,1.4x0.4x0.4,3.5,rand1,37,2299640,45848.27845,515122.7939,46059.05691,515119.36,0.0045973036,-6.666194862e-06,16.04648859,36.99065667,5,True,True,True,
confirm3-0952-sphere-rhovol42-sp1.4x0.4x0.4-sym-centre,confirm3,sphere,True,1.4x0.4x0.4,3.5,sym-centre,42,310389,8175.991985,69515.95587,8217.459287,69527.136,0.005071837461,0.0001608282991,18.22086716,42.00307361,5,True,True,True,
confirm3-0953-sphere-rhovol42-sp1.4x0.4x0.4-sym-corner,confirm3,sphere,True,1.4x0.4x0.4,3.5,sym-corner,42,310488,8175.991985,69515.95587,8212.565381,69549.312,0.00447326709,0.0004798341982,17.68892193,40.77682383,5,True,True,True,
confirm3-0954-sphere-rhovol42-sp1.4x0.4x0.4-sym-face,confirm3,sphere,True,1.4x0.4x0.4,3.5,sym-face,42,310316,8175.991985,69515.95587,8215.095791,69510.784,0.004782759862,-7.439827291e-05,18.01869777,41.53702907,5,True,True,True,
confirm3-0955-sphere-rhovol42-sp1.4x0.4x0.4-sym-edge,confirm3,sphere,True,1.4x0.4x0.4,3.5,sym-edge,42,310372,8175.991985,69515.95587,8216.290479,69523.328,0.004928881347,0.0001060495084,18.08144838,41.68168291,5,True,True,True,
confirm3-0956-sphere-rhovol42-sp1.4x0.4x0.4-sym-zcorner,confirm3,sphere,True,1.4x0.4x0.4,3.5,sym-zcorner,42,310388,8175.991985,69515.95587,8209.259847,69526.912,0.004068969506,0.0001576060173,17.7447894,40.90561053,5,True,True,True,
confirm3-0957-sphere-rhovol42-sp1.4x0.4x0.4-rand0,confirm3,sphere,True,1.4x0.4x0.4,3.5,rand0,42,310341,8175.991985,69515.95587,8215.016423,69516.384,0.004773052373,6.158772309e-06,18.08144838,41.68168291,5,True,True,True,
confirm3-0958-sphere-rhovol42-sp1.4x0.4x0.4-rand1,confirm3,sphere,True,1.4x0.4x0.4,3.5,rand1,42,310368,8175.991985,69515.95587,8215.435859,69522.432,0.004824353312,9.316038114e-05,18.10851643,41.74408068,5,True,True,True,
confirm3-0959-ellipsoid-rhovol42-sp1.4x0.4x0.4-sym-centre,confirm3,ellipsoid,True,1.4x0.4x0.4,3.5,sym-centre,42,887419,17816.83686,198815.6338,17914.61417,198781.856,0.005487915856,-0.0001698949883,18.28571429,42.15256038,5,True,True,True,
confirm3-0960-ellipsoid-rhovol42-sp1.4x0.4x0.4-sym-corner,confirm3,ellipsoid,True,1.4x0.4x0.4,3.5,sym-corner,42,887632,17816.83686,198815.6338,17918.13649,198829.568,0.005685612346,7.008613938e-05,18.13835715,41.81287003,5,True,True,True,
confirm3-0961-ellipsoid-rhovol42-sp1.4x0.4x0.4-sym-face,confirm3,ellipsoid,True,1.4x0.4x0.4,3.5,sym-face,42,887512,17816.83686,198815.6338,17917.12445,198802.688,0.005628809954,-6.511449595e-05,18.13835715,41.81287003,5,True,True,True,
confirm3-0962-ellipsoid-rhovol42-sp1.4x0.4x0.4-sym-edge,confirm3,ellipsoid,True,1.4x0.4x0.4,3.5,sym-edge,42,887320,17816.83686,198815.6338,17915.27123,198759.68,0.005524794675,-0.0002814355125,18.14454435,41.8271329,5,True,True,True,
confirm3-0963-ellipsoid-rhovol42-sp1.4x0.4x0.4-sym-zcorner,confirm3,ellipsoid,True,1.4x0.4x0.4,3.5,sym-zcorner,42,887712,17816.83686,198815.6338,17917.78911,198847.488,0.005666114879,0.0001602198963,18.28571429,42.15256038,5,True,True,True,
confirm3-0964-ellipsoid-rhovol42-sp1.4x0.4x0.4-rand0,confirm3,ellipsoid,True,1.4x0.4x0.4,3.5,rand0,42,887584,17816.83686,198815.6338,17930.14394,198818.816,0.00635955081,1.600588525e-05,18.21918702,41.99920051,5,True,True,True,
confirm3-0965-ellipsoid-rhovol42-sp1.4x0.4x0.4-rand1,confirm3,ellipsoid,True,1.4x0.4x0.4,3.5,rand1,42,887414,17816.83686,198815.6338,17884.33226,198780.736,0.003788292624,-0.0001755283481,18.22758618,42.01856242,5,True,True,True,
confirm3-0966-capsule-rhovol42-sp1.4x0.4x0.4-sym-centre,confirm3,capsule,True,1.4x0.4x0.4,3.5,sym-centre,42,1193937,23710.37676,267636.4301,23930.65733,267441.888,0.009290471313,-0.0007268894152,18.22310711,42.00823718,5,True,True,True,
confirm3-0967-capsule-rhovol42-sp1.4x0.4x0.4-sym-corner,confirm3,capsule,True,1.4x0.4x0.4,3.5,sym-corner,42,1196232,23710.37676,267636.4301,23972.62736,267955.968,0.01106058349,0.001193925325,18.03624469,41.57747854,5,True,True,True,
confirm3-0968-capsule-rhovol42-sp1.4x0.4x0.4-sym-face,confirm3,capsule,True,1.4x0.4x0.4,3.5,sym-face,42,1196316,23710.37676,267636.4301,23965.68196,267974.784,0.01076765687,0.001264229656,18.03624469,41.57747854,5,True,True,True,
confirm3-0969-capsule-rhovol42-sp1.4x0.4x0.4-sym-edge,confirm3,capsule,True,1.4x0.4x0.4,3.5,sym-edge,42,1195080,23710.37676,267636.4301,23920.67733,267697.92,0.008869558565,0.0002297516516,18.08144838,41.68168291,5,True,True,True,
confirm3-0970-capsule-rhovol42-sp1.4x0.4x0.4-sym-zcorner,confirm3,capsule,True,1.4x0.4x0.4,3.5,sym-zcorner,42,1193970,23710.37676,267636.4301,23934.5414,267449.28,0.009454284227,-0.0006992698569,18.22310711,42.00823718,5,True,True,True,
confirm3-0971-capsule-rhovol42-sp1.4x0.4x0.4-rand0,confirm3,capsule,True,1.4x0.4x0.4,3.5,rand0,42,1194831,23710.37676,267636.4301,23779.09885,267642.144,0.002898397542,2.134952941e-05,18.22142717,42.00436456,5,True,True,True,
confirm3-0972-capsule-rhovol42-sp1.4x0.4x0.4-rand1,confirm3,capsule,True,1.4x0.4x0.4,3.5,rand1,42,1194917,23710.37676,267636.4301,23954.60009,267661.408,0.01030027238,9.332777241e-05,18.20742168,41.97207884,5,True,True,True,
confirm3-0973-torus-rhovol42-sp1.4x0.4x0.4-sym-centre,confirm3,torus,True,1.4x0.4x0.4,3.5,sym-centre,42,3370112,59076.96362,753448.3161,59578.19702,754905.088,0.008484413701,0.001933472907,18.22534678,42.01340012,5,True,True,True,
confirm3-0974-torus-rhovol42-sp1.4x0.4x0.4-sym-corner,confirm3,torus,True,1.4x0.4x0.4,3.5,sym-corner,42,3361152,59076.96362,753448.3161,59256.0605,752898.048,0.003031585708,-0.0007303329008,17.76318137,40.94800802,5,True,True,True,
confirm3-0975-torus-rhovol42-sp1.4x0.4x0.4-sym-face,confirm3,torus,True,1.4x0.4x0.4,3.5,sym-face,42,3370216,59076.96362,753448.3161,59585.5985,754928.384,0.008609699104,0.001964392081,18.22758618,42.01856242,5,True,True,True,
confirm3-0976-torus-rhovol42-sp1.4x0.4x0.4-sym-edge,confirm3,torus,True,1.4x0.4x0.4,3.5,sym-edge,42,3370310,59076.96362,753448.3161,59583.69823,754949.44,0.008577533071,0.001992338258,18.22534678,42.01340012,5,True,True,True,
confirm3-0977-torus-rhovol42-sp1.4x0.4x0.4-sym-zcorner,confirm3,torus,True,1.4x0.4x0.4,3.5,sym-zcorner,42,3361208,59076.96362,753448.3161,59262.79658,752910.592,0.003145607904,-0.0007136841145,17.76318137,40.94800802,5,True,True,True,
confirm3-0978-torus-rhovol42-sp1.4x0.4x0.4-rand0,confirm3,torus,True,1.4x0.4x0.4,3.5,rand0,42,3363695,59076.96362,753448.3161,59366.46388,753467.68,0.004900391785,2.570037691e-05,18.21862693,41.9979094,5,True,True,True,
confirm3-0979-torus-rhovol42-sp1.4x0.4x0.4-rand1,confirm3,torus,True,1.4x0.4x0.4,3.5,rand1,42,3363596,59076.96362,753448.3161,59406.75611,753445.504,0.005582421101,-3.732298862e-06,18.22086716,42.00307361,5,True,True,True,
confirm3-0980-sphere-rhovol11-sp1.6x0.4x0.4-sym-centre,confirm3,sphere,True,1.6x0.4x0.4,4,sym-centre,11,5525,613.0396217,1427.271619,604.0363468,1414.4,-0.01468628541,-0.009018338938,4.366062299,11.00178759,5,True,False,False,
confirm3-0981-sphere-rhovol11-sp1.6x0.4x0.4-sym-corner,confirm3,sphere,True,1.6x0.4x0.4,4,sym-corner,11,5528,613.0396217,1427.271619,602.8029327,1415.168,-0.01669825023,-0.008480249348,3.881043674,9.779617241,5,True,False,False,
confirm3-0982-sphere-rhovol11-sp1.6x0.4x0.4-sym-face,confirm3,sphere,True,1.6x0.4x0.4,4,sym-face,11,5600,613.0396217,1427.271619,609.5445089,1433.6,-0.005701283697,0.004433900805,4.220485754,10.63495768,5,True,False,False,
confirm3-0983-sphere-rhovol11-sp1.6x0.4x0.4-sym-edge,confirm3,sphere,True,1.6x0.4x0.4,4,sym-edge,11,5610,613.0396217,1427.271619,609.9414274,1436.16,-0.005053823825,0.006227532771,4.25,10.70932892,5,True,False,False,
confirm3-0984-sphere-rhovol11-sp1.6x0.4x0.4-sym-zcorner,confirm3,sphere,True,1.6x0.4x0.4,4,sym-zcorner,11,5552,613.0396217,1427.271619,604.3569661,1421.312,-0.0141632861,-0.00417553263,3.97649343,10.02013555,5,True,False,False,
confirm3-0985-sphere-rhovol11-sp1.6x0.4x0.4-rand0,confirm3,sphere,True,1.6x0.4x0.4,4,rand0,11,5572,613.0396217,1427.271619,607.5792173,1426.432,-0.008907098728,-0.0005882686987,4.077376608,10.27434523,5,True,False,False,
confirm3-0986-sphere-rhovol11-sp1.6x0.4x0.4-rand1,confirm3,sphere,True,1.6x0.4x0.4,4,rand1,11,5607,613.0396217,1427.271619,609.390045,1435.392,-0.005953247738,0.005689443181,4.301162634,10.83825068,5,True,False,False,
confirm3-0987-ellipsoid-rhovol11-sp1.6x0.4x0.4-sym-centre,confirm3,ellipsoid,True,1.6x0.4x0.4,4,sym-centre,11,15953,1335.914584,4081.996831,1334.557795,4083.968,-0.001015625535,0.0004828933284,4.5,11.33928945,5,True,False,False,
confirm3-0988-ellipsoid-rhovol11-sp1.6x0.4x0.4-sym-corner,confirm3,ellipsoid,True,1.6x0.4x0.4,4,sym-corner,11,15960,1335.914584,4081.996831,1334.887224,4085.76,-0.0007690315538,0.0009218941592,4.25,10.70932892,5,True,False,False,
confirm3-0989-ellipsoid-rhovol11-sp1.6x0.4x0.4-sym-face,confirm3,ellipsoid,True,1.6x0.4x0.4,4,sym-face,11,15940,1335.914584,4081.996831,1333.670539,4080.64,-0.00167978172,-0.0003323939287,4.25,10.70932892,5,True,False,False,
confirm3-0990-ellipsoid-rhovol11-sp1.6x0.4x0.4-sym-edge,confirm3,ellipsoid,True,1.6x0.4x0.4,4,sym-edge,11,15986,1335.914584,4081.996831,1333.871531,4092.416,-0.001529329097,0.002552468673,4.25,10.70932892,5,True,False,False,
confirm3-0991-ellipsoid-rhovol11-sp1.6x0.4x0.4-sym-zcorner,confirm3,ellipsoid,True,1.6x0.4x0.4,4,sym-zcorner,11,15956,1335.914584,4081.996831,1333.881143,4084.736,-0.001522134127,0.0006710365416,4.479118217,11.28667065,5,True,False,False,
confirm3-0992-ellipsoid-rhovol11-sp1.6x0.4x0.4-rand0,confirm3,ellipsoid,True,1.6x0.4x0.4,4,rand0,11,15968,1335.914584,4081.996831,1331.138342,4087.808,-0.003575259691,0.001423609394,4.394598958,11.07369547,5,True,False,False,
confirm3-0993-ellipsoid-rhovol11-sp1.6x0.4x0.4-rand1,confirm3,ellipsoid,True,1.6x0.4x0.4,4,rand1,11,15921,1335.914584,4081.996831,1330.629853,4075.776,-0.003955889606,-0.001523967612,4.366062299,11.00178759,5,True,False,False,
confirm3-0994-capsule-rhovol11-sp1.6x0.4x0.4-sym-centre,confirm3,capsule,True,1.6x0.4x0.4,4,sym-centre,11,21365,1777.814903,5494.995734,1777.855055,5469.44,2.25850903e-05,-0.004650728631,4.366062299,11.00178759,5,True,False,False,
confirm3-0995-capsule-rhovol11-sp1.6x0.4x0.4-sym-corner,confirm3,capsule,True,1.6x0.4x0.4,4,sym-corner,11,21344,1777.814903,5494.995734,1773.983514,5464.064,-0.002155111139,-0.00562907334,4.242640687,10.69078462,5,True,False,False,
confirm3-0996-capsule-rhovol11-sp1.6x0.4x0.4-sym-face,confirm3,capsule,True,1.6x0.4x0.4,4,sym-face,11,21400,1777.814903,5494.995734,1775.133688,5478.4,-0.00150815197,-0.003020154117,4.242640687,10.69078462,5,True,False,False,
confirm3-0997-capsule-rhovol11-sp1.6x0.4x0.4-sym-edge,confirm3,capsule,True,1.6x0.4x0.4,4,sym-edge,11,21486,1777.814903,5494.995734,1778.886127,5500.416,0.0006025507468,0.0009864004037,4.25,10.70932892,5,True,False,False,
confirm3-0998-capsule-rhovol11-sp1.6x0.4x0.4-sym-zcorner,confirm3,capsule,True,1.6x0.4x0.4,4,sym-zcorner,11,21298,1777.814903,5494.995734,1776.584406,5452.288,-0.000692139796,-0.00777211413,4.366062299,11.00178759,5,True,False,False,
confirm3-0999-capsule-rhovol11-sp1.6x0.4x0.4-rand0,confirm3,capsule,True,1.6x0.4x0.4,4,rand0,11,21487,1777.814903,5494.995734,1763.452622,5500.672,-0.00807861447,0.001032988247,4.366062299,11.00178759,5,True,False,False,
confirm3-1000-capsule-rhovol11-sp1.6x0.4x0.4-rand1,confirm3,capsule,True,1.6x0.4x0.4,4,rand1,11,21483,1777.814903,5494.995734,1779.718586,5499.648,0.001070799202,0.0008466368739,4.366062299,11.00178759,5,True,False,False,
confirm3-1001-torus-rhovol11-sp1.6x0.4x0.4-sym-centre,confirm3,torus,True,1.6x0.4x0.4,4,sym-centre,11,61484,4429.617775,15469.47582,4454.782723,15739.904,0.00568106518,0.01748140579,4.387482194,11.05576234,5,True,False,False,
confirm3-1002-torus-rhovol11-sp1.6x0.4x0.4-sym-corner,confirm3,torus,True,1.6x0.4x0.4,4,sym-corner,11,58880,4429.617775,15469.47582,4349.775865,15073.28,-0.01802455981,-0.02561145708,4,10.0793684,5,True,False,False,
confirm3-1003-torus-rhovol11-sp1.6x0.4x0.4-sym-face,confirm3,torus,True,1.6x0.4x0.4,4,sym-face,11,61564,4429.617775,15469.47582,4461.41537,15760.384,0.007178406007,0.01880530326,4.373213921,11.01980855,5,True,False,False,
confirm3-1004-torus-rhovol11-sp1.6x0.4x0.4-sym-edge,confirm3,torus,True,1.6x0.4x0.4,4,sym-edge,11,61498,4429.617775,15469.47582,4456.596314,15743.488,0.006090489165,0.01771308784,4.373213921,11.01980855,5,True,False,False,
confirm3-1005-torus-rhovol11-sp1.6x0.4x0.4-sym-zcorner,confirm3,torus,True,1.6x0.4x0.4,4,sym-zcorner,11,59112,4429.617775,15469.47582,4355.90069,15132.672,-0.01664186153,-0.0217721544,4,10.0793684,5,True,False,False,
confirm3-1006-torus-rhovol11-sp1.6x0.4x0.4-rand0,confirm3,torus,True,1.6x0.4x0.4,4,rand0,11,60120,4429.617775,15469.47582,4417.062975,15390.72,-0.002834285302,-0.005091046193,4.373213921,11.01980855,5,True,False,False,
confirm3-1007-torus-rhovol11-sp1.6x0.4x0.4-rand1,confirm3,torus,True,1.6x0.4x0.4,4,rand1,11,60552,4429.617775,15469.47582,4426.875365,15501.312,-0.0006191076852,0.002058000181,4.366062299,11.00178759,5,True,False,False,
confirm3-1008-sphere-rhovol15-sp1.6x0.4x0.4-sym-centre,confirm3,sphere,True,1.6x0.4x0.4,4,sym-centre,15,14047,1139.94971,3619.114737,1129.117204,3596.032,-0.009502617295,-0.006378006395,5.958187644,15.01369206,5,True,False,False,
confirm3-1009-sphere-rhovol15-sp1.6x0.4x0.4-sym-corner,confirm3,sphere,True,1.6x0.4x0.4,4,sym-corner,15,14216,1139.94971,3619.114737,1140.806584,3639.296,0.0007516768171,0.00557629822,5.431390246,13.6862458,5,True,False,False,
confirm3-1010-sphere-rhovol15-sp1.6x0.4x0.4-sym-face,confirm3,sphere,True,1.6x0.4x0.4,4,sym-face,15,14036,1139.94971,3619.114737,1130.841756,3593.216,-0.007989785793,-0.007156097228,5.787918451,14.58464058,5,True,False,False,
confirm3-1011-sphere-rhovol15-sp1.6x0.4x0.4-sym-edge,confirm3,sphere,True,1.6x0.4x0.4,4,sym-edge,15,14072,1139.94971,3619.114737,1131.533836,3602.432,-0.007382671357,-0.004609618138,5.836308765,14.70657653,5,True,False,False,
confirm3-1012-sphere-rhovol15-sp1.6x0.4x0.4-sym-zcorner,confirm3,sphere,True,1.6x0.4x0.4,4,sym-zcorner,15,14212,1139.94971,3619.114737,1140.959584,3638.272,0.0008858938432,0.005293356099,5.505678886,13.87344145,5,True,False,False,
confirm3-1013-sphere-rhovol15-sp1.6x0.4x0.4-rand0,confirm3,sphere,True,1.6x0.4x0.4,4,rand0,15,14150,1139.94971,3619.114737,1138.366635,3622.4,-0.001388723704,0.0009077532224,5.6844085,14.32381185,5,True,False,False,
confirm3-1014-sphere-rhovol15-sp1.6x0.4x0.4-rand1,confirm3,sphere,True,1.6x0.4x0.4,4,rand1,15,14164,1139.94971,3619.114737,1139.098049,3625.984,-0.000747103709,0.001898050646,5.662375826,14.26829299,5,True,False,False,
confirm3-1015-ellipsoid-rhovol15-sp1.6x0.4x0.4-sym-centre,confirm3,ellipsoid,True,1.6x0.4x0.4,4,sym-centre,15,40401,2484.138689,10350.66815,2487.173856,10342.656,0.001221818546,-0.0007740705741,6,15.1190526,5,True,False,False,
confirm3-1016-ellipsoid-rhovol15-sp1.6x0.4x0.4-sym-corner,confirm3,ellipsoid,True,1.6x0.4x0.4,4,sym-corner,15,40408,2484.138689,10350.66815,2487.142072,10344.448,0.001209023588,-0.0006009416539,5.884301148,14.82750976,5,True,False,False,
confirm3-1017-ellipsoid-rhovol15-sp1.6x0.4x0.4-sym-face,confirm3,ellipsoid,True,1.6x0.4x0.4,4,sym-face,15,40384,2484.138689,10350.66815,2488.050612,10338.304,0.001574760113,-0.001194526523,5.884301148,14.82750976,5,True,False,False,
confirm3-1018-ellipsoid-rhovol15-sp1.6x0.4x0.4-sym-edge,confirm3,ellipsoid,True,1.6x0.4x0.4,4,sym-edge,15,40456,2484.138689,10350.66815,2489.021804,10356.736,0.001965717279,0.0005862280848,5.884301148,14.82750976,5,True,False,False,
confirm3-1019-ellipsoid-rhovol15-sp1.6x0.4x0.4-sym-zcorner,confirm3,ellipsoid,True,1.6x0.4x0.4,4,sym-zcorner,15,40462,2484.138689,10350.66815,2488.424222,10358.272,0.001725158451,0.0007346243021,6,15.1190526,5,True,False,False,
confirm3-1020-ellipsoid-rhovol15-sp1.6x0.4x0.4-rand0,confirm3,ellipsoid,True,1.6x0.4x0.4,4,rand0,15,40524,2484.138689,10350.66815,2490.919219,10374.144,0.00272952967,0.002268051881,5.963430221,15.02690253,5,True,False,False,
confirm3-1021-ellipsoid-rhovol15-sp1.6x0.4x0.4-rand1,confirm3,ellipsoid,True,1.6x0.4x0.4,4,rand1,15,40418,2484.138689,10350.66815,2485.374189,10347.008,0.0004973554141,-0.000353614625,5.937171044,14.96073355,5,True,False,False,
confirm3-1022-capsule-rhovol15-sp1.6x0.4x0.4-sym-centre,confirm3,capsule,True,1.6x0.4x0.4,4,sym-centre,15,54447,3305.854158,13933.59174,3322.220367,13938.432,0.004950674741,0.0003473808398,5.963430221,15.02690253,5,True,False,False,
confirm3-1023-capsule-rhovol15-sp1.6x0.4x0.4-sym-corner,confirm3,capsule,True,1.6x0.4x0.4,4,sym-corner,15,54592,3305.854158,13933.59174,3321.871992,13975.552,0.004845293542,0.003011446265,5.814851675,14.65250805,5,True,False,False,
confirm3-1024-capsule-rhovol15-sp1.6x0.4x0.4-sym-face,confirm3,capsule,True,1.6x0.4x0.4,4,sym-face,15,54660,3305.854158,13933.59174,3329.381098,13992.96,0.007116750608,0.004260801085,5.814851675,14.65250805,5,True,False,False,
confirm3-1025-capsule-rhovol15-sp1.6x0.4x0.4-sym-edge,confirm3,capsule,True,1.6x0.4x0.4,4,sym-edge,15,54408,3305.854158,13933.59174,3322.707252,13928.448,0.005097954529,-0.0003691608954,5.836308765,14.70657653,5,True,False,False,
confirm3-1026-capsule-rhovol15-sp1.6x0.4x0.4-sym-zcorner,confirm3,capsule,True,1.6x0.4x0.4,4,sym-zcorner,15,54434,3305.854158,13933.59174,3315.050307,13935.104,0.002781776996,0.0001085335947,5.963430221,15.02690253,5,True,False,False,
confirm3-1027-capsule-rhovol15-sp1.6x0.4x0.4-rand0,confirm3,capsule,True,1.6x0.4x0.4,4,rand0,15,54428,3305.854158,13933.59174,3299.061548,13933.568,-0.002054721681,-1.703595304e-06,5.937171044,14.96073355,5,True,False,False,
confirm3-1028-capsule-rhovol15-sp1.6x0.4x0.4-rand1,confirm3,capsule,True,1.6x0.4x0.4,4,rand1,15,54436,3305.854158,13933.59174,3317.032203,13935.616,0.003381288017,0.0001452793247,5.937171044,14.96073355,5,True,False,False,
confirm3-1029-torus-rhovol15-sp1.6x0.4x0.4-sym-centre,confirm3,torus,True,1.6x0.4x0.4,4,sym-centre,15,150000,8236.892557,39225.75573,8131.855268,38400,-0.01275205282,-0.02105136577,5.968668193,15.04010139,5,True,False,False,
confirm3-1030-torus-rhovol15-sp1.6x0.4x0.4-sym-corner,confirm3,torus,True,1.6x0.4x0.4,4,sym-corner,15,154560,8236.892557,39225.75573,8271.434194,39567.36,0.004193527604,0.008708672706,5.528336097,13.93053404,5,True,False,False,
confirm3-1031-torus-rhovol15-sp1.6x0.4x0.4-sym-face,confirm3,torus,True,1.6x0.4x0.4,4,sym-face,15,149888,8236.892557,39225.75573,8127.124514,38371.328,-0.01332639006,-0.02178231409,5.963430221,15.02690253,5,True,False,False,
confirm3-1032-torus-rhovol15-sp1.6x0.4x0.4-sym-edge,confirm3,torus,True,1.6x0.4x0.4,4,sym-edge,15,149976,8236.892557,39225.75573,8130.826287,38393.856,-0.01287697629,-0.02120799756,5.963430221,15.02690253,5,True,False,False,
confirm3-1033-torus-rhovol15-sp1.6x0.4x0.4-sym-zcorner,confirm3,torus,True,1.6x0.4x0.4,4,sym-zcorner,15,154576,8236.892557,39225.75573,8272.248126,39571.456,0.00429234304,0.008813093894,5.505678886,13.87344145,5,True,False,False,
confirm3-1034-torus-rhovol15-sp1.6x0.4x0.4-rand0,confirm3,torus,True,1.6x0.4x0.4,4,rand0,15,153162,8236.892557,39225.75573,8266.394513,39209.472,0.003581685151,-0.000415128565,5.942432162,14.97399074,5,True,False,False,
confirm3-1035-torus-rhovol15-sp1.6x0.4x0.4-rand1,confirm3,torus,True,1.6x0.4x0.4,4,rand1,15,153186,8236.892557,39225.75573,8277.875949,39215.616,0.004975588996,-0.0002584967836,5.963430221,15.02690253,5,True,False,False,
confirm3-1036-sphere-rhovol20-sp1.6x0.4x0.4-sym-centre,confirm3,sphere,True,1.6x0.4x0.4,4,sym-centre,20,33371,2026.577262,8578.642339,2019.62203,8542.976,-0.003432009053,-0.00415757389,7.941190087,20.0105451,5,True,False,False,
confirm3-1037-sphere-rhovol20-sp1.6x0.4x0.4-sym-corner,confirm3,sphere,True,1.6x0.4x0.4,4,sym-corner,20,33512,2026.577262,8578.642339,2030.113973,8579.072,0.001745164836,5.008491792e-05,7.42041104,18.69826414,5,True,False,False,
confirm3-1038-sphere-rhovol20-sp1.6x0.4x0.4-sym-face,confirm3,sphere,True,1.6x0.4x0.4,4,sym-face,20,33384,2026.577262,8578.642339,2022.371145,8546.304,-0.002075477969,-0.003769633716,7.766112284,19.56937668,5,True,False,False,
confirm3-1039-sphere-rhovol20-sp1.6x0.4x0.4-sym-edge,confirm3,sphere,True,1.6x0.4x0.4,4,sym-edge,20,33424,2026.577262,8578.642339,2022.902235,8556.544,-0.001813415679,-0.002575971643,7.814249804,19.69067563,5,True,False,False,
confirm3-1040-sphere-rhovol20-sp1.6x0.4x0.4-sym-zcorner,confirm3,sphere,True,1.6x0.4x0.4,4,sym-zcorner,20,33616,2026.577262,8578.642339,2033.756316,8605.696,0.003542452835,0.003153606308,7.470776399,18.82517689,5,True,False,False,
confirm3-1041-sphere-rhovol20-sp1.6x0.4x0.4-rand0,confirm3,sphere,True,1.6x0.4x0.4,4,rand0,20,33459,2026.577262,8578.642339,2027.208853,8565.504,0.0003116539798,-0.001531517329,7.79823698,19.65032585,5,True,False,False,
confirm3-1042-sphere-rhovol20-sp1.6x0.4x0.4-rand1,confirm3,sphere,True,1.6x0.4x0.4,4,rand1,20,33484,2026.577262,8578.642339,2028.799961,8571.904,0.00109677508,-0.0007854785333,7.71767452,19.44732117,5,True,False,False,
confirm3-1043-ellipsoid-rhovol20-sp1.6x0.4x0.4-sym-centre,confirm3,ellipsoid,True,1.6x0.4x0.4,4,sym-centre,20,95823,4416.246559,24534.91709,4431.857738,24530.688,0.003534942965,-0.0001723702866,8,20.1587368,5,True,False,False,
confirm3-1044-ellipsoid-rhovol20-sp1.6x0.4x0.4-sym-corner,confirm3,ellipsoid,True,1.6x0.4x0.4,4,sym-corner,20,95816,4416.246559,24534.91709,4426.457621,24528.896,0.002312158476,-0.0002454090498,7.850159234,19.78116173,5,True,False,False,
confirm3-1045-ellipsoid-rhovol20-sp1.6x0.4x0.4-sym-face,confirm3,ellipsoid,True,1.6x0.4x0.4,4,sym-face,20,95908,4416.246559,24534.91709,4434.005308,24552.448,0.004021231339,0.000714528981,7.850159234,19.78116173,5,True,False,False,
confirm3-1046-ellipsoid-rhovol20-sp1.6x0.4x0.4-sym-edge,confirm3,ellipsoid,True,1.6x0.4x0.4,4,sym-edge,20,95952,4416.246559,24534.91709,4436.366698,24563.712,0.004555936524,0.001173629778,7.893826702,19.89119685,5,True,False,False,
confirm3-1047-ellipsoid-rhovol20-sp1.6x0.4x0.4-sym-zcorner,confirm3,ellipsoid,True,1.6x0.4x0.4,4,sym-zcorner,20,95790,4416.246559,24534.91709,4425.008176,24522.24,0.001983951034,-0.0005166958847,8,20.1587368,5,True,False,False,
confirm3-1048-ellipsoid-rhovol20-sp1.6x0.4x0.4-rand0,confirm3,ellipsoid,True,1.6x0.4x0.4,4,rand0,20,95837,4416.246559,24534.91709,4434.417197,24534.272,0.004114498232,-2.629276019e-05,7.945124291,20.02045868,5,True,False,False,
confirm3-1049-ellipsoid-rhovol20-sp1.6x0.4x0.4-rand1,confirm3,ellipsoid,True,1.6x0.4x0.4,4,rand1,20,95853,4416.246559,24534.91709,4427.411943,24538.368,0.002528251989,0.0001406529843,7.956915231,20.05016998,5,True,False,False,
confirm3-1050-capsule-rhovol20-sp1.6x0.4x0.4-sym-centre,confirm3,capsule,True,1.6x0.4x0.4,4,sym-centre,20,128283,5877.074059,33027.77301,5888.056862,32840.448,0.00186875345,-0.005671741981,7.941190087,20.0105451,5,True,False,False,
confirm3-1051-capsule-rhovol20-sp1.6x0.4x0.4-sym-corner,confirm3,capsule,True,1.6x0.4x0.4,4,sym-corner,20,129208,5877.074059,33027.77301,5912.306412,33077.248,0.005994879754,0.001497981511,7.766112284,19.56937668,5,True,False,False,
confirm3-1052-capsule-rhovol20-sp1.6x0.4x0.4-sym-face,confirm3,capsule,True,1.6x0.4x0.4,4,sym-face,20,128928,5877.074059,33027.77301,5901.138846,33005.568,0.004094688379,-0.0006723131679,7.766112284,19.56937668,5,True,False,False,
confirm3-1053-capsule-rhovol20-sp1.6x0.4x0.4-sym-edge,confirm3,capsule,True,1.6x0.4x0.4,4,sym-edge,20,128872,5877.074059,33027.77301,5915.377018,32991.232,0.006517351672,-0.001106372104,7.814249804,19.69067563,5,True,False,False,
confirm3-1054-capsule-rhovol20-sp1.6x0.4x0.4-sym-zcorner,confirm3,capsule,True,1.6x0.4x0.4,4,sym-zcorner,20,128542,5877.074059,33027.77301,5898.289328,32906.752,0.003609835188,-0.003664219403,7.941190087,20.0105451,5,True,False,False,
confirm3-1055-capsule-rhovol20-sp1.6x0.4x0.4-rand0,confirm3,capsule,True,1.6x0.4x0.4,4,rand0,20,129026,5877.074059,33027.77301,5870.640445,33030.656,-0.001094696734,8.728996956e-05,7.941190087,20.0105451,5,True,False,False,
confirm3-1056-capsule-rhovol20-sp1.6x0.4x0.4-rand1,confirm3,capsule,True,1.6x0.4x0.4,4,rand1,20,129002,5877.074059,33027.77301,5911.816213,33024.512,0.005911471096,-9.87352886e-05,7.941190087,20.0105451,5,True,False,False,
confirm3-1057-torus-rhovol20-sp1.6x0.4x0.4-sym-centre,confirm3,torus,True,1.6x0.4x0.4,4,sym-centre,20,358296,14643.36455,92979.56914,14536.7059,91723.776,-0.00728375307,-0.01350611918,7.945124291,20.02045868,5,True,False,False,
confirm3-1058-torus-rhovol20-sp1.6x0.4x0.4-sym-corner,confirm3,torus,True,1.6x0.4x0.4,4,sym-corner,20,365392,14643.36455,92979.56914,14739.55069,93540.352,0.006568582308,0.006031248191,7.5,18.89881575,5,True,False,False,
confirm3-1059-torus-rhovol20-sp1.6x0.4x0.4-sym-face,confirm3,torus,True,1.6x0.4x0.4,4,sym-face,20,358532,14643.36455,92979.56914,14545.82634,91784.192,-0.006660914701,-0.01285634202,7.945124291,20.02045868,5,True,False,False,
confirm3-1060-torus-rhovol20-sp1.6x0.4x0.4-sym-edge,confirm3,torus,True,1.6x0.4x0.4,4,sym-edge,20,358448,14643.36455,92979.56914,14539.91376,91762.688,-0.007064686731,-0.01308761864,7.945124291,20.02045868,5,True,False,False,
confirm3-1061-torus-rhovol20-sp1.6x0.4x0.4-sym-zcorner,confirm3,torus,True,1.6x0.4x0.4,4,sym-zcorner,20,365552,14643.36455,92979.56914,14739.78562,93581.312,0.00658462563,0.006471775077,7.520804478,18.95123975,5,True,False,False,
confirm3-1062-torus-rhovol20-sp1.6x0.4x0.4-rand0,confirm3,torus,True,1.6x0.4x0.4,4,rand0,20,363153,14643.36455,92979.56914,14728.96452,92967.168,0.005845649235,-0.0001333749113,7.941190087,20.0105451,5,True,False,False,
confirm3-1063-torus-rhovol20-sp1.6x0.4x0.4-rand1,confirm3,torus,True,1.6x0.4x0.4,4,rand1,20,363224,14643.36455,92979.56914,14715.3973,92985.344,0.004919139628,6.210889414e-05,7.941190087,20.0105451,5,True,False,False,
confirm3-1064-sphere-rhovol27-sp1.6x0.4x0.4-sym-centre,confirm3,sphere,True,1.6x0.4x0.4,4,sym-centre,27,82461,3693.43706,21106.67715,3704.445843,21110.016,0.002980633702,0.0001581894757,10.7150595,27.00025802,5,True,True,False,
confirm3-1065-sphere-rhovol27-sp1.6x0.4x0.4-sym-corner,confirm3,sphere,True,1.6x0.4x0.4,4,sym-corner,27,82512,3693.43706,21106.67715,3711.817506,21123.072,0.004976515323,0.0007767614997,10.20110288,25.70516851,5,True,True,False,
confirm3-1066-sphere-rhovol27-sp1.6x0.4x0.4-sym-face,confirm3,sphere,True,1.6x0.4x0.4,4,sym-face,27,82560,3693.43706,21106.67715,3706.999376,21135.36,0.003672004268,0.001358946934,10.54751155,26.57806366,5,True,True,False,
confirm3-1067-sphere-rhovol27-sp1.6x0.4x0.4-sym-edge,confirm3,sphere,True,1.6x0.4x0.4,4,sym-edge,27,82450,3693.43706,21106.67715,3703.162892,21107.2,0.002633274276,2.47719804e-05,10.59481005,26.6972484,5,True,True,False,
confirm3-1068-sphere-rhovol27-sp1.6x0.4x0.4-sym-zcorner,confirm3,sphere,True,1.6x0.4x0.4,4,sym-zcorner,27,82414,3693.43706,21106.67715,3710.319516,21097.984,0.004570933779,-0.0004118670953,10.22558067,25.76684866,5,True,True,False,
confirm3-1069-sphere-rhovol27-sp1.6x0.4x0.4-rand0,confirm3,sphere,True,1.6x0.4x0.4,4,rand0,27,82479,3693.43706,21106.67715,3710.490835,21114.624,0.004617318639,0.0003765090136,10.22252415,25.75914672,5,True,True,False,
confirm3-1070-sphere-rhovol27-sp1.6x0.4x0.4-rand1,confirm3,sphere,True,1.6x0.4x0.4,4,rand1,27,82492,3693.43706,21106.67715,3705.051868,21117.952,0.00314471552,0.0005341842354,10.66829415,26.88241672,5,True,True,False,
confirm3-1071-ellipsoid-rhovol27-sp1.6x0.4x0.4-sym-centre,confirm3,ellipsoid,True,1.6x0.4x0.4,4,sym-centre,27,235869,8048.609353,60365.09664,8088.865901,60382.464,0.005001677388,0.0002877053787,10.75,27.08830257,5,True,True,False,
confirm3-1072-ellipsoid-rhovol27-sp1.6x0.4x0.4-sym-corner,confirm3,ellipsoid,True,1.6x0.4x0.4,4,sym-corner,27,235760,8048.609353,60365.09664,8085.868232,60354.56,0.00462923185,-0.000174548499,10.64483443,26.82330194,5,True,True,False,
confirm3-1073-ellipsoid-rhovol27-sp1.6x0.4x0.4-sym-face,confirm3,ellipsoid,True,1.6x0.4x0.4,4,sym-face,27,235724,8048.609353,60365.09664,8085.779224,60345.344,0.004618173109,-0.0003272195045,10.64483443,26.82330194,5,True,True,False,
confirm3-1074-ellipsoid-rhovol27-sp1.6x0.4x0.4-sym-edge,confirm3,ellipsoid,True,1.6x0.4x0.4,4,sym-edge,27,235878,8048.609353,60365.09664,8088.229805,60384.768,0.004922645657,0.0003258731301,10.68877916,26.93403573,5,True,True,False,
confirm3-1075-ellipsoid-rhovol27-sp1.6x0.4x0.4-sym-zcorner,confirm3,ellipsoid,True,1.6x0.4x0.4,4,sym-zcorner,27,235764,8048.609353,60365.09664,8083.992828,60355.584,0.004396222171,-0.0001575850539,10.75,27.08830257,5,True,True,False,
confirm3-1076-ellipsoid-rhovol27-sp1.6x0.4x0.4-rand0,confirm3,ellipsoid,True,1.6x0.4x0.4,4,rand0,27,236023,8048.609353,60365.09664,8102.228939,60421.888,0.006661968937,0.0009407980133,10.7383658,27.05898622,5,True,True,False,
confirm3-1077-ellipsoid-rhovol27-sp1.6x0.4x0.4-rand1,confirm3,ellipsoid,True,1.6x0.4x0.4,4,rand1,27,235826,8048.609353,60365.09664,8068.467386,60371.456,0.002467262656,0.0001053483444,10.7383658,27.05898622,5,True,True,False,
confirm3-1078-capsule-rhovol27-sp1.6x0.4x0.4-sym-centre,confirm3,capsule,True,1.6x0.4x0.4,4,sym-centre,27,316999,10710.96747,81260.70701,10782.59552,81151.744,0.006687355603,-0.001340906514,10.73545528,27.05165217,5,True,True,False,
confirm3-1079-capsule-rhovol27-sp1.6x0.4x0.4-sym-corner,confirm3,capsule,True,1.6x0.4x0.4,4,sym-corner,27,318128,10710.96747,81260.70701,10797.95733,81440.768,0.008121568464,0.002215843244,10.54751155,26.57806366,5,True,True,False,
confirm3-1080-capsule-rhovol27-sp1.6x0.4x0.4-sym-face,confirm3,capsule,True,1.6x0.4x0.4,4,sym-face,27,317792,10710.96747,81260.70701,10790.36246,81354.752,0.007412494168,0.001157324273,10.54751155,26.57806366,5,True,True,False,
confirm3-1081-capsule-rhovol27-sp1.6x0.4x0.4-sym-edge,confirm3,capsule,True,1.6x0.4x0.4,4,sym-edge,27,317426,10710.96747,81260.70701,10797.35779,81261.056,0.008065593913,4.294678867e-06,10.60660172,26.72696154,5,True,True,False,
confirm3-1082-capsule-rhovol27-sp1.6x0.4x0.4-sym-zcorner,confirm3,capsule,True,1.6x0.4x0.4,4,sym-zcorner,27,316974,10710.96747,81260.70701,10779.85067,81145.344,0.006431089774,-0.001419665366,10.73545528,27.05165217,5,True,True,False,
confirm3-1083-capsule-rhovol27-sp1.6x0.4x0.4-rand0,confirm3,capsule,True,1.6x0.4x0.4,4,rand0,27,317517,10710.96747,81260.70701,10758.85455,81284.352,0.00447084549,0.0002909769003,10.7150595,27.00025802,5,True,True,False,
confirm3-1084-capsule-rhovol27-sp1.6x0.4x0.4-rand1,confirm3,capsule,True,1.6x0.4x0.4,4,rand1,27,317395,10710.96747,81260.70701,10747.11032,81253.12,0.003374377556,-9.336629766e-05,10.72671898,27.02963807,5,True,True,False,
confirm3-1085-torus-rhovol27-sp1.6x0.4x0.4-sym-centre,confirm3,torus,True,1.6x0.4x0.4,4,sym-centre,27,892268,26687.53189,228764.6074,26724.27854,228420.608,0.001376922327,-0.001503726608,10.72963187,27.03697809,5,True,True,False,
confirm3-1086-torus-rhovol27-sp1.6x0.4x0.4-sym-corner,confirm3,torus,True,1.6x0.4x0.4,4,sym-corner,27,897424,26687.53189,228764.6074,26994.22179,229740.544,0.01149187947,0.004266116965,10.25,25.82838152,5,True,True,False,
confirm3-1087-torus-rhovol27-sp1.6x0.4x0.4-sym-face,confirm3,torus,True,1.6x0.4x0.4,4,sym-face,27,892220,26687.53189,228764.6074,26721.25178,228408.32,0.001263507213,-0.001557441211,10.73545528,27.05165217,5,True,True,False,
confirm3-1088-torus-rhovol27-sp1.6x0.4x0.4-sym-edge,confirm3,torus,True,1.6x0.4x0.4,4,sym-edge,27,892230,26687.53189,228764.6074,26724.16035,228410.88,0.001372493687,-0.001546250669,10.73545528,27.05165217,5,True,True,False,
confirm3-1089-torus-rhovol27-sp1.6x0.4x0.4-sym-zcorner,confirm3,torus,True,1.6x0.4x0.4,4,sym-zcorner,27,897664,26687.53189,228764.6074,26994.40527,229801.984,0.01149875469,0.004534689979,10.25,25.82838152,5,True,True,False,
confirm3-1090-torus-rhovol27-sp1.6x0.4x0.4-rand0,confirm3,torus,True,1.6x0.4x0.4,4,rand0,27,893536,26687.53189,228764.6074,26802.43085,228745.216,0.004305342579,-8.476585356e-05,10.7150595,27.00025802,5,True,True,False,
confirm3-1091-torus-rhovol27-sp1.6x0.4x0.4-rand1,confirm3,torus,True,1.6x0.4x0.4,4,rand1,27,893289,26687.53189,228764.6074,26831.63551,228681.984,0.005399661094,-0.0003611722466,10.70338731,26.97084596,5,True,True,False,
confirm3-1092-sphere-rhovol33-sp1.6x0.4x0.4-sym-centre,confirm3,sphere,True,1.6x0.4x0.4,4,sym-centre,33,150391,5517.356595,38536.33372,5540.916484,38500.096,0.004270140649,-0.0009403520105,13.0981869,33.00536278,5,True,True,False,
confirm3-1093-sphere-rhovol33-sp1.6x0.4x0.4-sym-corner,confirm3,sphere,True,1.6x0.4x0.4,4,sym-corner,33,150568,5517.356595,38536.33372,5538.13746,38545.408,0.003766453112,0.0002354733893,12.57229096,31.68018805,5,True,True,False,
confirm3-1094-sphere-rhovol33-sp1.6x0.4x0.4-sym-face,confirm3,sphere,True,1.6x0.4x0.4,4,sym-face,33,150380,5517.356595,38536.33372,5541.435433,38497.28,0.004364198231,-0.001013425905,12.92768347,32.57572107,5,True,True,False,
confirm3-1095-sphere-rhovol33-sp1.6x0.4x0.4-sym-edge,confirm3,sphere,True,1.6x0.4x0.4,4,sym-edge,33,150436,5517.356595,38536.33372,5541.387393,38511.616,0.004355491062,-0.0006414133495,12.98075499,32.7094529,5,True,True,False,
confirm3-1096-sphere-rhovol33-sp1.6x0.4x0.4-sym-zcorner,confirm3,sphere,True,1.6x0.4x0.4,4,sym-zcorner,33,150746,5517.356595,38536.33372,5546.511002,38590.976,0.005284125885,0.00141794187,12.62190556,31.80520901,5,True,True,False,
confirm3-1097-sphere-rhovol33-sp1.6x0.4x0.4-rand0,confirm3,sphere,True,1.6x0.4x0.4,4,rand0,33,150459,5517.356595,38536.33372,5538.771366,38517.504,0.003881346227,-0.0004886224784,12.9614814,32.6608865,5,True,True,False,
confirm3-1098-sphere-rhovol33-sp1.6x0.4x0.4-rand1,confirm3,sphere,True,1.6x0.4x0.4,4,rand1,33,150627,5517.356595,38536.33372,5541.805341,38560.512,0.004431242572,0.0006274151892,12.7008858,32.00422673,5,True,True,False,
confirm3-1099-ellipsoid-rhovol33-sp1.6x0.4x0.4-sym-centre,confirm3,ellipsoid,True,1.6x0.4x0.4,4,sym-centre,33,430477,12023.23126,110213.9144,12077.69693,110202.112,0.004530036296,-0.0001070866241,13.19090596,33.23900017,5,True,True,False,
confirm3-1100-ellipsoid-rhovol33-sp1.6x0.4x0.4-sym-corner,confirm3,ellipsoid,True,1.6x0.4x0.4,4,sym-corner,33,430536,12023.23126,110213.9144,12085.49542,110217.216,0.005178654442,2.995596332e-05,13,32.7579473,5,True,True,False,
confirm3-1101-ellipsoid-rhovol33-sp1.6x0.4x0.4-sym-face,confirm3,ellipsoid,True,1.6x0.4x0.4,4,sym-face,33,430680,12023.23126,110213.9144,12080.93857,110254.08,0.004799650999,0.0003644327868,13,32.7579473,5,True,True,False,
confirm3-1102-ellipsoid-rhovol33-sp1.6x0.4x0.4-sym-edge,confirm3,ellipsoid,True,1.6x0.4x0.4,4,sym-edge,33,430528,12023.23126,110213.9144,12079.95494,110215.168,0.004717840557,1.137391758e-05,13,32.7579473,5,True,True,False,
confirm3-1103-ellipsoid-rhovol33-sp1.6x0.4x0.4-sym-zcorner,confirm3,ellipsoid,True,1.6x0.4x0.4,4,sym-zcorner,33,430626,12023.23126,110213.9144,12087.76316,110240.256,0.005367267959,0.000239003978,13.19090596,33.23900017,5,True,True,False,
confirm3-1104-ellipsoid-rhovol33-sp1.6x0.4x0.4-rand0,confirm3,ellipsoid,True,1.6x0.4x0.4,4,rand0,33,430589,12023.23126,110213.9144,12064.09596,110230.784,0.003398812454,0.0001530620164,13.0981869,33.00536278,5,True,True,False,
confirm3-1105-ellipsoid-rhovol33-sp1.6x0.4x0.4-rand1,confirm3,ellipsoid,True,1.6x0.4x0.4,4,rand1,33,430533,12023.23126,110213.9144,12044.82297,110216.448,0.001795832476,2.298769617e-05,13.09580085,32.99935032,5,True,True,False,
confirm3-1106-capsule-rhovol33-sp1.6x0.4x0.4-sym-centre,confirm3,capsule,True,1.6x0.4x0.4,4,sym-centre,33,579343,16000.33413,148364.8848,16116.61011,148311.808,0.007267097108,-0.0003577451483,13.0981869,33.00536278,5,True,True,False,
confirm3-1107-capsule-rhovol33-sp1.6x0.4x0.4-sym-corner,confirm3,capsule,True,1.6x0.4x0.4,4,sym-corner,33,579608,16000.33413,148364.8848,16138.03345,148379.648,0.008606028065,9.950590598e-05,12.93493332,32.59398954,5,True,True,False,
confirm3-1108-capsule-rhovol33-sp1.6x0.4x0.4-sym-face,confirm3,capsule,True,1.6x0.4x0.4,4,sym-face,33,579372,16000.33413,148364.8848,16123.37573,148319.232,0.007689939903,-0.0003077063537,12.93493332,32.59398954,5,True,True,False,
confirm3-1109-capsule-rhovol33-sp1.6x0.4x0.4-sym-edge,confirm3,capsule,True,1.6x0.4x0.4,4,sym-edge,33,579304,16000.33413,148364.8848,16111.82932,148301.824,0.006968303844,-0.0004250386997,12.98075499,32.7094529,5,True,True,False,
confirm3-1110-capsule-rhovol33-sp1.6x0.4x0.4-sym-zcorner,confirm3,capsule,True,1.6x0.4x0.4,4,sym-zcorner,33,579700,16000.33413,148364.8848,16130.06587,148403.2,0.00810806446,0.0002582496682,13.0981869,33.00536278,5,True,True,False,
confirm3-1111-capsule-rhovol33-sp1.6x0.4x0.4-rand0,confirm3,capsule,True,1.6x0.4x0.4,4,rand0,33,579582,16000.33413,148364.8848,16139.76952,148372.992,0.008714530085,5.464353839e-05,13.08147545,32.96325257,5,True,True,False,
confirm3-1112-capsule-rhovol33-sp1.6x0.4x0.4-rand1,confirm3,capsule,True,1.6x0.4x0.4,4,rand1,33,579573,16000.33413,148364.8848,16080.23962,148370.688,0.004993989176,3.91142573e-05,13.08864011,32.98130638,5,True,True,False,
confirm3-1113-torus-rhovol33-sp1.6x0.4x0.4-sym-centre,confirm3,torus,True,1.6x0.4x0.4,4,sym-centre,33,1633304,39866.55998,417675.847,40377.65215,418125.824,0.01282007201,0.001077335384,13.0981869,33.00536278,5,True,True,False,
confirm3-1114-torus-rhovol33-sp1.6x0.4x0.4-sym-corner,confirm3,torus,True,1.6x0.4x0.4,4,sym-corner,33,1633128,39866.55998,417675.847,40043.69226,418080.768,0.004443129258,0.0009694622561,12.64911064,31.87376152,5,True,True,False,
confirm3-1115-torus-rhovol33-sp1.6x0.4x0.4-sym-face,confirm3,torus,True,1.6x0.4x0.4,4,sym-face,33,1633520,39866.55998,417675.847,40373.83001,418181.12,0.0127241988,0.001209725131,13.0981869,33.00536278,5,True,True,False,
confirm3-1116-torus-rhovol33-sp1.6x0.4x0.4-sym-edge,confirm3,torus,True,1.6x0.4x0.4,4,sym-edge,33,1633222,39866.55998,417675.847,40371.80364,418104.832,0.01267336999,0.001027076313,13.0981869,33.00536278,5,True,True,False,
confirm3-1117-torus-rhovol33-sp1.6x0.4x0.4-sym-zcorner,confirm3,torus,True,1.6x0.4x0.4,4,sym-zcorner,33,1633120,39866.55998,417675.847,40041.89893,418078.72,0.004398146099,0.0009645589321,12.64911064,31.87376152,5,True,True,False,
confirm3-1118-torus-rhovol33-sp1.6x0.4x0.4-rand0,confirm3,torus,True,1.6x0.4x0.4,4,rand0,33,1631446,39866.55998,417675.847,39991.99122,417650.176,0.00314627709,-6.146161243e-05,13.09580085,32.99935032,5,True,True,False,
confirm3-1119-torus-rhovol33-sp1.6x0.4x0.4-rand1,confirm3,torus,True,1.6x0.4x0.4,4,rand1,33,1631668,39866.55998,417675.847,40148.5274,417707.008,0.007072780417,7.460562824e-05,13.09580085,32.99935032,5,True,True,False,
confirm3-1120-sphere-rhovol37-sp1.6x0.4x0.4-sym-centre,confirm3,sphere,True,1.6x0.4x0.4,4,sym-centre,37,212321,6935.960679,54316.7463,6967.805451,54354.176,0.004591256193,0.0006891005137,14.68417516,37.00180276,5,True,True,True,
confirm3-1121-sphere-rhovol37-sp1.6x0.4x0.4-sym-corner,confirm3,sphere,True,1.6x0.4x0.4,4,sym-corner,37,212128,6935.960679,54316.7463,6971.863457,54304.768,0.005176323857,-0.0002205268731,14.16200904,35.68602659,5,True,True,False,
confirm3-1122-sphere-rhovol37-sp1.6x0.4x0.4-sym-face,confirm3,sphere,True,1.6x0.4x0.4,4,sym-face,37,212128,6935.960679,54316.7463,6964.484905,54304.768,0.004112512728,-0.0002205268731,14.51077186,36.56485384,5,True,True,True,
confirm3-1123-sphere-rhovol37-sp1.6x0.4x0.4-sym-edge,confirm3,sphere,True,1.6x0.4x0.4,4,sym-edge,37,212346,6935.960679,54316.7463,6967.312685,54360.576,0.004520211067,0.0008069278954,14.56236588,36.69486261,5,True,True,True,
confirm3-1124-sphere-rhovol37-sp1.6x0.4x0.4-sym-zcorner,confirm3,sphere,True,1.6x0.4x0.4,4,sym-zcorner,37,212278,6935.960679,54316.7463,6975.439861,54343.168,0.00569195595,0.0004864374172,14.19727086,35.77488083,5,True,True,False,
confirm3-1125-sphere-rhovol37-sp1.6x0.4x0.4-rand0,confirm3,sphere,True,1.6x0.4x0.4,4,rand0,37,212152,6935.960679,54316.7463,6973.434137,54310.912,0.005402778387,-0.0001074125867,14.18846362,35.75268797,5,True,True,False,
confirm3-1126-sphere-rhovol37-sp1.6x0.4x0.4-rand1,confirm3,sphere,True,1.6x0.4x0.4,4,rand1,37,212165,6935.960679,54316.7463,6971.703785,54314.24,0.005153302957,-4.614234817e-05,14.25657743,35.92432401,5,True,True,False,
confirm3-1127-ellipsoid-rhovol37-sp1.6x0.4x0.4-sym-centre,confirm3,ellipsoid,True,1.6x0.4x0.4,4,sym-centre,37,606905,15114.60385,155345.8944,15200.43153,155367.68,0.005678460417,0.0001402391465,14.75,37.16767097,5,True,True,True,
confirm3-1128-ellipsoid-rhovol37-sp1.6x0.4x0.4-sym-corner,confirm3,ellipsoid,True,1.6x0.4x0.4,4,sym-corner,37,606736,15114.60385,155345.8944,15187.89414,155324.416,0.004848972472,-0.0001382619375,14.60522167,36.80285244,5,True,True,True,
confirm3-1129-ellipsoid-rhovol37-sp1.6x0.4x0.4-sym-face,confirm3,ellipsoid,True,1.6x0.4x0.4,4,sym-face,37,606900,15114.60385,155345.8944,15199.88808,155366.4,0.005642505336,0.0001319994695,14.60522167,36.80285244,5,True,True,True,
confirm3-1130-ellipsoid-rhovol37-sp1.6x0.4x0.4-sym-edge,confirm3,ellipsoid,True,1.6x0.4x0.4,4,sym-edge,37,606790,15114.60385,155345.8944,15196.49668,155338.24,0.005418126267,-4.927342545e-05,14.60522167,36.80285244,5,True,True,True,
confirm3-1131-ellipsoid-rhovol37-sp1.6x0.4x0.4-sym-zcorner,confirm3,ellipsoid,True,1.6x0.4x0.4,4,sym-zcorner,37,606820,15114.60385,155345.8944,15191.32484,155345.92,0.00507595147,1.646368073e-07,14.75,37.16767097,5,True,True,True,
confirm3-1132-ellipsoid-rhovol37-sp1.6x0.4x0.4-rand0,confirm3,ellipsoid,True,1.6x0.4x0.4,4,rand0,37,606771,15114.60385,155345.8944,15183.1677,155333.376,0.004536265605,-8.058419821e-05,14.6990646,37.0393218,5,True,True,True,
confirm3-1133-ellipsoid-rhovol37-sp1.6x0.4x0.4-rand1,confirm3,ellipsoid,True,1.6x0.4x0.4,4,rand1,37,606534,15114.60385,155345.8944,15179.33857,155272.704,0.004282925518,-0.00047114489,14.68204686,36.99643979,5,True,True,True,
confirm3-1134-capsule-rhovol37-sp1.6x0.4x0.4-sym-centre,confirm3,capsule,True,1.6x0.4x0.4,4,sym-centre,37,817441,20114.28597,209119.4733,20289.24554,209264.896,0.008698274304,0.0006954050438,14.6990646,37.0393218,5,True,True,True,
confirm3-1135-capsule-rhovol37-sp1.6x0.4x0.4-sym-corner,confirm3,capsule,True,1.6x0.4x0.4,4,sym-corner,37,816728,20114.28597,209119.4733,20287.61179,209082.368,0.008617050639,-0.0001774357164,14.51292527,36.5702801,5,True,True,True,
confirm3-1136-capsule-rhovol37-sp1.6x0.4x0.4-sym-face,confirm3,capsule,True,1.6x0.4x0.4,4,sym-face,37,817048,20114.28597,209119.4733,20286.01257,209164.288,0.008537543994,0.0002143020722,14.51292527,36.5702801,5,True,True,True,
confirm3-1137-capsule-rhovol37-sp1.6x0.4x0.4-sym-edge,confirm3,capsule,True,1.6x0.4x0.4,4,sym-edge,37,817246,20114.28597,209119.4733,20271.31554,209214.976,0.007806867766,0.0004566898289,14.56236588,36.69486261,5,True,True,True,
confirm3-1138-capsule-rhovol37-sp1.6x0.4x0.4-sym-zcorner,confirm3,capsule,True,1.6x0.4x0.4,4,sym-zcorner,37,817246,20114.28597,209119.4733,20286.6036,209214.976,0.008566927485,0.0004566898289,14.6990646,37.0393218,5,True,True,True,
confirm3-1139-capsule-rhovol37-sp1.6x0.4x0.4-rand0,confirm3,capsule,True,1.6x0.4x0.4,4,rand0,37,816714,20114.28597,209119.4733,20173.33632,209078.784,0.00293574208,-0.0001945742446,14.67140075,36.96961328,5,True,True,True,
confirm3-1140-capsule-rhovol37-sp1.6x0.4x0.4-rand1,confirm3,capsule,True,1.6x0.4x0.4,4,rand1,37,816984,20114.28597,209119.4733,20204.62982,209147.904,0.004491526916,0.0001359545145,14.68204686,36.99643979,5,True,True,True,
confirm3-1141-torus-rhovol37-sp1.6x0.4x0.4-sym-centre,confirm3,torus,True,1.6x0.4x0.4,4,sym-centre,37,2298684,50116.91516,588711.7645,50283.84783,588463.104,0.003330864882,-0.0004223806663,14.69693846,37.03396426,5,True,True,True,
confirm3-1142-torus-rhovol37-sp1.6x0.4x0.4-sym-corner,confirm3,torus,True,1.6x0.4x0.4,4,sym-corner,37,2305848,50116.91516,588711.7645,50671.3927,590297.088,0.01106368065,0.002692868783,14.21706721,35.82476449,5,True,True,False,
confirm3-1143-torus-rhovol37-sp1.6x0.4x0.4-sym-face,confirm3,torus,True,1.6x0.4x0.4,4,sym-face,37,2298604,50116.91516,588711.7645,50287.86052,588442.624,0.003410931451,-0.0004571684882,14.69055819,37.017887,5,True,True,True,
confirm3-1144-torus-rhovol37-sp1.6x0.4x0.4-sym-edge,confirm3,torus,True,1.6x0.4x0.4,4,sym-edge,37,2298972,50116.91516,588711.7645,50287.25424,588536.832,0.00339883411,-0.0002971445075,14.69693846,37.03396426,5,True,True,True,
confirm3-1145-torus-rhovol37-sp1.6x0.4x0.4-sym-zcorner,confirm3,torus,True,1.6x0.4x0.4,4,sym-zcorner,37,2304888,50116.91516,588711.7645,50661.71109,590051.328,0.0108705001,0.00227541492,14.22146265,35.83584031,5,True,True,False,
confirm3-1146-torus-rhovol37-sp1.6x0.4x0.4-rand0,confirm3,torus,True,1.6x0.4x0.4,4,rand0,37,2299494,50116.91516,588711.7645,50440.62889,588670.464,0.006459171006,-7.015396979e-05,14.68204686,36.99643979,5,True,True,True,
confirm3-1147-torus-rhovol37-sp1.6x0.4x0.4-rand1,confirm3,torus,True,1.6x0.4x0.4,4,rand1,37,2299896,50116.91516,588711.7645,50210.92897,588773.376,0.001875889822,0.0001046548351,14.68204686,36.99643979,5,True,True,True,
confirm3-1148-sphere-rhovol42-sp1.6x0.4x0.4-sym-centre,confirm3,sphere,True,1.6x0.4x0.4,4,sym-centre,42,310661,8937.205725,79446.80671,8984.811098,79529.216,0.005326650757,0.001037288951,16.673332,42.01416392,5,True,True,True,
confirm3-1149-sphere-rhovol42-sp1.6x0.4x0.4-sym-corner,confirm3,sphere,True,1.6x0.4x0.4,4,sym-corner,42,310280,8937.205725,79446.80671,8985.482465,79431.68,0.005401771174,-0.000190400418,16.14194846,40.6751613,5,True,True,True,
confirm3-1150-sphere-rhovol42-sp1.6x0.4x0.4-sym-face,confirm3,sphere,True,1.6x0.4x0.4,4,sym-face,42,310348,8937.205725,79446.80671,8980.108471,79449.088,0.004800465364,2.871474497e-05,16.4943172,41.5630749,5,True,True,True,
confirm3-1151-sphere-rhovol42-sp1.6x0.4x0.4-sym-edge,confirm3,sphere,True,1.6x0.4x0.4,4,sym-edge,42,310382,8937.205725,79446.80671,8978.443909,79457.792,0.00461421447,0.0001382723265,16.54728074,41.69653465,5,True,True,True,
confirm3-1152-sphere-rhovol42-sp1.6x0.4x0.4-sym-zcorner,confirm3,sphere,True,1.6x0.4x0.4,4,sym-zcorner,42,310362,8937.205725,79446.80671,8987.494964,79452.672,0.005626953363,7.382669029e-05,16.17482612,40.75800781,5,True,True,True,
confirm3-1153-sphere-rhovol42-sp1.6x0.4x0.4-rand0,confirm3,sphere,True,1.6x0.4x0.4,4,rand0,42,310388,8937.205725,79446.80671,8980.160616,79459.328,0.004806299928,0.0001576060173,16.54728074,41.69653465,5,True,True,True,
confirm3-1154-sphere-rhovol42-sp1.6x0.4x0.4-rand1,confirm3,sphere,True,1.6x0.4x0.4,4,rand1,42,310251,8937.205725,79446.80671,8981.969676,79424.256,0.005008718912,-0.0002838465905,16.29608849,41.06356983,5,True,True,True,
confirm3-1155-ellipsoid-rhovol42-sp1.6x0.4x0.4-sym-centre,confirm3,ellipsoid,True,1.6x0.4x0.4,4,sym-centre,42,887569,19475.64732,227217.8672,19579.34922,227217.664,0.005324695874,-8.941941673e-07,16.75,42.20735517,5,True,True,True,
confirm3-1156-ellipsoid-rhovol42-sp1.6x0.4x0.4-sym-corner,confirm3,ellipsoid,True,1.6x0.4x0.4,4,sym-corner,42,887488,19475.64732,227217.8672,19584.51644,227196.928,0.005590012526,-9.215462301e-05,16.56804153,41.74884855,5,True,True,True,
confirm3-1157-ellipsoid-rhovol42-sp1.6x0.4x0.4-sym-face,confirm3,ellipsoid,True,1.6x0.4x0.4,4,sym-face,42,887652,19475.64732,227217.8672,19582.7806,227238.912,0.005500884223,9.26195786e-05,16.56804153,41.74884855,5,True,True,True,
confirm3-1158-ellipsoid-rhovol42-sp1.6x0.4x0.4-sym-edge,confirm3,ellipsoid,True,1.6x0.4x0.4,4,sym-edge,42,887718,19475.64732,227217.8672,19581.23227,227255.808,0.005421383138,0.000166979928,16.59254351,41.81058967,5,True,True,True,
confirm3-1159-ellipsoid-rhovol42-sp1.6x0.4x0.4-sym-zcorner,confirm3,ellipsoid,True,1.6x0.4x0.4,4,sym-zcorner,42,887682,19475.64732,227217.8672,19586.40827,227246.592,0.005687150856,0.0001264197374,16.75,42.20735517,5,True,True,True,
confirm3-1160-ellipsoid-rhovol42-sp1.6x0.4x0.4-rand0,confirm3,ellipsoid,True,1.6x0.4x0.4,4,rand0,42,887377,19475.64732,227217.8672,19617.57942,227168.512,0.007287670415,-0.0002172152107,16.68831927,42.05192947,5,True,True,True,
confirm3-1161-ellipsoid-rhovol42-sp1.6x0.4x0.4-rand1,confirm3,ellipsoid,True,1.6x0.4x0.4,4,rand1,42,887626,19475.64732,227217.8672,19541.96753,227232.256,0.003405288793,6.332610761e-05,16.65082581,41.95745186,5,True,True,True,
confirm3-1162-capsule-rhovol42-sp1.6x0.4x0.4-sym-centre,confirm3,capsule,True,1.6x0.4x0.4,4,sym-centre,42,1194941,25917.8966,305870.2058,26142.18546,305904.896,0.008653821973,0.0001134147239,16.67708008,42.02360849,5,True,True,True,
confirm3-1163-capsule-rhovol42-sp1.6x0.4x0.4-sym-corner,confirm3,capsule,True,1.6x0.4x0.4,4,sym-corner,42,1195312,25917.8966,305870.2058,26145.07949,305999.872,0.00876548316,0.0004239255164,16.50757402,41.59647998,5,True,True,True,
confirm3-1164-capsule-rhovol42-sp1.6x0.4x0.4-sym-face,confirm3,capsule,True,1.6x0.4x0.4,4,sym-face,42,1195412,25917.8966,305870.2058,26155.97609,306025.472,0.009185910921,0.0005076211478,16.50757402,41.59647998,5,True,True,True,
confirm3-1165-capsule-rhovol42-sp1.6x0.4x0.4-sym-edge,confirm3,capsule,True,1.6x0.4x0.4,4,sym-edge,42,1195030,25917.8966,305870.2058,26127.75605,305927.68,0.008097086577,0.0001879038359,16.54728074,41.69653465,5,True,True,True,
confirm3-1166-capsule-rhovol42-sp1.6x0.4x0.4-sym-zcorner,confirm3,capsule,True,1.6x0.4x0.4,4,sym-zcorner,42,1194712,25917.8966,305870.2058,26129.81115,305846.272,0.008176379206,-7.824827195e-05,16.67708008,42.02360849,5,True,True,True,
confirm3-1167-capsule-rhovol42-sp1.6x0.4x0.4-rand0,confirm3,capsule,True,1.6x0.4x0.4,4,rand0,42,1194690,25917.8966,305870.2058,25979.58476,305840.64,0.002380137625,-9.666131086e-05,16.6677083,41.99999308,5,True,True,True,
confirm3-1168-capsule-rhovol42-sp1.6x0.4x0.4-rand1,confirm3,capsule,True,1.6x0.4x0.4,4,rand1,42,1194828,25917.8966,305870.2058,26124.21675,305875.968,0.007960528353,1.883866047e-05,16.65082581,41.95745186,5,True,True,True,
confirm3-1169-torus-rhovol42-sp1.6x0.4x0.4-sym-centre,confirm3,torus,True,1.6x0.4x0.4,4,sym-centre,42,3363040,64577.23765,861083.7898,64841.16356,860938.24,0.004086980559,-0.0001690309628,16.673332,42.01416392,5,True,True,True,
confirm3-1170-torus-rhovol42-sp1.6x0.4x0.4-sym-corner,confirm3,torus,True,1.6x0.4x0.4,4,sym-corner,42,3370112,64577.23765,861083.7898,65261.59293,862748.672,0.01059746914,0.001933472907,16.19413474,40.80666249,5,True,True,True,
confirm3-1171-torus-rhovol42-sp1.6x0.4x0.4-sym-face,confirm3,torus,True,1.6x0.4x0.4,4,sym-face,42,3363084,64577.23765,861083.7898,64843.11809,860949.504,0.004117246996,-0.0001559497736,16.673332,42.01416392,5,True,True,True,
confirm3-1172-torus-rhovol42-sp1.6x0.4x0.4-sym-edge,confirm3,torus,True,1.6x0.4x0.4,4,sym-edge,42,3363106,64577.23765,861083.7898,64840.91975,860955.136,0.004083205034,-0.000149409179,16.67520615,42.01888647,5,True,True,True,
confirm3-1173-torus-rhovol42-sp1.6x0.4x0.4-sym-zcorner,confirm3,torus,True,1.6x0.4x0.4,4,sym-zcorner,42,3370008,64577.23765,861083.7898,65265.87868,862722.048,0.01066383542,0.001902553732,16.19413474,40.80666249,5,True,True,True,
confirm3-1174-torus-rhovol42-sp1.6x0.4x0.4-rand0,confirm3,torus,True,1.6x0.4x0.4,4,rand0,42,3363488,64577.23765,861083.7898,65027.66707,861052.928,0.006975049425,-3.584067243e-05,16.6620827,41.98581747,5,True,True,True,
confirm3-1175-torus-rhovol42-sp1.6x0.4x0.4-rand1,confirm3,torus,True,1.6x0.4x0.4,4,rand1,42,3363376,64577.23765,861083.7898,65043.73861,861024.256,0.007223922572,-6.913824503e-05,16.66020708,41.9810912,5,True,True,True,
