spacing,radius,rho,bin,nz,ny,nx,solid_angle_weight,g,total_area_rel_err,closure_residual
1x1x1,48,48,0,0.994791666667,0.0369365437488,-0.0950012192893,0.0048975,1.03944474027,0.0857443809509,1.34972538257e-07
1x1x1,48,48,1,0.984375,-0.1579098305,0.0779124175379,0.00525,1.0621310679,0.0857443809509,1.34972538257e-07
1x1x1,48,48,2,0.973958333333,0.217690772682,0.0633710692655,0.00538,1.07730748887,0.0857443809509,1.34972538257e-07
1x1x1,48,48,3,0.963541666667,-0.138910573698,-0.228672930431,0.004955,1.08478591419,0.0857443809509,1.34972538257e-07
1x1x1,48,48,4,0.953125,-0.0588488368755,0.296798835532,0.00549,1.09677168773,0.0857443809509,1.34972538257e-07
1x1x1,48,48,5,0.942708333333,0.268897369958,-0.197472030155,0.0052025,1.11202640041,0.0857443809509,1.34972538257e-07
1x1x1,48,48,6,0.932291666667,-0.359592085253,-0.0390612402212,0.0051125,1.10175332116,0.0857443809509,1.34972538257e-07
1x1x1,48,48,7,0.921875,0.255784143466,0.291068645385,0.0052375,1.12381160832,0.0857443809509,1.34972538257e-07
1x1x1,48,48,8,0.911458333333,0.00850073482239,-0.411304563681,0.005335,1.09854184447,0.0857443809509,1.34972538257e-07
1x1x1,48,48,9,0.901041666667,-0.299528128298,0.313698605812,0.005235,1.12670214827,0.0857443809509,1.34972538257e-07
1x1x1,48,48,10,0.890625,0.453722100202,-0.0303869242104,0.005155,1.08751175553,0.0857443809509,1.34972538257e-07
1x1x1,48,48,11,0.880208333333,-0.370585888024,-0.296478312071,0.0051175,1.1273810404,0.0857443809509,1.34972538257e-07
1x1x1,48,48,12,0.869791666667,0.075886535955,0.487548654247,0.005125,1.08643453847,0.0857443809509,1.34972538257e-07
1x1x1,48,48,13,0.859375,0.283310288121,-0.425687549759,0.0051675,1.11715546053,0.0857443809509,1.34972538257e-07
1x1x1,48,48,14,0.848958333333,-0.513067432027,0.12661579071,0.00524,1.09774297638,0.0857443809509,1.34972538257e-07
1x1x1,48,48,15,0.838541666667,0.47822296352,0.261056833708,0.005305,1.10574576794,0.0857443809509,1.34972538257e-07
1x1x1,48,48,16,0.828125,-0.18136714084,-0.53039131271,0.0053175,1.10469260012,0.0857443809509,1.34972538257e-07
1x1x1,48,48,17,0.817708333333,-0.230584092579,0.52743156698,0.0053275,1.09928983842,0.0857443809509,1.34972538257e-07
1x1x1,48,48,18,0.807291666667,0.539575963922,-0.239035445255,0.0053075,1.08961751916,0.0857443809509,1.34972538257e-07
1x1x1,48,48,19,0.796875,-0.572593508394,-0.192683441218,0.0052975,1.08937037649,0.0857443809509,1.34972538257e-07
1x1x1,48,48,20,0.786458333333,0.298582614783,0.540677086698,0.0052575,1.09637186913,0.0857443809509,1.34972538257e-07
1x1x1,48,48,21,0.776041666667,0.148118707209,-0.613041744233,0.0052125,1.07366538728,0.0857443809509,1.34972538257e-07
1x1x1,48,48,22,0.765625,-0.53378157148,0.359020324388,0.005195,1.09435635744,0.0857443809509,1.34972538257e-07
1x1x1,48,48,23,0.755208333333,0.648170234934,0.0976510102847,0.0051675,1.0467576895,0.0857443809509,1.34972538257e-07
1x1x1,48,48,24,0.744791666667,-0.419402342514,-0.51902509415,0.005145,1.08006851471,0.0857443809509,1.34972538257e-07
1x1x1,48,48,25,0.734375,-0.0420513673856,0.677440065154,0.0051225,1.02283261587,0.0857443809509,1.34972538257e-07
1x1x1,48,48,26,0.723958333333,0.49660199884,-0.478822290986,0.0051225,1.08290332317,0.0857443809509,1.34972538257e-07
1x1x1,48,48,27,0.713541666667,-0.700384251181,0.0178938712554,0.005105,1.01989923685,0.0857443809509,1.34972538257e-07
1x1x1,48,48,28,0.703125,0.536414580467,0.466770427767,0.0050975,1.08655500706,0.0857443809509,1.34972538257e-07
1x1x1,48,48,29,0.692708333333,-0.0813820240353,-0.716611562211,0.005125,1.03184596037,0.0857443809509,1.34972538257e-07
1x1x1,48,48,30,0.682291666667,-0.429854302484,0.591357218805,0.00513,1.05831464315,0.0857443809509,1.34972538257e-07
1x1x1,48,48,31,0.671875,0.725809493546,-0.1475959466,0.005135,1.05638354265,0.0857443809509,1.34972538257e-07
1x1x1,48,48,32,0.661458333333,-0.642875692428,-0.386243080649,0.005155,1.07399563593,0.0857443809509,1.34972538257e-07
1x1x1,48,48,33,0.651041666667,0.2157078078,0.727746446173,0.00518,1.07704135192,0.0857443809509,1.34972538257e-07
1x1x1,48,48,34,0.640625,0.336389852652,-0.690247402319,0.005195,1.07469925579,0.0857443809509,1.34972538257e-07
1x1x1,48,48,35,0.630208333333,-0.72227313096,0.284884153456,0.0052125,1.07175704148,0.0857443809509,1.34972538257e-07
1x1x1,48,48,36,0.619791666667,0.732806301934,0.280808144071,0.0052175,1.07105016534,0.0857443809509,1.34972538257e-07
1x1x1,48,48,37,0.609375,-0.354291835567,-0.709323201809,0.0052225,1.06497516373,0.0857443809509,1.34972538257e-07
1x1x1,48,48,38,0.598958333333,-0.220067676801,0.769947486883,0.0052375,1.07730187096,0.0857443809509,1.34972538257e-07
1x1x1,48,48,39,0.588541666667,0.688913119091,-0.42310450357,0.00524,1.0639605132,0.0857443809509,1.34972538257e-07
1x1x1,48,48,40,0.578125,-0.801131552578,-0.154789275595,0.0052325,1.07820409657,0.0857443809509,1.34972538257e-07
1x1x1,48,48,41,0.567708333333,0.490509428699,0.661141247103,0.00525,1.05963487392,0.0857443809509,1.34972538257e-07
1x1x1,48,48,42,0.557291666667,0.0856390673282,-0.825888581112,0.005245,1.06797836246,0.0857443809509,1.34972538257e-07
1x1x1,48,48,43,0.546875,-0.626186194407,0.555714480924,0.0052475,1.05881913343,0.0857443809509,1.34972538257e-07
1x1x1,48,48,44,0.536458333333,0.843821650791,0.013322096455,0.00524,1.08147297463,0.0857443809509,1.34972538257e-07
1x1x1,48,48,45,0.526041666667,-0.61795511062,-0.584304412262,0.005245,1.04223546264,0.0857443809509,1.34972538257e-07
1x1x1,48,48,46,0.515625,0.0614245344552,0.854609785775,0.005235,1.09245657632,0.0857443809509,1.34972538257e-07
1x1x1,48,48,47,0.505208333333,0.535827073273,-0.676501210256,0.0052425,1.06357466585,0.0857443809509,1.34972538257e-07
1x1x1,48,48,48,0.494791666667,-0.858010282246,0.13783889929,0.0052375,1.10203079557,0.0857443809509,1.34972538257e-07
1x1x1,48,48,49,0.484375,0.730663748565,0.481156259346,0.0052375,1.07139100266,0.0857443809509,1.34972538257e-07
1x1x1,48,48,50,0.473958333333,-0.215141764045,-0.853860363073,0.0052325,1.1124492114,0.0857443809509,1.34972538257e-07
1x1x1,48,48,51,0.463541666667,-0.420760494856,0.779801083118,0.005225,1.10104511578,0.0857443809509,1.34972538257e-07
1x1x1,48,48,52,0.453125,0.842078126281,-0.292544293421,0.0052325,1.12152461945,0.0857443809509,1.34972538257e-07
1x1x1,48,48,53,0.442708333333,-0.823324868413,-0.355169667413,0.0052375,1.11243718709,0.0857443809509,1.34972538257e-07
1x1x1,48,48,54,0.432291666667,0.369255861144,0.822662764407,0.00522,1.11705187695,0.0857443809509,1.34972538257e-07
1x1x1,48,48,55,0.421875,0.284969384693,-0.860705486309,0.00523,1.13185618056,0.0857443809509,1.34972538257e-07
1x1x1,48,48,56,0.411458333333,-0.795694042493,0.444491879196,0.00523,1.09935386239,0.0857443809509,1.34972538257e-07
1x1x1,48,48,57,0.401041666667,0.891476934588,0.210794821318,0.0052275,1.12322432702,0.0857443809509,1.34972538257e-07
1x1x1,48,48,58,0.390625,-0.517481563559,-0.761331032306,0.0052275,1.10445311858,0.0857443809509,1.34972538257e-07
1x1x1,48,48,59,0.380208333333,-0.133324114806,0.91524111778,0.005225,1.11156821741,0.0857443809509,1.34972538257e-07
1x1x1,48,48,60,0.369791666667,0.719810109505,-0.587475556528,0.00523,1.07553648844,0.0857443809509,1.34972538257e-07
1x1x1,48,48,61,0.359375,-0.931671492584,-0.0532713739439,0.005225,1.10907555456,0.0857443809509,1.34972538257e-07
1x1x1,48,48,62,0.348958333333,0.653753328556,0.671442229086,0.0052225,1.07554061798,0.0857443809509,1.34972538257e-07
1x1x1,48,48,63,0.338541666667,-0.0286206332758,-0.94051602819,0.0052225,1.09371259121,0.0857443809509,1.34972538257e-07
1x1x1,48,48,64,0.328125,-0.616609502448,0.715630285738,0.00521,1.07391729863,0.0857443809509,1.34972538257e-07
1x1x1,48,48,65,0.317708333333,0.941599449775,-0.111588041982,0.0052225,1.11196170404,0.0857443809509,1.34972538257e-07
1x1x1,48,48,66,0.307291666667,-0.772464512813,-0.555761106989,0.0052125,1.09448226325,0.0857443809509,1.34972538257e-07
1x1x1,48,48,67,0.296875,0.194853630458,0.934824741367,0.005215,1.10822341766,0.0857443809509,1.34972538257e-07
1x1x1,48,48,68,0.286458333333,0.489408566136,-0.823663085646,0.00521,1.09931936838,0.0857443809509,1.34972538257e-07
1x1x1,48,48,69,0.276041666667,-0.920173892153,0.277634663658,0.005205,1.1276763533,0.0857443809509,1.34972538257e-07
1x1x1,48,48,70,0.265625,0.868687891882,0.418120444217,0.005215,1.11247697985,0.0857443809509,1.34972538257e-07
1x1x1,48,48,71,0.255208333333,-0.359150765063,-0.897707878183,0.0052075,1.12491109152,0.0857443809509,1.34972538257e-07
1x1x1,48,48,72,0.244791666667,-0.34251650652,0.907060903519,0.0052125,1.11982837799,0.0857443809509,1.34972538257e-07
1x1x1,48,48,73,0.234375,0.867565879192,-0.438631741483,0.0052,1.11875397375,0.0857443809509,1.34972538257e-07
1x1x1,48,48,74,0.223958333333,-0.938368850757,-0.263261400246,0.0052075,1.11126798032,0.0857443809509,1.34972538257e-07
1x1x1,48,48,75,0.213541666667,0.515325285967,0.829963737907,0.0052,1.10198397374,0.0857443809509,1.34972538257e-07
1x1x1,48,48,76,0.203125,0.181057916801,-0.962267252451,0.0052,1.09575174717,0.0857443809509,1.34972538257e-07
1x1x1,48,48,77,0.192708333333,-0.785191676739,0.588504485152,0.005205,1.08878089099,0.0857443809509,1.34972538257e-07
1x1x1,48,48,78,0.182291666667,0.978483764805,0.096639900025,0.0052025,1.06656342201,0.0857443809509,1.34972538257e-07
1x1x1,48,48,79,0.171875,-0.657475059342,-0.733611294023,0.0052075,1.05799125409,0.0857443809509,1.34972538257e-07
1x1x1,48,48,80,0.161458333333,-0.0107648683834,0.986820816666,0.0052025,1.05505444985,0.0857443809509,1.34972538257e-07
1x1x1,48,48,81,0.151041666667,0.675651868991,-0.721582266176,0.005205,1.06096685433,0.0857443809509,1.34972538257e-07
1x1x1,48,48,82,0.140625,-0.987157506633,0.0757935780503,0.0052,1.04421382555,0.0857443809509,1.34972538257e-07
1x1x1,48,48,83,0.130208333333,0.780217402013,0.611806011352,0.0051975,1.05524527807,0.0857443809509,1.34972538257e-07
1x1x1,48,48,84,0.119791666667,-0.162253492913,-0.979450744364,0.0051975,1.06400905713,0.0857443809509,1.34972538257e-07
1x1x1,48,48,85,0.109375,-0.542624697676,0.832823839024,0.0051975,1.08893295988,0.0857443809509,1.34972538257e-07
1x1x1,48,48,86,0.0989583333333,0.963735625716,-0.247832386885,0.0051975,1.09923361252,0.0857443809509,1.34972538257e-07
1x1x1,48,48,87,0.0885416666667,-0.878902540412,-0.468711742674,0.0051975,1.10128810807,0.0857443809509,1.34972538257e-07
1x1x1,48,48,88,0.078125,0.331755024111,0.940125038679,0.0052,1.08963276881,0.0857443809509,1.34972538257e-07
1x1x1,48,48,89,0.0677083333333,0.390717758838,-0.918017001218,0.0051975,1.10014949232,0.0857443809509,1.34972538257e-07
1x1x1,48,48,90,0.0572916666667,-0.908808504434,0.413261136812,0.0051975,1.09076746923,0.0857443809509,1.34972538257e-07
1x1x1,48,48,91,0.046875,0.94979756759,0.309333662853,0.00519,1.09765145014,0.0857443809509,1.34972538257e-07
1x1x1,48,48,92,0.0364583333333,-0.491612984005,-0.87005026515,0.005195,1.09760885541,0.0857443809509,1.34972538257e-07
1x1x1,48,48,93,0.0260416666667,-0.225283791454,0.973945093373,0.00519,1.07297010588,0.0857443809509,1.34972538257e-07
1x1x1,48,48,94,0.015625,0.824186637317,-0.566102681713,0.0051925,1.06636082242,0.0857443809509,1.34972538257e-07
1x1x1,48,48,95,0.00520833333333,-0.990233899138,-0.139318693152,0.0051975,1.05885490206,0.0857443809509,1.34972538257e-07
1x1x1,48,48,96,-0.00520833333333,0.636059234209,0.771622656381,0.00519,1.03427652632,0.0857443809509,1.34972538257e-07
1x1x1,48,48,97,-0.015625,0.0522076653274,-0.998514005438,0.00519,1.01522852771,0.0857443809509,1.34972538257e-07
1x1x1,48,48,98,-0.0260416666667,-0.712828045206,0.700855198714,0.0051825,1.03298526017,0.0857443809509,1.34972538257e-07
1x1x1,48,48,99,-0.0364583333333,0.99871261894,-0.0352688913907,0.00519,1.01073092206,0.0857443809509,1.34972538257e-07
1x1x1,48,48,100,-0.046875,-0.759912919414,-0.64833254529,0.005185,1.0304793566,0.0857443809509,1.34972538257e-07
1x1x1,48,48,101,-0.0572916666667,0.122327227816,0.990834857212,0.0051925,1.05641570068,0.0857443809509,1.34972538257e-07
1x1x1,48,48,102,-0.0677083333333,0.578720655735,-0.812710270775,0.0051925,1.05616617134,0.0857443809509,1.34972538257e-07
1x1x1,48,48,103,-0.078125,-0.974963705142,0.208188035271,0.0051925,1.08573981684,0.0857443809509,1.34972538257e-07
1x1x1,48,48,104,-0.0885416666667,0.85878585479,0.504625830569,0.0052,1.09139242077,0.0857443809509,1.34972538257e-07
1x1x1,48,48,105,-0.0989583333333,-0.292084194013,-0.951259203304,0.0052,1.10338687367,0.0857443809509,1.34972538257e-07
1x1x1,48,48,106,-0.109375,-0.426724190192,0.897743601971,0.0052,1.0968657009,0.0857443809509,1.34972538257e-07
1x1x1,48,48,107,-0.119791666667,0.919956875824,-0.373268406407,0.005195,1.10257962181,0.0857443809509,1.34972538257e-07
1x1x1,48,48,108,-0.130208333333,-0.929256731576,-0.345727807314,0.0052,1.1020405295,0.0857443809509,1.34972538257e-07
1x1x1,48,48,109,-0.140625,0.451020641283,0.881365412591,0.0052025,1.10695814427,0.0857443809509,1.34972538257e-07
1x1x1,48,48,110,-0.151041666667,0.262377631806,-0.95307103264,0.005205,1.10030739414,0.0857443809509,1.34972538257e-07
1x1x1,48,48,111,-0.161458333333,-0.83586362771,0.524655317773,0.0051975,1.09071911849,0.0857443809509,1.34972538257e-07
1x1x1,48,48,112,-0.171875,0.969007433858,0.177436122317,0.0052075,1.09301769211,0.0857443809509,1.34972538257e-07
1x1x1,48,48,113,-0.182291666667,-0.593528159353,-0.783896722993,0.005195,1.0913924854,0.0857443809509,1.34972538257e-07
1x1x1,48,48,114,-0.192708333333,-0.0916796553185,0.976963837132,0.0052025,1.08090294026,0.0857443809509,1.34972538257e-07
1x1x1,48,48,115,-0.203125,0.725971891916,-0.657042651982,0.0052025,1.06700369085,0.0857443809509,1.34972538257e-07
1x1x1,48,48,116,-0.213541666667,-0.97691619664,-0.00589078433271,0.0052,1.05533784785,0.0857443809509,1.34972538257e-07
1x1x1,48,48,117,-0.223958333333,0.714656044032,0.662653305778,0.0052125,1.08209267213,0.0857443809509,1.34972538257e-07
1x1x1,48,48,118,-0.234375,-0.0791495764448,-0.968918832474,0.0052,1.07973239911,0.0857443809509,1.34972538257e-07
1x1x1,48,48,119,-0.244791666667,-0.594556529698,0.765884830065,0.005215,1.08372665529,0.0857443809509,1.34972538257e-07
1x1x1,48,48,120,-0.255208333333,0.95310397529,-0.162669969213,0.005205,1.11900572463,0.0857443809509,1.34972538257e-07
1x1x1,48,48,121,-0.265625,-0.810309665504,-0.522342421565,0.0052125,1.11681914637,0.0857443809509,1.34972538257e-07
1x1x1,48,48,122,-0.276041666667,0.243916135403,0.929680545754,0.00521,1.11566133377,0.0857443809509,1.34972538257e-07
1x1x1,48,48,123,-0.286458333333,0.446710572054,-0.847579664739,0.00522,1.12619009466,0.0857443809509,1.34972538257e-07
1x1x1,48,48,124,-0.296875,-0.898932180041,0.322158610099,0.0052175,1.12620186572,0.0857443809509,1.34972538257e-07
1x1x1,48,48,125,-0.307291666667,0.877416041191,0.368392348262,0.005215,1.12728594273,0.0857443809509,1.34972538257e-07
1x1x1,48,48,126,-0.317708333333,-0.396700095284,-0.861214519926,0.00522,1.11804264283,0.0857443809509,1.34972538257e-07
1x1x1,48,48,127,-0.328125,-0.288143607371,0.899615054291,0.0052175,1.12209793246,0.0857443809509,1.34972538257e-07
1x1x1,48,48,128,-0.338541666667,0.816951793255,-0.466882541361,0.005225,1.11447717949,0.0857443809509,1.34972538257e-07
1x1x1,48,48,129,-0.348958333333,-0.914050235156,-0.206737150046,0.0052275,1.12785022648,0.0857443809509,1.34972538257e-07
1x1x1,48,48,130,-0.359375,0.53209386923,0.766632717605,0.00522,1.101469871,0.0857443809509,1.34972538257e-07
1x1x1,48,48,131,-0.369791666667,0.124954985833,-0.920673869934,0.00523,1.11446668994,0.0857443809509,1.34972538257e-07
1x1x1,48,48,132,-0.380208333333,-0.710805766748,0.591774268807,0.005225,1.07415740786,0.0857443809509,1.34972538257e-07
1x1x1,48,48,133,-0.390625,0.919517727245,0.0435804848133,0.00523,1.08308542505,0.0857443809509,1.34972538257e-07
1x1x1,48,48,134,-0.401041666667,-0.645422014113,-0.650073846032,0.0052325,1.04626623428,0.0857443809509,1.34972538257e-07
1x1x1,48,48,135,-0.411458333333,0.0366095089723,0.910693023902,0.0052225,1.11025718047,0.0857443809509,1.34972538257e-07
1x1x1,48,48,136,-0.421875,0.585088429046,-0.692598739944,0.005225,1.05884133365,0.0857443809509,1.34972538257e-07
1x1x1,48,48,137,-0.432291666667,-0.894389631056,0.11485252627,0.0052275,1.1156915683,0.0857443809509,1.34972538257e-07
1x1x1,48,48,138,-0.442708333333,0.732934130694,0.51654321374,0.0052275,1.08439787444,0.0857443809509,1.34972538257e-07
1x1x1,48,48,139,-0.453125,-0.190408207539,-0.870874531076,0.0052275,1.11724031699,0.0857443809509,1.34972538257e-07
1x1x1,48,48,140,-0.463541666667,-0.445167361746,0.766129978072,0.0052425,1.09441211204,0.0857443809509,1.34972538257e-07
1x1x1,48,48,141,-0.473958333333,0.840489543811,-0.262565848899,0.005235,1.11162125357,0.0857443809509,1.34972538257e-07
1x1x1,48,48,142,-0.484375,-0.791963571178,-0.371718389782,0.005235,1.11214292296,0.0857443809509,1.34972538257e-07
1x1x1,48,48,143,-0.494791666667,0.330651685357,0.803648349446,0.00524,1.10279302814,0.0857443809509,1.34972538257e-07
1x1x1,48,48,144,-0.505208333333,0.296974786917,-0.810290389839,0.005245,1.10572868536,0.0857443809509,1.34972538257e-07
1x1x1,48,48,145,-0.515625,-0.760832843947,0.394035839672,0.00525,1.08594946678,0.0857443809509,1.34972538257e-07
1x1x1,48,48,146,-0.526041666667,0.821046080035,0.221728436132,0.0052325,1.11077615692,0.0857443809509,1.34972538257e-07
1x1x1,48,48,147,-0.536458333333,-0.452138867822,-0.712588872213,0.0052475,1.06893643473,0.0857443809509,1.34972538257e-07
1x1x1,48,48,148,-0.546875,-0.146776923158,0.824247698937,0.00524,1.08765978856,0.0857443809509,1.34972538257e-07
1x1x1,48,48,149,-0.557291666667,0.659521393673,-0.504437835171,0.0052325,1.06451653886,0.0857443809509,1.34972538257e-07
1x1x1,48,48,150,-0.567708333333,-0.819994226452,-0.0729158202926,0.0052375,1.05785795027,0.0857443809509,1.34972538257e-07
1x1x1,48,48,151,-0.578125,0.550471860921,0.602289145435,0.0052325,1.04576520947,0.0857443809509,1.34972538257e-07
1x1x1,48,48,152,-0.588541666667,0.000931038014913,-0.808466350422,0.005225,1.06105059646,0.0857443809509,1.34972538257e-07
1x1x1,48,48,153,-0.598958333333,-0.541598879655,0.589847072119,0.00523,1.03443392449,0.0857443809509,1.34972538257e-07
1x1x1,48,48,154,-0.609375,0.789925544007,-0.0684086566171,0.005215,1.05598004577,0.0857443809509,1.34972538257e-07
1x1x1,48,48,155,-0.619791666667,-0.622240912109,-0.47819926519,0.005215,1.04468874333,0.0857443809509,1.34972538257e-07
1x1x1,48,48,156,-0.630208333333,0.134358847893,0.764712466611,0.00521,1.05419741949,0.0857443809509,1.34972538257e-07
1x1x1,48,48,157,-0.640625,0.412874559906,-0.647405751563,0.0051975,1.06117889458,0.0857443809509,1.34972538257e-07
1x1x1,48,48,158,-0.651041666667,-0.73324473465,0.196206287799,0.0051875,1.06553578497,0.0857443809509,1.34972538257e-07
1x1x1,48,48,159,-0.661458333333,0.665171752321,0.34643818089,0.0051675,1.0658960675,0.0857443809509,1.34972538257e-07
1x1x1,48,48,160,-0.671875,-0.253275186776,-0.696014126393,0.005145,1.07641377401,0.0857443809509,1.34972538257e-07
1x1x1,48,48,161,-0.682291666667,-0.279726327956,0.675448934447,0.0051325,1.06732999904,0.0857443809509,1.34972538257e-07
1x1x1,48,48,162,-0.692708333333,0.653583307642,-0.30493282031,0.0051275,1.06883469357,0.0857443809509,1.34972538257e-07
1x1x1,48,48,163,-0.703125,-0.678228393358,-0.213591855692,0.00511,1.06885355427,0.0857443809509,1.34972538257e-07
1x1x1,48,48,164,-0.713541666667,0.350594254188,0.606582194645,0.0051,1.07747499859,0.0857443809509,1.34972538257e-07
1x1x1,48,48,165,-0.723958333333,0.148898648324,-0.673582603787,0.0051275,1.04619830879,0.0857443809509,1.34972538257e-07
1x1x1,48,48,166,-0.734375,-0.555704111595,0.389725928996,0.0051175,1.08280700442,0.0857443809509,1.34972538257e-07
1x1x1,48,48,167,-0.744791666667,0.661664725655,0.0865168427988,0.00515,1.03186464412,0.0857443809509,1.34972538257e-07
1x1x1,48,48,168,-0.755208333333,-0.421847741447,-0.501701959633,0.005165,1.08411494472,0.0857443809509,1.34972538257e-07
1x1x1,48,48,169,-0.765625,-0.0273193919723,0.642706783998,0.005205,1.0384168884,0.0857443809509,1.34972538257e-07
1x1x1,48,48,170,-0.776041666667,0.445384705447,-0.446533084722,0.00522,1.08941256964,0.0857443809509,1.34972538257e-07
1x1x1,48,48,171,-0.786458333333,-0.617016512538,0.0278192952142,0.0052425,1.05354578974,0.0857443809509,1.34972538257e-07
1x1x1,48,48,172,-0.796875,0.463406001299,0.387614644118,0.00528,1.10907511813,0.0857443809509,1.34972538257e-07
1x1x1,48,48,173,-0.807291666667,-0.0780214718032,-0.584972490694,0.0052975,1.06274202461,0.0857443809509,1.34972538257e-07
1x1x1,48,48,174,-0.817708333333,-0.329306139322,0.472134036267,0.005325,1.12071408838,0.0857443809509,1.34972538257e-07
1x1x1,48,48,175,-0.828125,0.547016886404,-0.122398980239,0.005335,1.095545336,0.0857443809509,1.34972538257e-07
1x1x1,48,48,176,-0.838541666667,-0.472414291704,-0.271426988816,0.0053075,1.12048294625,0.0857443809509,1.34972538257e-07
1x1x1,48,48,177,-0.848958333333,0.16003751995,0.503644458395,0.00524,1.09721354177,0.0857443809509,1.34972538257e-07
1x1x1,48,48,178,-0.859375,0.215004411687,-0.463947962955,0.0051725,1.11436064769,0.0857443809509,1.34972538257e-07
1x1x1,48,48,179,-0.869791666667,-0.45538501913,0.189965630969,0.005135,1.1193137826,0.0857443809509,1.34972538257e-07
1x1x1,48,48,180,-0.880208333333,0.446393755041,0.16113939739,0.0051125,1.10616961095,0.0857443809509,1.34972538257e-07
1x1x1,48,48,181,-0.890625,-0.211094643681,-0.402773088456,0.005145,1.12086539995,0.0857443809509,1.34972538257e-07
1x1x1,48,48,182,-0.901041666667,-0.111037088154,0.419278761667,0.0052375,1.10031153279,0.0857443809509,1.34972538257e-07
1x1x1,48,48,183,-0.911458333333,0.346289232829,-0.222097892435,0.005345,1.12078364137,0.0857443809509,1.34972538257e-07
1x1x1,48,48,184,-0.921875,-0.381812943416,-0.0660708756964,0.00521,1.09769353869,0.0857443809509,1.34972538257e-07
1x1x1,48,48,185,-0.932291666667,0.221145062214,0.286229121024,0.0051275,1.11287801547,0.0857443809509,1.34972538257e-07
1x1x1,48,48,186,-0.942708333333,0.0279280699829,-0.332447020096,0.005195,1.09466813355,0.0857443809509,1.34972538257e-07
1x1x1,48,48,187,-0.953125,-0.222347496653,0.205217750468,0.005475,1.10726526286,0.0857443809509,1.34972538257e-07
1x1x1,48,48,188,-0.963541666667,0.267556465781,-0.000997103797653,0.004935,1.09286824099,0.0857443809509,1.34972538257e-07
1x1x1,48,48,189,-0.973958333333,-0.167751073382,-0.152527841097,0.005395,1.08822876691,0.0857443809509,1.34972538257e-07
1x1x1,48,48,190,-0.984375,0.0160479338162,0.175351997979,0.0052575,1.05864804163,0.0857443809509,1.34972538257e-07
1x1x1,48,48,191,-0.994791666667,0.0617157356321,-0.0811215625216,0.0049075,1.04492386764,0.0857443809509,1.34972538257e-07
1x1x1,96,96,0,0.994791666667,0.0369365437488,-0.0950012192893,0.0048975,1.04603095822,0.0874577760696,3.92393726401e-08
1x1x1,96,96,1,0.984375,-0.1579098305,0.0779124175379,0.00525,1.06736554947,0.0874577760696,3.92393726401e-08
1x1x1,96,96,2,0.973958333333,0.217690772682,0.0633710692655,0.00538,1.08360689115,0.0874577760696,3.92393726401e-08
1x1x1,96,96,3,0.963541666667,-0.138910573698,-0.228672930431,0.004955,1.09588518277,0.0874577760696,3.92393726401e-08
1x1x1,96,96,4,0.953125,-0.0588488368755,0.296798835532,0.00549,1.09126953815,0.0874577760696,3.92393726401e-08
1x1x1,96,96,5,0.942708333333,0.268897369958,-0.197472030155,0.0052025,1.11148124058,0.0874577760696,3.92393726401e-08
1x1x1,96,96,6,0.932291666667,-0.359592085253,-0.0390612402212,0.0051125,1.09972178908,0.0874577760696,3.92393726401e-08
1x1x1,96,96,7,0.921875,0.255784143466,0.291068645385,0.0052375,1.11747545592,0.0874577760696,3.92393726401e-08
1x1x1,96,96,8,0.911458333333,0.00850073482239,-0.411304563681,0.005335,1.09864061316,0.0874577760696,3.92393726401e-08
1x1x1,96,96,9,0.901041666667,-0.299528128298,0.313698605812,0.005235,1.12391742167,0.0874577760696,3.92393726401e-08
1x1x1,96,96,10,0.890625,0.453722100202,-0.0303869242104,0.005155,1.08950564799,0.0874577760696,3.92393726401e-08
1x1x1,96,96,11,0.880208333333,-0.370585888024,-0.296478312071,0.0051175,1.12490860475,0.0874577760696,3.92393726401e-08
1x1x1,96,96,12,0.869791666667,0.075886535955,0.487548654247,0.005125,1.0954350663,0.0874577760696,3.92393726401e-08
1x1x1,96,96,13,0.859375,0.283310288121,-0.425687549759,0.0051675,1.12277966434,0.0874577760696,3.92393726401e-08
1x1x1,96,96,14,0.848958333333,-0.513067432027,0.12661579071,0.00524,1.10048251991,0.0874577760696,3.92393726401e-08
1x1x1,96,96,15,0.838541666667,0.47822296352,0.261056833708,0.005305,1.11248721971,0.0874577760696,3.92393726401e-08
1x1x1,96,96,16,0.828125,-0.18136714084,-0.53039131271,0.0053175,1.10653950104,0.0874577760696,3.92393726401e-08
1x1x1,96,96,17,0.817708333333,-0.230584092579,0.52743156698,0.0053275,1.10602385889,0.0874577760696,3.92393726401e-08
1x1x1,96,96,18,0.807291666667,0.539575963922,-0.239035445255,0.0053075,1.10516911325,0.0874577760696,3.92393726401e-08
1x1x1,96,96,19,0.796875,-0.572593508394,-0.192683441218,0.0052975,1.082441665,0.0874577760696,3.92393726401e-08
1x1x1,96,96,20,0.786458333333,0.298582614783,0.540677086698,0.0052575,1.09908964818,0.0874577760696,3.92393726401e-08
1x1x1,96,96,21,0.776041666667,0.148118707209,-0.613041744233,0.0052125,1.0707118051,0.0874577760696,3.92393726401e-08
1x1x1,96,96,22,0.765625,-0.53378157148,0.359020324388,0.005195,1.09351988819,0.0874577760696,3.92393726401e-08
1x1x1,96,96,23,0.755208333333,0.648170234934,0.0976510102847,0.0051675,1.05120379275,0.0874577760696,3.92393726401e-08
1x1x1,96,96,24,0.744791666667,-0.419402342514,-0.51902509415,0.005145,1.08482575937,0.0874577760696,3.92393726401e-08
1x1x1,96,96,25,0.734375,-0.0420513673856,0.677440065154,0.0051225,1.0356716631,0.0874577760696,3.92393726401e-08
1x1x1,96,96,26,0.723958333333,0.49660199884,-0.478822290986,0.0051225,1.07461111548,0.0874577760696,3.92393726401e-08
1x1x1,96,96,27,0.713541666667,-0.700384251181,0.0178938712554,0.005105,1.03913494613,0.0874577760696,3.92393726401e-08
1x1x1,96,96,28,0.703125,0.536414580467,0.466770427767,0.0050975,1.07438073738,0.0874577760696,3.92393726401e-08
1x1x1,96,96,29,0.692708333333,-0.0813820240353,-0.716611562211,0.005125,1.04163185067,0.0874577760696,3.92393726401e-08
1x1x1,96,96,30,0.682291666667,-0.429854302484,0.591357218805,0.00513,1.06449601011,0.0874577760696,3.92393726401e-08
1x1x1,96,96,31,0.671875,0.725809493546,-0.1475959466,0.005135,1.06405794842,0.0874577760696,3.92393726401e-08
1x1x1,96,96,32,0.661458333333,-0.642875692428,-0.386243080649,0.005155,1.0703866149,0.0874577760696,3.92393726401e-08
1x1x1,96,96,33,0.651041666667,0.2157078078,0.727746446173,0.00518,1.06655749718,0.0874577760696,3.92393726401e-08
1x1x1,96,96,34,0.640625,0.336389852652,-0.690247402319,0.005195,1.07126878362,0.0874577760696,3.92393726401e-08
1x1x1,96,96,35,0.630208333333,-0.72227313096,0.284884153456,0.0052125,1.07667539806,0.0874577760696,3.92393726401e-08
1x1x1,96,96,36,0.619791666667,0.732806301934,0.280808144071,0.0052175,1.08001323814,0.0874577760696,3.92393726401e-08
1x1x1,96,96,37,0.609375,-0.354291835567,-0.709323201809,0.0052225,1.070508514,0.0874577760696,3.92393726401e-08
1x1x1,96,96,38,0.598958333333,-0.220067676801,0.769947486883,0.0052375,1.08356900999,0.0874577760696,3.92393726401e-08
1x1x1,96,96,39,0.588541666667,0.688913119091,-0.42310450357,0.00524,1.06244866762,0.0874577760696,3.92393726401e-08
1x1x1,96,96,40,0.578125,-0.801131552578,-0.154789275595,0.0052325,1.08137278465,0.0874577760696,3.92393726401e-08
1x1x1,96,96,41,0.567708333333,0.490509428699,0.661141247103,0.00525,1.0542586193,0.0874577760696,3.92393726401e-08
1x1x1,96,96,42,0.557291666667,0.0856390673282,-0.825888581112,0.005245,1.08167348137,0.0874577760696,3.92393726401e-08
1x1x1,96,96,43,0.546875,-0.626186194407,0.555714480924,0.0052475,1.04207322154,0.0874577760696,3.92393726401e-08
1x1x1,96,96,44,0.536458333333,0.843821650791,0.013322096455,0.00524,1.07968406714,0.0874577760696,3.92393726401e-08
1x1x1,96,96,45,0.526041666667,-0.61795511062,-0.584304412262,0.005245,1.04711434766,0.0874577760696,3.92393726401e-08
1x1x1,96,96,46,0.515625,0.0614245344552,0.854609785775,0.005235,1.08587274175,0.0874577760696,3.92393726401e-08
1x1x1,96,96,47,0.505208333333,0.535827073273,-0.676501210256,0.0052425,1.06013335208,0.0874577760696,3.92393726401e-08
1x1x1,96,96,48,0.494791666667,-0.858010282246,0.13783889929,0.0052375,1.1012831218,0.0874577760696,3.92393726401e-08
1x1x1,96,96,49,0.484375,0.730663748565,0.481156259346,0.0052375,1.08006714111,0.0874577760696,3.92393726401e-08
1x1x1,96,96,50,0.473958333333,-0.215141764045,-0.853860363073,0.0052325,1.11325313186,0.0874577760696,3.92393726401e-08
1x1x1,96,96,51,0.463541666667,-0.420760494856,0.779801083118,0.005225,1.10200891843,0.0874577760696,3.92393726401e-08
1x1x1,96,96,52,0.453125,0.842078126281,-0.292544293421,0.0052325,1.1169696363,0.0874577760696,3.92393726401e-08
1x1x1,96,96,53,0.442708333333,-0.823324868413,-0.355169667413,0.0052375,1.1153560478,0.0874577760696,3.92393726401e-08
1x1x1,96,96,54,0.432291666667,0.369255861144,0.822662764407,0.00522,1.11676413035,0.0874577760696,3.92393726401e-08
1x1x1,96,96,55,0.421875,0.284969384693,-0.860705486309,0.00523,1.11866379402,0.0874577760696,3.92393726401e-08
1x1x1,96,96,56,0.411458333333,-0.795694042493,0.444491879196,0.00523,1.10781647961,0.0874577760696,3.92393726401e-08
1x1x1,96,96,57,0.401041666667,0.891476934588,0.210794821318,0.0052275,1.11980336761,0.0874577760696,3.92393726401e-08
1x1x1,96,96,58,0.390625,-0.517481563559,-0.761331032306,0.0052275,1.0926284223,0.0874577760696,3.92393726401e-08
1x1x1,96,96,59,0.380208333333,-0.133324114806,0.91524111778,0.005225,1.10764551851,0.0874577760696,3.92393726401e-08
1x1x1,96,96,60,0.369791666667,0.719810109505,-0.587475556528,0.00523,1.07579659632,0.0874577760696,3.92393726401e-08
1x1x1,96,96,61,0.359375,-0.931671492584,-0.0532713739439,0.005225,1.09798790126,0.0874577760696,3.92393726401e-08
1x1x1,96,96,62,0.348958333333,0.653753328556,0.671442229086,0.0052225,1.06755207554,0.0874577760696,3.92393726401e-08
1x1x1,96,96,63,0.338541666667,-0.0286206332758,-0.94051602819,0.0052225,1.09435278322,0.0874577760696,3.92393726401e-08
1x1x1,96,96,64,0.328125,-0.616609502448,0.715630285738,0.00521,1.07453777071,0.0874577760696,3.92393726401e-08
1x1x1,96,96,65,0.317708333333,0.941599449775,-0.111588041982,0.0052225,1.0986138551,0.0874577760696,3.92393726401e-08
1x1x1,96,96,66,0.307291666667,-0.772464512813,-0.555761106989,0.0052125,1.08875768402,0.0874577760696,3.92393726401e-08
1x1x1,96,96,67,0.296875,0.194853630458,0.934824741367,0.005215,1.11274275271,0.0874577760696,3.92393726401e-08
1x1x1,96,96,68,0.286458333333,0.489408566136,-0.823663085646,0.00521,1.11262243564,0.0874577760696,3.92393726401e-08
1x1x1,96,96,69,0.276041666667,-0.920173892153,0.277634663658,0.005205,1.12337288514,0.0874577760696,3.92393726401e-08
1x1x1,96,96,70,0.265625,0.868687891882,0.418120444217,0.005215,1.12028433918,0.0874577760696,3.92393726401e-08
1x1x1,96,96,71,0.255208333333,-0.359150765063,-0.897707878183,0.0052075,1.12231091221,0.0874577760696,3.92393726401e-08
1x1x1,96,96,72,0.244791666667,-0.34251650652,0.907060903519,0.0052125,1.1226616581,0.0874577760696,3.92393726401e-08
1x1x1,96,96,73,0.234375,0.867565879192,-0.438631741483,0.0052,1.12153338621,0.0874577760696,3.92393726401e-08
1x1x1,96,96,74,0.223958333333,-0.938368850757,-0.263261400246,0.0052075,1.11270823052,0.0874577760696,3.92393726401e-08
1x1x1,96,96,75,0.213541666667,0.515325285967,0.829963737907,0.0052,1.10697094075,0.0874577760696,3.92393726401e-08
1x1x1,96,96,76,0.203125,0.181057916801,-0.962267252451,0.0052,1.10126451309,0.0874577760696,3.92393726401e-08
1x1x1,96,96,77,0.192708333333,-0.785191676739,0.588504485152,0.005205,1.08406492811,0.0874577760696,3.92393726401e-08
1x1x1,96,96,78,0.182291666667,0.978483764805,0.096639900025,0.0052025,1.08149850738,0.0874577760696,3.92393726401e-08
1x1x1,96,96,79,0.171875,-0.657475059342,-0.733611294023,0.0052075,1.06677774435,0.0874577760696,3.92393726401e-08
1x1x1,96,96,80,0.161458333333,-0.0107648683834,0.986820816666,0.0052025,1.06135121256,0.0874577760696,3.92393726401e-08
1x1x1,96,96,81,0.151041666667,0.675651868991,-0.721582266176,0.005205,1.05417636733,0.0874577760696,3.92393726401e-08
1x1x1,96,96,82,0.140625,-0.987157506633,0.0757935780503,0.0052,1.06606524953,0.0874577760696,3.92393726401e-08
1x1x1,96,96,83,0.130208333333,0.780217402013,0.611806011352,0.0051975,1.07122678232,0.0874577760696,3.92393726401e-08
1x1x1,96,96,84,0.119791666667,-0.162253492913,-0.979450744364,0.0051975,1.08078276545,0.0874577760696,3.92393726401e-08
1x1x1,96,96,85,0.109375,-0.542624697676,0.832823839024,0.0051975,1.08958986952,0.0874577760696,3.92393726401e-08
1x1x1,96,96,86,0.0989583333333,0.963735625716,-0.247832386885,0.0051975,1.09268767664,0.0874577760696,3.92393726401e-08
1x1x1,96,96,87,0.0885416666667,-0.878902540412,-0.468711742674,0.0051975,1.0989080218,0.0874577760696,3.92393726401e-08
1x1x1,96,96,88,0.078125,0.331755024111,0.940125038679,0.0052,1.10131793922,0.0874577760696,3.92393726401e-08
1x1x1,96,96,89,0.0677083333333,0.390717758838,-0.918017001218,0.0051975,1.09706563062,0.0874577760696,3.92393726401e-08
1x1x1,96,96,90,0.0572916666667,-0.908808504434,0.413261136812,0.0051975,1.09078254117,0.0874577760696,3.92393726401e-08
1x1x1,96,96,91,0.046875,0.94979756759,0.309333662853,0.00519,1.09324652296,0.0874577760696,3.92393726401e-08
1x1x1,96,96,92,0.0364583333333,-0.491612984005,-0.87005026515,0.005195,1.08701298737,0.0874577760696,3.92393726401e-08
1x1x1,96,96,93,0.0260416666667,-0.225283791454,0.973945093373,0.00519,1.08004172455,0.0874577760696,3.92393726401e-08
1x1x1,96,96,94,0.015625,0.824186637317,-0.566102681713,0.0051925,1.07195231297,0.0874577760696,3.92393726401e-08
1x1x1,96,96,95,0.00520833333333,-0.990233899138,-0.139318693152,0.0051975,1.0552552158,0.0874577760696,3.92393726401e-08
1x1x1,96,96,96,-0.00520833333333,0.636059234209,0.771622656381,0.00519,1.05155223057,0.0874577760696,3.92393726401e-08
1x1x1,96,96,97,-0.015625,0.0522076653274,-0.998514005438,0.00519,1.03192272587,0.0874577760696,3.92393726401e-08
1x1x1,96,96,98,-0.0260416666667,-0.712828045206,0.700855198714,0.0051825,1.04015514749,0.0874577760696,3.92393726401e-08
1x1x1,96,96,99,-0.0364583333333,0.99871261894,-0.0352688913907,0.00519,1.02988887957,0.0874577760696,3.92393726401e-08
1x1x1,96,96,100,-0.046875,-0.759912919414,-0.64833254529,0.005185,1.04859782879,0.0874577760696,3.92393726401e-08
1x1x1,96,96,101,-0.0572916666667,0.122327227816,0.990834857212,0.0051925,1.05550013072,0.0874577760696,3.92393726401e-08
1x1x1,96,96,102,-0.0677083333333,0.578720655735,-0.812710270775,0.0051925,1.07126086166,0.0874577760696,3.92393726401e-08
1x1x1,96,96,103,-0.078125,-0.974963705142,0.208188035271,0.0051925,1.07955865739,0.0874577760696,3.92393726401e-08
1x1x1,96,96,104,-0.0885416666667,0.85878585479,0.504625830569,0.0052,1.09231320498,0.0874577760696,3.92393726401e-08
1x1x1,96,96,105,-0.0989583333333,-0.292084194013,-0.951259203304,0.0052,1.09712303724,0.0874577760696,3.92393726401e-08
1x1x1,96,96,106,-0.109375,-0.426724190192,0.897743601971,0.0052,1.10480596906,0.0874577760696,3.92393726401e-08
1x1x1,96,96,107,-0.119791666667,0.919956875824,-0.373268406407,0.005195,1.10545649928,0.0874577760696,3.92393726401e-08
1x1x1,96,96,108,-0.130208333333,-0.929256731576,-0.345727807314,0.0052,1.10857442374,0.0874577760696,3.92393726401e-08
1x1x1,96,96,109,-0.140625,0.451020641283,0.881365412591,0.0052025,1.1029943538,0.0874577760696,3.92393726401e-08
1x1x1,96,96,110,-0.151041666667,0.262377631806,-0.95307103264,0.005205,1.10688924587,0.0874577760696,3.92393726401e-08
1x1x1,96,96,111,-0.161458333333,-0.83586362771,0.524655317773,0.0051975,1.100113006,0.0874577760696,3.92393726401e-08
1x1x1,96,96,112,-0.171875,0.969007433858,0.177436122317,0.0052075,1.09461347853,0.0874577760696,3.92393726401e-08
1x1x1,96,96,113,-0.182291666667,-0.593528159353,-0.783896722993,0.005195,1.08502978997,0.0874577760696,3.92393726401e-08
1x1x1,96,96,114,-0.192708333333,-0.0916796553185,0.976963837132,0.0052025,1.07904209995,0.0874577760696,3.92393726401e-08
1x1x1,96,96,115,-0.203125,0.725971891916,-0.657042651982,0.0052025,1.07039346007,0.0874577760696,3.92393726401e-08
1x1x1,96,96,116,-0.213541666667,-0.97691619664,-0.00589078433271,0.0052,1.07921045488,0.0874577760696,3.92393726401e-08
1x1x1,96,96,117,-0.223958333333,0.714656044032,0.662653305778,0.0052125,1.06860513086,0.0874577760696,3.92393726401e-08
1x1x1,96,96,118,-0.234375,-0.0791495764448,-0.968918832474,0.0052,1.09586115298,0.0874577760696,3.92393726401e-08
1x1x1,96,96,119,-0.244791666667,-0.594556529698,0.765884830065,0.005215,1.08704801703,0.0874577760696,3.92393726401e-08
1x1x1,96,96,120,-0.255208333333,0.95310397529,-0.162669969213,0.005205,1.10792675782,0.0874577760696,3.92393726401e-08
1x1x1,96,96,121,-0.265625,-0.810309665504,-0.522342421565,0.0052125,1.10242835956,0.0874577760696,3.92393726401e-08
1x1x1,96,96,122,-0.276041666667,0.243916135403,0.929680545754,0.00521,1.12073668605,0.0874577760696,3.92393726401e-08
1x1x1,96,96,123,-0.286458333333,0.446710572054,-0.847579664739,0.00522,1.11169644009,0.0874577760696,3.92393726401e-08
1x1x1,96,96,124,-0.296875,-0.898932180041,0.322158610099,0.0052175,1.12607856404,0.0874577760696,3.92393726401e-08
1x1x1,96,96,125,-0.307291666667,0.877416041191,0.368392348262,0.005215,1.1203486004,0.0874577760696,3.92393726401e-08
1x1x1,96,96,126,-0.317708333333,-0.396700095284,-0.861214519926,0.00522,1.12074603752,0.0874577760696,3.92393726401e-08
1x1x1,96,96,127,-0.328125,-0.288143607371,0.899615054291,0.0052175,1.12468038555,0.0874577760696,3.92393726401e-08
1x1x1,96,96,128,-0.338541666667,0.816951793255,-0.466882541361,0.005225,1.11076990257,0.0874577760696,3.92393726401e-08
1x1x1,96,96,129,-0.348958333333,-0.914050235156,-0.206737150046,0.0052275,1.11583899625,0.0874577760696,3.92393726401e-08
1x1x1,96,96,130,-0.359375,0.53209386923,0.766632717605,0.00522,1.09723276702,0.0874577760696,3.92393726401e-08
1x1x1,96,96,131,-0.369791666667,0.124954985833,-0.920673869934,0.00523,1.10557356051,0.0874577760696,3.92393726401e-08
1x1x1,96,96,132,-0.380208333333,-0.710805766748,0.591774268807,0.005225,1.07254605397,0.0874577760696,3.92393726401e-08
1x1x1,96,96,133,-0.390625,0.919517727245,0.0435804848133,0.00523,1.0994585836,0.0874577760696,3.92393726401e-08
1x1x1,96,96,134,-0.401041666667,-0.645422014113,-0.650073846032,0.0052325,1.06468749371,0.0874577760696,3.92393726401e-08
1x1x1,96,96,135,-0.411458333333,0.0366095089723,0.910693023902,0.0052225,1.09572247601,0.0874577760696,3.92393726401e-08
1x1x1,96,96,136,-0.421875,0.585088429046,-0.692598739944,0.005225,1.07208678582,0.0874577760696,3.92393726401e-08
1x1x1,96,96,137,-0.432291666667,-0.894389631056,0.11485252627,0.0052275,1.1077820793,0.0874577760696,3.92393726401e-08
1x1x1,96,96,138,-0.442708333333,0.732934130694,0.51654321374,0.0052275,1.08538803511,0.0874577760696,3.92393726401e-08
1x1x1,96,96,139,-0.453125,-0.190408207539,-0.870874531076,0.0052275,1.11467090776,0.0874577760696,3.92393726401e-08
1x1x1,96,96,140,-0.463541666667,-0.445167361746,0.766129978072,0.0052425,1.09202035277,0.0874577760696,3.92393726401e-08
1x1x1,96,96,141,-0.473958333333,0.840489543811,-0.262565848899,0.005235,1.1133907768,0.0874577760696,3.92393726401e-08
1x1x1,96,96,142,-0.484375,-0.791963571178,-0.371718389782,0.005235,1.10796469182,0.0874577760696,3.92393726401e-08
1x1x1,96,96,143,-0.494791666667,0.330651685357,0.803648349446,0.00524,1.10648348959,0.0874577760696,3.92393726401e-08
1x1x1,96,96,144,-0.505208333333,0.296974786917,-0.810290389839,0.005245,1.10758420195,0.0874577760696,3.92393726401e-08
1x1x1,96,96,145,-0.515625,-0.760832843947,0.394035839672,0.00525,1.0915201246,0.0874577760696,3.92393726401e-08
1x1x1,96,96,146,-0.526041666667,0.821046080035,0.221728436132,0.0052325,1.10507095424,0.0874577760696,3.92393726401e-08
1x1x1,96,96,147,-0.536458333333,-0.452138867822,-0.712588872213,0.0052475,1.07473865308,0.0874577760696,3.92393726401e-08
1x1x1,96,96,148,-0.546875,-0.146776923158,0.824247698937,0.00524,1.09266211705,0.0874577760696,3.92393726401e-08
1x1x1,96,96,149,-0.557291666667,0.659521393673,-0.504437835171,0.0052325,1.05540907686,0.0874577760696,3.92393726401e-08
1x1x1,96,96,150,-0.567708333333,-0.819994226452,-0.0729158202926,0.0052375,1.07311509973,0.0874577760696,3.92393726401e-08
1x1x1,96,96,151,-0.578125,0.550471860921,0.602289145435,0.0052325,1.04182604761,0.0874577760696,3.92393726401e-08
1x1x1,96,96,152,-0.588541666667,0.000931038014913,-0.808466350422,0.005225,1.06500301651,0.0874577760696,3.92393726401e-08
1x1x1,96,96,153,-0.598958333333,-0.541598879655,0.589847072119,0.00523,1.0410756819,0.0874577760696,3.92393726401e-08
1x1x1,96,96,154,-0.609375,0.789925544007,-0.0684086566171,0.005215,1.06365069186,0.0874577760696,3.92393726401e-08
1x1x1,96,96,155,-0.619791666667,-0.622240912109,-0.47819926519,0.005215,1.05200742618,0.0874577760696,3.92393726401e-08
1x1x1,96,96,156,-0.630208333333,0.134358847893,0.764712466611,0.00521,1.06579193062,0.0874577760696,3.92393726401e-08
1x1x1,96,96,157,-0.640625,0.412874559906,-0.647405751563,0.0051975,1.06220912874,0.0874577760696,3.92393726401e-08
1x1x1,96,96,158,-0.651041666667,-0.73324473465,0.196206287799,0.0051875,1.06800242817,0.0874577760696,3.92393726401e-08
1x1x1,96,96,159,-0.661458333333,0.665171752321,0.34643818089,0.0051675,1.07123388369,0.0874577760696,3.92393726401e-08
1x1x1,96,96,160,-0.671875,-0.253275186776,-0.696014126393,0.005145,1.0677840978,0.0874577760696,3.92393726401e-08
1x1x1,96,96,161,-0.682291666667,-0.279726327956,0.675448934447,0.0051325,1.07754177556,0.0874577760696,3.92393726401e-08
1x1x1,96,96,162,-0.692708333333,0.653583307642,-0.30493282031,0.0051275,1.06878002855,0.0874577760696,3.92393726401e-08
1x1x1,96,96,163,-0.703125,-0.678228393358,-0.213591855692,0.00511,1.06509083418,0.0874577760696,3.92393726401e-08
1x1x1,96,96,164,-0.713541666667,0.350594254188,0.606582194645,0.0051,1.07656650816,0.0874577760696,3.92393726401e-08
1x1x1,96,96,165,-0.723958333333,0.148898648324,-0.673582603787,0.0051275,1.05333142001,0.0874577760696,3.92393726401e-08
1x1x1,96,96,166,-0.734375,-0.555704111595,0.389725928996,0.0051175,1.08433917994,0.0874577760696,3.92393726401e-08
1x1x1,96,96,167,-0.744791666667,0.661664725655,0.0865168427988,0.00515,1.04427988792,0.0874577760696,3.92393726401e-08
1x1x1,96,96,168,-0.755208333333,-0.421847741447,-0.501701959633,0.005165,1.09434809885,0.0874577760696,3.92393726401e-08
1x1x1,96,96,169,-0.765625,-0.0273193919723,0.642706783998,0.005205,1.04313766444,0.0874577760696,3.92393726401e-08
1x1x1,96,96,170,-0.776041666667,0.445384705447,-0.446533084722,0.00522,1.0995116488,0.0874577760696,3.92393726401e-08
1x1x1,96,96,171,-0.786458333333,-0.617016512538,0.0278192952142,0.0052425,1.05627218433,0.0874577760696,3.92393726401e-08
1x1x1,96,96,172,-0.796875,0.463406001299,0.387614644118,0.00528,1.10624034449,0.0874577760696,3.92393726401e-08
1x1x1,96,96,173,-0.807291666667,-0.0780214718032,-0.584972490694,0.0052975,1.07150958597,0.0874577760696,3.92393726401e-08
1x1x1,96,96,174,-0.817708333333,-0.329306139322,0.472134036267,0.005325,1.10995875354,0.0874577760696,3.92393726401e-08
1x1x1,96,96,175,-0.828125,0.547016886404,-0.122398980239,0.005335,1.08728467371,0.0874577760696,3.92393726401e-08
1x1x1,96,96,176,-0.838541666667,-0.472414291704,-0.271426988816,0.0053075,1.11170938054,0.0874577760696,3.92393726401e-08
1x1x1,96,96,177,-0.848958333333,0.16003751995,0.503644458395,0.00524,1.09938007052,0.0874577760696,3.92393726401e-08
1x1x1,96,96,178,-0.859375,0.215004411687,-0.463947962955,0.0051725,1.11428701643,0.0874577760696,3.92393726401e-08
1x1x1,96,96,179,-0.869791666667,-0.45538501913,0.189965630969,0.005135,1.10818693503,0.0874577760696,3.92393726401e-08
1x1x1,96,96,180,-0.880208333333,0.446393755041,0.16113939739,0.0051125,1.11279519144,0.0874577760696,3.92393726401e-08
1x1x1,96,96,181,-0.890625,-0.211094643681,-0.402773088456,0.005145,1.11961851674,0.0874577760696,3.92393726401e-08
1x1x1,96,96,182,-0.901041666667,-0.111037088154,0.419278761667,0.0052375,1.10539717773,0.0874577760696,3.92393726401e-08
1x1x1,96,96,183,-0.911458333333,0.346289232829,-0.222097892435,0.005345,1.11712316356,0.0874577760696,3.92393726401e-08
1x1x1,96,96,184,-0.921875,-0.381812943416,-0.0660708756964,0.00521,1.10338181773,0.0874577760696,3.92393726401e-08
1x1x1,96,96,185,-0.932291666667,0.221145062214,0.286229121024,0.0051275,1.11817231473,0.0874577760696,3.92393726401e-08
1x1x1,96,96,186,-0.942708333333,0.0279280699829,-0.332447020096,0.005195,1.09540941046,0.0874577760696,3.92393726401e-08
1x1x1,96,96,187,-0.953125,-0.222347496653,0.205217750468,0.005475,1.11052868434,0.0874577760696,3.92393726401e-08
1x1x1,96,96,188,-0.963541666667,0.267556465781,-0.000997103797653,0.004935,1.08690822498,0.0874577760696,3.92393726401e-08
1x1x1,96,96,189,-0.973958333333,-0.167751073382,-0.152527841097,0.005395,1.08236356342,0.0874577760696,3.92393726401e-08
1x1x1,96,96,190,-0.984375,0.0160479338162,0.175351997979,0.0052575,1.06702025851,0.0874577760696,3.92393726401e-08
1x1x1,96,96,191,-0.994791666667,0.0617157356321,-0.0811215625216,0.0049075,1.04773413213,0.0874577760696,3.92393726401e-08
3x1x1,48,16,0,0.994791666667,0.0369365437488,-0.0950012192893,0.0048975,1.02059905769,0.158534407616,-2.93113950889e-08
3x1x1,48,16,1,0.984375,-0.1579098305,0.0779124175379,0.00525,1.00709407829,0.158534407616,-2.93113950889e-08
3x1x1,48,16,2,0.973958333333,0.217690772682,0.0633710692655,0.00538,1.0786830121,0.158534407616,-2.93113950889e-08
3x1x1,48,16,3,0.963541666667,-0.138910573698,-0.228672930431,0.004955,1.14793760846,0.158534407616,-2.93113950889e-08
3x1x1,48,16,4,0.953125,-0.0588488368755,0.296798835532,0.00549,1.15690453242,0.158534407616,-2.93113950889e-08
3x1x1,48,16,5,0.942708333333,0.268897369958,-0.197472030155,0.0052025,1.20004269222,0.158534407616,-2.93113950889e-08
3x1x1,48,16,6,0.932291666667,-0.359592085253,-0.0390612402212,0.0051125,1.24246795314,0.158534407616,-2.93113950889e-08
3x1x1,48,16,7,0.921875,0.255784143466,0.291068645385,0.0052375,1.24807391126,0.158534407616,-2.93113950889e-08
3x1x1,48,16,8,0.911458333333,0.00850073482239,-0.411304563681,0.005335,1.22167663411,0.158534407616,-2.93113950889e-08
3x1x1,48,16,9,0.901041666667,-0.299528128298,0.313698605812,0.005235,1.28425280317,0.158534407616,-2.93113950889e-08
3x1x1,48,16,10,0.890625,0.453722100202,-0.0303869242104,0.005155,1.24161353381,0.158534407616,-2.93113950889e-08
3x1x1,48,16,11,0.880208333333,-0.370585888024,-0.296478312071,0.0051175,1.23273587788,0.158534407616,-2.93113950889e-08
3x1x1,48,16,12,0.869791666667,0.075886535955,0.487548654247,0.005125,1.24741318017,0.158534407616,-2.93113950889e-08
3x1x1,48,16,13,0.859375,0.283310288121,-0.425687549759,0.0051675,1.26747886834,0.158534407616,-2.93113950889e-08
3x1x1,48,16,14,0.848958333333,-0.513067432027,0.12661579071,0.00524,1.25440048249,0.158534407616,-2.93113950889e-08
3x1x1,48,16,15,0.838541666667,0.47822296352,0.261056833708,0.005305,1.2820760313,0.158534407616,-2.93113950889e-08
3x1x1,48,16,16,0.828125,-0.18136714084,-0.53039131271,0.0053175,1.2805433965,0.158534407616,-2.93113950889e-08
3x1x1,48,16,17,0.817708333333,-0.230584092579,0.52743156698,0.0053275,1.27591034382,0.158534407616,-2.93113950889e-08
3x1x1,48,16,18,0.807291666667,0.539575963922,-0.239035445255,0.0053075,1.28443163671,0.158534407616,-2.93113950889e-08
3x1x1,48,16,19,0.796875,-0.572593508394,-0.192683441218,0.0052975,1.27501317074,0.158534407616,-2.93113950889e-08
3x1x1,48,16,20,0.786458333333,0.298582614783,0.540677086698,0.0052575,1.27278562818,0.158534407616,-2.93113950889e-08
3x1x1,48,16,21,0.776041666667,0.148118707209,-0.613041744233,0.0052125,1.28335606766,0.158534407616,-2.93113950889e-08
3x1x1,48,16,22,0.765625,-0.53378157148,0.359020324388,0.005195,1.28610880495,0.158534407616,-2.93113950889e-08
3x1x1,48,16,23,0.755208333333,0.648170234934,0.0976510102847,0.0051675,1.25004331396,0.158534407616,-2.93113950889e-08
3x1x1,48,16,24,0.744791666667,-0.419402342514,-0.51902509415,0.005145,1.2769786584,0.158534407616,-2.93113950889e-08
3x1x1,48,16,25,0.734375,-0.0420513673856,0.677440065154,0.0051225,1.21640531077,0.158534407616,-2.93113950889e-08
3x1x1,48,16,26,0.723958333333,0.49660199884,-0.478822290986,0.0051225,1.25718767903,0.158534407616,-2.93113950889e-08
3x1x1,48,16,27,0.713541666667,-0.700384251181,0.0178938712554,0.005105,1.21636693018,0.158534407616,-2.93113950889e-08
3x1x1,48,16,28,0.703125,0.536414580467,0.466770427767,0.0050975,1.267536771,0.158534407616,-2.93113950889e-08
3x1x1,48,16,29,0.692708333333,-0.0813820240353,-0.716611562211,0.005125,1.23627280225,0.158534407616,-2.93113950889e-08
3x1x1,48,16,30,0.682291666667,-0.429854302484,0.591357218805,0.00513,1.28739896653,0.158534407616,-2.93113950889e-08
3x1x1,48,16,31,0.671875,0.725809493546,-0.1475959466,0.005135,1.2637021994,0.158534407616,-2.93113950889e-08
3x1x1,48,16,32,0.661458333333,-0.642875692428,-0.386243080649,0.005155,1.26413067509,0.158534407616,-2.93113950889e-08
3x1x1,48,16,33,0.651041666667,0.2157078078,0.727746446173,0.00518,1.2625267088,0.158534407616,-2.93113950889e-08
3x1x1,48,16,34,0.640625,0.336389852652,-0.690247402319,0.005195,1.26456689758,0.158534407616,-2.93113950889e-08
3x1x1,48,16,35,0.630208333333,-0.72227313096,0.284884153456,0.0052125,1.25441539037,0.158534407616,-2.93113950889e-08
3x1x1,48,16,36,0.619791666667,0.732806301934,0.280808144071,0.0052175,1.24124637234,0.158534407616,-2.93113950889e-08
3x1x1,48,16,37,0.609375,-0.354291835567,-0.709323201809,0.0052225,1.24867970467,0.158534407616,-2.93113950889e-08
3x1x1,48,16,38,0.598958333333,-0.220067676801,0.769947486883,0.0052375,1.22664023049,0.158534407616,-2.93113950889e-08
3x1x1,48,16,39,0.588541666667,0.688913119091,-0.42310450357,0.00524,1.24200375132,0.158534407616,-2.93113950889e-08
3x1x1,48,16,40,0.578125,-0.801131552578,-0.154789275595,0.0052325,1.22043321793,0.158534407616,-2.93113950889e-08
3x1x1,48,16,41,0.567708333333,0.490509428699,0.661141247103,0.00525,1.23878222345,0.158534407616,-2.93113950889e-08
3x1x1,48,16,42,0.557291666667,0.0856390673282,-0.825888581112,0.005245,1.1681633198,0.158534407616,-2.93113950889e-08
3x1x1,48,16,43,0.546875,-0.626186194407,0.555714480924,0.0052475,1.23627967283,0.158534407616,-2.93113950889e-08
3x1x1,48,16,44,0.536458333333,0.843821650791,0.013322096455,0.00524,1.16703682583,0.158534407616,-2.93113950889e-08
3x1x1,48,16,45,0.526041666667,-0.61795511062,-0.584304412262,0.005245,1.20636337887,0.158534407616,-2.93113950889e-08
3x1x1,48,16,46,0.515625,0.0614245344552,0.854609785775,0.005235,1.16582510944,0.158534407616,-2.93113950889e-08
3x1x1,48,16,47,0.505208333333,0.535827073273,-0.676501210256,0.0052425,1.20709234871,0.158534407616,-2.93113950889e-08
3x1x1,48,16,48,0.494791666667,-0.858010282246,0.13783889929,0.0052375,1.17872659871,0.158534407616,-2.93113950889e-08
3x1x1,48,16,49,0.484375,0.730663748565,0.481156259346,0.0052375,1.18676815816,0.158534407616,-2.93113950889e-08
3x1x1,48,16,50,0.473958333333,-0.215141764045,-0.853860363073,0.0052325,1.16886634213,0.158534407616,-2.93113950889e-08
3x1x1,48,16,51,0.463541666667,-0.420760494856,0.779801083118,0.005225,1.17497110729,0.158534407616,-2.93113950889e-08
3x1x1,48,16,52,0.453125,0.842078126281,-0.292544293421,0.0052325,1.1602790039,0.158534407616,-2.93113950889e-08
3x1x1,48,16,53,0.442708333333,-0.823324868413,-0.355169667413,0.0052375,1.1770118206,0.158534407616,-2.93113950889e-08
3x1x1,48,16,54,0.432291666667,0.369255861144,0.822662764407,0.00522,1.15135331519,0.158534407616,-2.93113950889e-08
3x1x1,48,16,55,0.421875,0.284969384693,-0.860705486309,0.00523,1.15211273739,0.158534407616,-2.93113950889e-08
3x1x1,48,16,56,0.411458333333,-0.795694042493,0.444491879196,0.00523,1.15448710593,0.158534407616,-2.93113950889e-08
3x1x1,48,16,57,0.401041666667,0.891476934588,0.210794821318,0.0052275,1.11952640692,0.158534407616,-2.93113950889e-08
3x1x1,48,16,58,0.390625,-0.517481563559,-0.761331032306,0.0052275,1.13023736762,0.158534407616,-2.93113950889e-08
3x1x1,48,16,59,0.380208333333,-0.133324114806,0.91524111778,0.005225,1.09932543176,0.158534407616,-2.93113950889e-08
3x1x1,48,16,60,0.369791666667,0.719810109505,-0.587475556528,0.00523,1.12962855716,0.158534407616,-2.93113950889e-08
3x1x1,48,16,61,0.359375,-0.931671492584,-0.0532713739439,0.005225,1.06292622855,0.158534407616,-2.93113950889e-08
3x1x1,48,16,62,0.348958333333,0.653753328556,0.671442229086,0.0052225,1.10512248897,0.158534407616,-2.93113950889e-08
3x1x1,48,16,63,0.338541666667,-0.0286206332758,-0.94051602819,0.0052225,1.05268154307,0.158534407616,-2.93113950889e-08
3x1x1,48,16,64,0.328125,-0.616609502448,0.715630285738,0.00521,1.09090319025,0.158534407616,-2.93113950889e-08
3x1x1,48,16,65,0.317708333333,0.941599449775,-0.111588041982,0.0052225,1.05258404801,0.158534407616,-2.93113950889e-08
3x1x1,48,16,66,0.307291666667,-0.772464512813,-0.555761106989,0.0052125,1.07514145806,0.158534407616,-2.93113950889e-08
3x1x1,48,16,67,0.296875,0.194853630458,0.934824741367,0.005215,1.07639018148,0.158534407616,-2.93113950889e-08
3x1x1,48,16,68,0.286458333333,0.489408566136,-0.823663085646,0.00521,1.09788263074,0.158534407616,-2.93113950889e-08
3x1x1,48,16,69,0.276041666667,-0.920173892153,0.277634663658,0.005205,1.08118248961,0.158534407616,-2.93113950889e-08
3x1x1,48,16,70,0.265625,0.868687891882,0.418120444217,0.005215,1.09900895016,0.158534407616,-2.93113950889e-08
3x1x1,48,16,71,0.255208333333,-0.359150765063,-0.897707878183,0.0052075,1.07998430594,0.158534407616,-2.93113950889e-08
3x1x1,48,16,72,0.244791666667,-0.34251650652,0.907060903519,0.0052125,1.09717984892,0.158534407616,-2.93113950889e-08
3x1x1,48,16,73,0.234375,0.867565879192,-0.438631741483,0.0052,1.06832422663,0.158534407616,-2.93113950889e-08
3x1x1,48,16,74,0.223958333333,-0.938368850757,-0.263261400246,0.0052075,1.06863562969,0.158534407616,-2.93113950889e-08
3x1x1,48,16,75,0.213541666667,0.515325285967,0.829963737907,0.0052,1.07342072333,0.158534407616,-2.93113950889e-08
3x1x1,48,16,76,0.203125,0.181057916801,-0.962267252451,0.0052,1.07055231303,0.158534407616,-2.93113950889e-08
3x1x1,48,16,77,0.192708333333,-0.785191676739,0.588504485152,0.005205,1.05332043441,0.158534407616,-2.93113950889e-08
3x1x1,48,16,78,0.182291666667,0.978483764805,0.096639900025,0.0052025,1.06304240626,0.158534407616,-2.93113950889e-08
3x1x1,48,16,79,0.171875,-0.657475059342,-0.733611294023,0.0052075,1.02892079348,0.158534407616,-2.93113950889e-08
3x1x1,48,16,80,0.161458333333,-0.0107648683834,0.986820816666,0.0052025,1.01494039235,0.158534407616,-2.93113950889e-08
3x1x1,48,16,81,0.151041666667,0.675651868991,-0.721582266176,0.005205,1.01402815826,0.158534407616,-2.93113950889e-08
3x1x1,48,16,82,0.140625,-0.987157506633,0.0757935780503,0.0052,1.03899120552,0.158534407616,-2.93113950889e-08
3x1x1,48,16,83,0.130208333333,0.780217402013,0.611806011352,0.0051975,1.0235686484,0.158534407616,-2.93113950889e-08
3x1x1,48,16,84,0.119791666667,-0.162253492913,-0.979450744364,0.0051975,1.06040814403,0.158534407616,-2.93113950889e-08
3x1x1,48,16,85,0.109375,-0.542624697676,0.832823839024,0.0051975,1.05629965242,0.158534407616,-2.93113950889e-08
3x1x1,48,16,86,0.0989583333333,0.963735625716,-0.247832386885,0.0051975,1.08305968571,0.158534407616,-2.93113950889e-08
3x1x1,48,16,87,0.0885416666667,-0.878902540412,-0.468711742674,0.0051975,1.0810212003,0.158534407616,-2.93113950889e-08
3x1x1,48,16,88,0.078125,0.331755024111,0.940125038679,0.0052,1.07989475304,0.158534407616,-2.93113950889e-08
3x1x1,48,16,89,0.0677083333333,0.390717758838,-0.918017001218,0.0051975,1.10088353241,0.158534407616,-2.93113950889e-08
3x1x1,48,16,90,0.0572916666667,-0.908808504434,0.413261136812,0.0051975,1.08894090256,0.158534407616,-2.93113950889e-08
3x1x1,48,16,91,0.046875,0.94979756759,0.309333662853,0.00519,1.07907306165,0.158534407616,-2.93113950889e-08
3x1x1,48,16,92,0.0364583333333,-0.491612984005,-0.87005026515,0.005195,1.09822011581,0.158534407616,-2.93113950889e-08
3x1x1,48,16,93,0.0260416666667,-0.225283791454,0.973945093373,0.00519,1.06223366439,0.158534407616,-2.93113950889e-08
3x1x1,48,16,94,0.015625,0.824186637317,-0.566102681713,0.0051925,1.05153324673,0.158534407616,-2.93113950889e-08
3x1x1,48,16,95,0.00520833333333,-0.990233899138,-0.139318693152,0.0051975,1.04930505825,0.158534407616,-2.93113950889e-08
3x1x1,48,16,96,-0.00520833333333,0.636059234209,0.771622656381,0.00519,1.03014808272,0.158534407616,-2.93113950889e-08
3x1x1,48,16,97,-0.015625,0.0522076653274,-0.998514005438,0.00519,1.02184284483,0.158534407616,-2.93113950889e-08
3x1x1,48,16,98,-0.0260416666667,-0.712828045206,0.700855198714,0.0051825,1.01165254372,0.158534407616,-2.93113950889e-08
3x1x1,48,16,99,-0.0364583333333,0.99871261894,-0.0352688913907,0.00519,0.96981841862,0.158534407616,-2.93113950889e-08
3x1x1,48,16,100,-0.046875,-0.759912919414,-0.64833254529,0.005185,1.03194403529,0.158534407616,-2.93113950889e-08
3x1x1,48,16,101,-0.0572916666667,0.122327227816,0.990834857212,0.0051925,1.07957114892,0.158534407616,-2.93113950889e-08
3x1x1,48,16,102,-0.0677083333333,0.578720655735,-0.812710270775,0.0051925,1.03947811209,0.158534407616,-2.93113950889e-08
3x1x1,48,16,103,-0.078125,-0.974963705142,0.208188035271,0.0051925,1.04366393236,0.158534407616,-2.93113950889e-08
3x1x1,48,16,104,-0.0885416666667,0.85878585479,0.504625830569,0.0052,1.06483295632,0.158534407616,-2.93113950889e-08
3x1x1,48,16,105,-0.0989583333333,-0.292084194013,-0.951259203304,0.0052,1.06072244849,0.158534407616,-2.93113950889e-08
3x1x1,48,16,106,-0.109375,-0.426724190192,0.897743601971,0.0052,1.09185575702,0.158534407616,-2.93113950889e-08
3x1x1,48,16,107,-0.119791666667,0.919956875824,-0.373268406407,0.005195,1.09838598833,0.158534407616,-2.93113950889e-08
3x1x1,48,16,108,-0.130208333333,-0.929256731576,-0.345727807314,0.0052,1.06512041464,0.158534407616,-2.93113950889e-08
3x1x1,48,16,109,-0.140625,0.451020641283,0.881365412591,0.0052025,1.1083066889,0.158534407616,-2.93113950889e-08
3x1x1,48,16,110,-0.151041666667,0.262377631806,-0.95307103264,0.005205,1.0837435397,0.158534407616,-2.93113950889e-08
3x1x1,48,16,111,-0.161458333333,-0.83586362771,0.524655317773,0.0051975,1.05907565954,0.158534407616,-2.93113950889e-08
3x1x1,48,16,112,-0.171875,0.969007433858,0.177436122317,0.0052075,1.1022247097,0.158534407616,-2.93113950889e-08
3x1x1,48,16,113,-0.182291666667,-0.593528159353,-0.783896722993,0.005195,1.02865609036,0.158534407616,-2.93113950889e-08
3x1x1,48,16,114,-0.192708333333,-0.0916796553185,0.976963837132,0.0052025,1.02336247897,0.158534407616,-2.93113950889e-08
3x1x1,48,16,115,-0.203125,0.725971891916,-0.657042651982,0.0052025,1.04670551505,0.158534407616,-2.93113950889e-08
3x1x1,48,16,116,-0.213541666667,-0.97691619664,-0.00589078433271,0.0052,1.06589075494,0.158534407616,-2.93113950889e-08
3x1x1,48,16,117,-0.223958333333,0.714656044032,0.662653305778,0.0052125,1.02345461492,0.158534407616,-2.93113950889e-08
3x1x1,48,16,118,-0.234375,-0.0791495764448,-0.968918832474,0.0052,1.06967703573,0.158534407616,-2.93113950889e-08
3x1x1,48,16,119,-0.244791666667,-0.594556529698,0.765884830065,0.005215,1.05519778908,0.158534407616,-2.93113950889e-08
3x1x1,48,16,120,-0.255208333333,0.95310397529,-0.162669969213,0.005205,1.06262147452,0.158534407616,-2.93113950889e-08
3x1x1,48,16,121,-0.265625,-0.810309665504,-0.522342421565,0.0052125,1.06739594076,0.158534407616,-2.93113950889e-08
3x1x1,48,16,122,-0.276041666667,0.243916135403,0.929680545754,0.00521,1.06399705559,0.158534407616,-2.93113950889e-08
3x1x1,48,16,123,-0.286458333333,0.446710572054,-0.847579664739,0.00522,1.08986914576,0.158534407616,-2.93113950889e-08
3x1x1,48,16,124,-0.296875,-0.898932180041,0.322158610099,0.0052175,1.11426410183,0.158534407616,-2.93113950889e-08
3x1x1,48,16,125,-0.307291666667,0.877416041191,0.368392348262,0.005215,1.08635394526,0.158534407616,-2.93113950889e-08
3x1x1,48,16,126,-0.317708333333,-0.396700095284,-0.861214519926,0.00522,1.1038632312,0.158534407616,-2.93113950889e-08
3x1x1,48,16,127,-0.328125,-0.288143607371,0.899615054291,0.0052175,1.10750174212,0.158534407616,-2.93113950889e-08
3x1x1,48,16,128,-0.338541666667,0.816951793255,-0.466882541361,0.005225,1.10734317177,0.158534407616,-2.93113950889e-08
3x1x1,48,16,129,-0.348958333333,-0.914050235156,-0.206737150046,0.0052275,1.10258591375,0.158534407616,-2.93113950889e-08
3x1x1,48,16,130,-0.359375,0.53209386923,0.766632717605,0.00522,1.12900506714,0.158534407616,-2.93113950889e-08
3x1x1,48,16,131,-0.369791666667,0.124954985833,-0.920673869934,0.00523,1.05976760932,0.158534407616,-2.93113950889e-08
3x1x1,48,16,132,-0.380208333333,-0.710805766748,0.591774268807,0.005225,1.10080805198,0.158534407616,-2.93113950889e-08
3x1x1,48,16,133,-0.390625,0.919517727245,0.0435804848133,0.00523,1.07745936606,0.158534407616,-2.93113950889e-08
3x1x1,48,16,134,-0.401041666667,-0.645422014113,-0.650073846032,0.0052325,1.13691810011,0.158534407616,-2.93113950889e-08
3x1x1,48,16,135,-0.411458333333,0.0366095089723,0.910693023902,0.0052225,1.0984240572,0.158534407616,-2.93113950889e-08
3x1x1,48,16,136,-0.421875,0.585088429046,-0.692598739944,0.005225,1.15333716633,0.158534407616,-2.93113950889e-08
3x1x1,48,16,137,-0.432291666667,-0.894389631056,0.11485252627,0.0052275,1.10137051858,0.158534407616,-2.93113950889e-08
3x1x1,48,16,138,-0.442708333333,0.732934130694,0.51654321374,0.0052275,1.1794666146,0.158534407616,-2.93113950889e-08
3x1x1,48,16,139,-0.453125,-0.190408207539,-0.870874531076,0.0052275,1.15724942365,0.158534407616,-2.93113950889e-08
3x1x1,48,16,140,-0.463541666667,-0.445167361746,0.766129978072,0.0052425,1.16636230362,0.158534407616,-2.93113950889e-08
3x1x1,48,16,141,-0.473958333333,0.840489543811,-0.262565848899,0.005235,1.17978513835,0.158534407616,-2.93113950889e-08
3x1x1,48,16,142,-0.484375,-0.791963571178,-0.371718389782,0.005235,1.20503762779,0.158534407616,-2.93113950889e-08
3x1x1,48,16,143,-0.494791666667,0.330651685357,0.803648349446,0.00524,1.18770411754,0.158534407616,-2.93113950889e-08
3x1x1,48,16,144,-0.505208333333,0.296974786917,-0.810290389839,0.005245,1.20436994338,0.158534407616,-2.93113950889e-08
3x1x1,48,16,145,-0.515625,-0.760832843947,0.394035839672,0.00525,1.20972075167,0.158534407616,-2.93113950889e-08
3x1x1,48,16,146,-0.526041666667,0.821046080035,0.221728436132,0.0052325,1.19886855902,0.158534407616,-2.93113950889e-08
3x1x1,48,16,147,-0.536458333333,-0.452138867822,-0.712588872213,0.0052475,1.21067994811,0.158534407616,-2.93113950889e-08
3x1x1,48,16,148,-0.546875,-0.146776923158,0.824247698937,0.00524,1.18132033489,0.158534407616,-2.93113950889e-08
3x1x1,48,16,149,-0.557291666667,0.659521393673,-0.504437835171,0.0052325,1.2135328293,0.158534407616,-2.93113950889e-08
3x1x1,48,16,150,-0.567708333333,-0.819994226452,-0.0729158202926,0.0052375,1.19232525807,0.158534407616,-2.93113950889e-08
3x1x1,48,16,151,-0.578125,0.550471860921,0.602289145435,0.0052325,1.23141823548,0.158534407616,-2.93113950889e-08
3x1x1,48,16,152,-0.588541666667,0.000931038014913,-0.808466350422,0.005225,1.19906227235,0.158534407616,-2.93113950889e-08
3x1x1,48,16,153,-0.598958333333,-0.541598879655,0.589847072119,0.00523,1.24211083675,0.158534407616,-2.93113950889e-08
3x1x1,48,16,154,-0.609375,0.789925544007,-0.0684086566171,0.005215,1.20410766693,0.158534407616,-2.93113950889e-08
3x1x1,48,16,155,-0.619791666667,-0.622240912109,-0.47819926519,0.005215,1.23000281648,0.158534407616,-2.93113950889e-08
3x1x1,48,16,156,-0.630208333333,0.134358847893,0.764712466611,0.00521,1.23426086635,0.158534407616,-2.93113950889e-08
3x1x1,48,16,157,-0.640625,0.412874559906,-0.647405751563,0.0051975,1.26219982018,0.158534407616,-2.93113950889e-08
3x1x1,48,16,158,-0.651041666667,-0.73324473465,0.196206287799,0.0051875,1.22231781535,0.158534407616,-2.93113950889e-08
3x1x1,48,16,159,-0.661458333333,0.665171752321,0.34643818089,0.0051675,1.25758692498,0.158534407616,-2.93113950889e-08
3x1x1,48,16,160,-0.671875,-0.253275186776,-0.696014126393,0.005145,1.26885056823,0.158534407616,-2.93113950889e-08
3x1x1,48,16,161,-0.682291666667,-0.279726327956,0.675448934447,0.0051325,1.29343925819,0.158534407616,-2.93113950889e-08
3x1x1,48,16,162,-0.692708333333,0.653583307642,-0.30493282031,0.0051275,1.26274888738,0.158534407616,-2.93113950889e-08
3x1x1,48,16,163,-0.703125,-0.678228393358,-0.213591855692,0.00511,1.27979452546,0.158534407616,-2.93113950889e-08
3x1x1,48,16,164,-0.713541666667,0.350594254188,0.606582194645,0.0051,1.28387146371,0.158534407616,-2.93113950889e-08
3x1x1,48,16,165,-0.723958333333,0.148898648324,-0.673582603787,0.0051275,1.24540192713,0.158534407616,-2.93113950889e-08
3x1x1,48,16,166,-0.734375,-0.555704111595,0.389725928996,0.0051175,1.30019215404,0.158534407616,-2.93113950889e-08
3x1x1,48,16,167,-0.744791666667,0.661664725655,0.0865168427988,0.00515,1.24807104561,0.158534407616,-2.93113950889e-08
3x1x1,48,16,168,-0.755208333333,-0.421847741447,-0.501701959633,0.005165,1.29258036593,0.158534407616,-2.93113950889e-08
3x1x1,48,16,169,-0.765625,-0.0273193919723,0.642706783998,0.005205,1.2256378296,0.158534407616,-2.93113950889e-08
3x1x1,48,16,170,-0.776041666667,0.445384705447,-0.446533084722,0.00522,1.28505614804,0.158534407616,-2.93113950889e-08
3x1x1,48,16,171,-0.786458333333,-0.617016512538,0.0278192952142,0.0052425,1.248940333,0.158534407616,-2.93113950889e-08
3x1x1,48,16,172,-0.796875,0.463406001299,0.387614644118,0.00528,1.27516417395,0.158534407616,-2.93113950889e-08
3x1x1,48,16,173,-0.807291666667,-0.0780214718032,-0.584972490694,0.0052975,1.24298222749,0.158534407616,-2.93113950889e-08
3x1x1,48,16,174,-0.817708333333,-0.329306139322,0.472134036267,0.005325,1.28212670363,0.158534407616,-2.93113950889e-08
3x1x1,48,16,175,-0.828125,0.547016886404,-0.122398980239,0.005335,1.26863584317,0.158534407616,-2.93113950889e-08
3x1x1,48,16,176,-0.838541666667,-0.472414291704,-0.271426988816,0.0053075,1.28216776848,0.158534407616,-2.93113950889e-08
3x1x1,48,16,177,-0.848958333333,0.16003751995,0.503644458395,0.00524,1.25400760796,0.158534407616,-2.93113950889e-08
3x1x1,48,16,178,-0.859375,0.215004411687,-0.463947962955,0.0051725,1.27334196276,0.158534407616,-2.93113950889e-08
3x1x1,48,16,179,-0.869791666667,-0.45538501913,0.189965630969,0.005135,1.24796245968,0.158534407616,-2.93113950889e-08
3x1x1,48,16,180,-0.880208333333,0.446393755041,0.16113939739,0.0051125,1.24908011726,0.158534407616,-2.93113950889e-08
3x1x1,48,16,181,-0.890625,-0.211094643681,-0.402773088456,0.005145,1.2612302101,0.158534407616,-2.93113950889e-08
3x1x1,48,16,182,-0.901041666667,-0.111037088154,0.419278761667,0.0052375,1.25911611739,0.158534407616,-2.93113950889e-08
3x1x1,48,16,183,-0.911458333333,0.346289232829,-0.222097892435,0.005345,1.24665238902,0.158534407616,-2.93113950889e-08
3x1x1,48,16,184,-0.921875,-0.381812943416,-0.0660708756964,0.00521,1.24784358357,0.158534407616,-2.93113950889e-08
3x1x1,48,16,185,-0.932291666667,0.221145062214,0.286229121024,0.0051275,1.2548427343,0.158534407616,-2.93113950889e-08
3x1x1,48,16,186,-0.942708333333,0.0279280699829,-0.332447020096,0.005195,1.19971209549,0.158534407616,-2.93113950889e-08
3x1x1,48,16,187,-0.953125,-0.222347496653,0.205217750468,0.005475,1.16921586035,0.158534407616,-2.93113950889e-08
3x1x1,48,16,188,-0.963541666667,0.267556465781,-0.000997103797653,0.004935,1.14350992446,0.158534407616,-2.93113950889e-08
3x1x1,48,16,189,-0.973958333333,-0.167751073382,-0.152527841097,0.005395,1.06632868027,0.158534407616,-2.93113950889e-08
3x1x1,48,16,190,-0.984375,0.0160479338162,0.175351997979,0.0052575,1.00428158313,0.158534407616,-2.93113950889e-08
3x1x1,48,16,191,-0.994791666667,0.0617157356321,-0.0811215625216,0.0049075,1.01851938564,0.158534407616,-2.93113950889e-08
3x1x1,96,32,0,0.994791666667,0.0369365437488,-0.0950012192893,0.0048975,1.03824012941,0.162167549133,1.01299306721e-08
3x1x1,96,32,1,0.984375,-0.1579098305,0.0779124175379,0.00525,1.08268062909,0.162167549133,1.01299306721e-08
3x1x1,96,32,2,0.973958333333,0.217690772682,0.0633710692655,0.00538,1.13181274984,0.162167549133,1.01299306721e-08
3x1x1,96,32,3,0.963541666667,-0.138910573698,-0.228672930431,0.004955,1.1902982535,0.162167549133,1.01299306721e-08
3x1x1,96,32,4,0.953125,-0.0588488368755,0.296798835532,0.00549,1.19024112611,0.162167549133,1.01299306721e-08
3x1x1,96,32,5,0.942708333333,0.268897369958,-0.197472030155,0.0052025,1.22040552783,0.162167549133,1.01299306721e-08
3x1x1,96,32,6,0.932291666667,-0.359592085253,-0.0390612402212,0.0051125,1.21215187263,0.162167549133,1.01299306721e-08
3x1x1,96,32,7,0.921875,0.255784143466,0.291068645385,0.0052375,1.22933797131,0.162167549133,1.01299306721e-08
3x1x1,96,32,8,0.911458333333,0.00850073482239,-0.411304563681,0.005335,1.21888363588,0.162167549133,1.01299306721e-08
3x1x1,96,32,9,0.901041666667,-0.299528128298,0.313698605812,0.005235,1.25918733756,0.162167549133,1.01299306721e-08
3x1x1,96,32,10,0.890625,0.453722100202,-0.0303869242104,0.005155,1.23424446973,0.162167549133,1.01299306721e-08
3x1x1,96,32,11,0.880208333333,-0.370585888024,-0.296478312071,0.0051175,1.26322878515,0.162167549133,1.01299306721e-08
3x1x1,96,32,12,0.869791666667,0.075886535955,0.487548654247,0.005125,1.24918372312,0.162167549133,1.01299306721e-08
3x1x1,96,32,13,0.859375,0.283310288121,-0.425687549759,0.0051675,1.27228062003,0.162167549133,1.01299306721e-08
3x1x1,96,32,14,0.848958333333,-0.513067432027,0.12661579071,0.00524,1.26306215805,0.162167549133,1.01299306721e-08
3x1x1,96,32,15,0.838541666667,0.47822296352,0.261056833708,0.005305,1.28488261578,0.162167549133,1.01299306721e-08
3x1x1,96,32,16,0.828125,-0.18136714084,-0.53039131271,0.0053175,1.27217248161,0.162167549133,1.01299306721e-08
3x1x1,96,32,17,0.817708333333,-0.230584092579,0.52743156698,0.0053275,1.28099882626,0.162167549133,1.01299306721e-08
3x1x1,96,32,18,0.807291666667,0.539575963922,-0.239035445255,0.0053075,1.28693435778,0.162167549133,1.01299306721e-08
3x1x1,96,32,19,0.796875,-0.572593508394,-0.192683441218,0.0052975,1.27581006639,0.162167549133,1.01299306721e-08
3x1x1,96,32,20,0.786458333333,0.298582614783,0.540677086698,0.0052575,1.27579218609,0.162167549133,1.01299306721e-08
3x1x1,96,32,21,0.776041666667,0.148118707209,-0.613041744233,0.0052125,1.27250784611,0.162167549133,1.01299306721e-08
3x1x1,96,32,22,0.765625,-0.53378157148,0.359020324388,0.005195,1.28270370638,0.162167549133,1.01299306721e-08
3x1x1,96,32,23,0.755208333333,0.648170234934,0.0976510102847,0.0051675,1.24630899166,0.162167549133,1.01299306721e-08
3x1x1,96,32,24,0.744791666667,-0.419402342514,-0.51902509415,0.005145,1.28479590567,0.162167549133,1.01299306721e-08
3x1x1,96,32,25,0.734375,-0.0420513673856,0.677440065154,0.0051225,1.23858375947,0.162167549133,1.01299306721e-08
3x1x1,96,32,26,0.723958333333,0.49660199884,-0.478822290986,0.0051225,1.27830839083,0.162167549133,1.01299306721e-08
3x1x1,96,32,27,0.713541666667,-0.700384251181,0.0178938712554,0.005105,1.23186056814,0.162167549133,1.01299306721e-08
3x1x1,96,32,28,0.703125,0.536414580467,0.466770427767,0.0050975,1.27467067939,0.162167549133,1.01299306721e-08
3x1x1,96,32,29,0.692708333333,-0.0813820240353,-0.716611562211,0.005125,1.23918108302,0.162167549133,1.01299306721e-08
3x1x1,96,32,30,0.682291666667,-0.429854302484,0.591357218805,0.00513,1.2752247047,0.162167549133,1.01299306721e-08
3x1x1,96,32,31,0.671875,0.725809493546,-0.1475959466,0.005135,1.25486280914,0.162167549133,1.01299306721e-08
3x1x1,96,32,32,0.661458333333,-0.642875692428,-0.386243080649,0.005155,1.27914505683,0.162167549133,1.01299306721e-08
3x1x1,96,32,33,0.651041666667,0.2157078078,0.727746446173,0.00518,1.2579711536,0.162167549133,1.01299306721e-08
3x1x1,96,32,34,0.640625,0.336389852652,-0.690247402319,0.005195,1.25910781152,0.162167549133,1.01299306721e-08
3x1x1,96,32,35,0.630208333333,-0.72227313096,0.284884153456,0.0052125,1.26191532364,0.162167549133,1.01299306721e-08
3x1x1,96,32,36,0.619791666667,0.732806301934,0.280808144071,0.0052175,1.25690742041,0.162167549133,1.01299306721e-08
3x1x1,96,32,37,0.609375,-0.354291835567,-0.709323201809,0.0052225,1.2487428785,0.162167549133,1.01299306721e-08
3x1x1,96,32,38,0.598958333333,-0.220067676801,0.769947486883,0.0052375,1.22589342245,0.162167549133,1.01299306721e-08
3x1x1,96,32,39,0.588541666667,0.688913119091,-0.42310450357,0.00524,1.24665499621,0.162167549133,1.01299306721e-08
3x1x1,96,32,40,0.578125,-0.801131552578,-0.154789275595,0.0052325,1.2169390443,0.162167549133,1.01299306721e-08
3x1x1,96,32,41,0.567708333333,0.490509428699,0.661141247103,0.00525,1.23740818345,0.162167549133,1.01299306721e-08
3x1x1,96,32,42,0.557291666667,0.0856390673282,-0.825888581112,0.005245,1.18404544994,0.162167549133,1.01299306721e-08
3x1x1,96,32,43,0.546875,-0.626186194407,0.555714480924,0.0052475,1.21561274124,0.162167549133,1.01299306721e-08
3x1x1,96,32,44,0.536458333333,0.843821650791,0.013322096455,0.00524,1.16211157289,0.162167549133,1.01299306721e-08
3x1x1,96,32,45,0.526041666667,-0.61795511062,-0.584304412262,0.005245,1.20346155613,0.162167549133,1.01299306721e-08
3x1x1,96,32,46,0.515625,0.0614245344552,0.854609785775,0.005235,1.16119100987,0.162167549133,1.01299306721e-08
3x1x1,96,32,47,0.505208333333,0.535827073273,-0.676501210256,0.0052425,1.19852624927,0.162167549133,1.01299306721e-08
3x1x1,96,32,48,0.494791666667,-0.858010282246,0.13783889929,0.0052375,1.16079596383,0.162167549133,1.01299306721e-08
3x1x1,96,32,49,0.484375,0.730663748565,0.481156259346,0.0052375,1.19356686818,0.162167549133,1.01299306721e-08
3x1x1,96,32,50,0.473958333333,-0.215141764045,-0.853860363073,0.0052325,1.16986465781,0.162167549133,1.01299306721e-08
3x1x1,96,32,51,0.463541666667,-0.420760494856,0.779801083118,0.005225,1.1876657646,0.162167549133,1.01299306721e-08
3x1x1,96,32,52,0.453125,0.842078126281,-0.292544293421,0.0052325,1.17447483585,0.162167549133,1.01299306721e-08
3x1x1,96,32,53,0.442708333333,-0.823324868413,-0.355169667413,0.0052375,1.16426312039,0.162167549133,1.01299306721e-08
3x1x1,96,32,54,0.432291666667,0.369255861144,0.822662764407,0.00522,1.17032595482,0.162167549133,1.01299306721e-08
3x1x1,96,32,55,0.421875,0.284969384693,-0.860705486309,0.00523,1.15105747344,0.162167549133,1.01299306721e-08
3x1x1,96,32,56,0.411458333333,-0.795694042493,0.444491879196,0.00523,1.15554898205,0.162167549133,1.01299306721e-08
3x1x1,96,32,57,0.401041666667,0.891476934588,0.210794821318,0.0052275,1.12019333429,0.162167549133,1.01299306721e-08
3x1x1,96,32,58,0.390625,-0.517481563559,-0.761331032306,0.0052275,1.13714753679,0.162167549133,1.01299306721e-08
3x1x1,96,32,59,0.380208333333,-0.133324114806,0.91524111778,0.005225,1.09433649343,0.162167549133,1.01299306721e-08
3x1x1,96,32,60,0.369791666667,0.719810109505,-0.587475556528,0.00523,1.12075551688,0.162167549133,1.01299306721e-08
3x1x1,96,32,61,0.359375,-0.931671492584,-0.0532713739439,0.005225,1.07004226403,0.162167549133,1.01299306721e-08
3x1x1,96,32,62,0.348958333333,0.653753328556,0.671442229086,0.0052225,1.10260363866,0.162167549133,1.01299306721e-08
3x1x1,96,32,63,0.338541666667,-0.0286206332758,-0.94051602819,0.0052225,1.0551897541,0.162167549133,1.01299306721e-08
3x1x1,96,32,64,0.328125,-0.616609502448,0.715630285738,0.00521,1.09459853359,0.162167549133,1.01299306721e-08
3x1x1,96,32,65,0.317708333333,0.941599449775,-0.111588041982,0.0052225,1.05814488383,0.162167549133,1.01299306721e-08
3x1x1,96,32,66,0.307291666667,-0.772464512813,-0.555761106989,0.0052125,1.09046244511,0.162167549133,1.01299306721e-08
3x1x1,96,32,67,0.296875,0.194853630458,0.934824741367,0.005215,1.06748462693,0.162167549133,1.01299306721e-08
3x1x1,96,32,68,0.286458333333,0.489408566136,-0.823663085646,0.00521,1.08816643548,0.162167549133,1.01299306721e-08
3x1x1,96,32,69,0.276041666667,-0.920173892153,0.277634663658,0.005205,1.08900529733,0.162167549133,1.01299306721e-08
3x1x1,96,32,70,0.265625,0.868687891882,0.418120444217,0.005215,1.08782879613,0.162167549133,1.01299306721e-08
3x1x1,96,32,71,0.255208333333,-0.359150765063,-0.897707878183,0.0052075,1.08277096068,0.162167549133,1.01299306721e-08
3x1x1,96,32,72,0.244791666667,-0.34251650652,0.907060903519,0.0052125,1.08235963053,0.162167549133,1.01299306721e-08
3x1x1,96,32,73,0.234375,0.867565879192,-0.438631741483,0.0052,1.08660861025,0.162167549133,1.01299306721e-08
3x1x1,96,32,74,0.223958333333,-0.938368850757,-0.263261400246,0.0052075,1.07687147903,0.162167549133,1.01299306721e-08
3x1x1,96,32,75,0.213541666667,0.515325285967,0.829963737907,0.0052,1.07151898163,0.162167549133,1.01299306721e-08
3x1x1,96,32,76,0.203125,0.181057916801,-0.962267252451,0.0052,1.0616088258,0.162167549133,1.01299306721e-08
3x1x1,96,32,77,0.192708333333,-0.785191676739,0.588504485152,0.005205,1.05463547558,0.162167549133,1.01299306721e-08
3x1x1,96,32,78,0.182291666667,0.978483764805,0.096639900025,0.0052025,1.04244327534,0.162167549133,1.01299306721e-08
3x1x1,96,32,79,0.171875,-0.657475059342,-0.733611294023,0.0052075,1.03987234433,0.162167549133,1.01299306721e-08
3x1x1,96,32,80,0.161458333333,-0.0107648683834,0.986820816666,0.0052025,1.03005793112,0.162167549133,1.01299306721e-08
3x1x1,96,32,81,0.151041666667,0.675651868991,-0.721582266176,0.005205,1.02914312306,0.162167549133,1.01299306721e-08
3x1x1,96,32,82,0.140625,-0.987157506633,0.0757935780503,0.0052,1.02973132332,0.162167549133,1.01299306721e-08
3x1x1,96,32,83,0.130208333333,0.780217402013,0.611806011352,0.0051975,1.05377525498,0.162167549133,1.01299306721e-08
3x1x1,96,32,84,0.119791666667,-0.162253492913,-0.979450744364,0.0051975,1.05935717476,0.162167549133,1.01299306721e-08
3x1x1,96,32,85,0.109375,-0.542624697676,0.832823839024,0.0051975,1.06509202211,0.162167549133,1.01299306721e-08
3x1x1,96,32,86,0.0989583333333,0.963735625716,-0.247832386885,0.0051975,1.07733877695,0.162167549133,1.01299306721e-08
3x1x1,96,32,87,0.0885416666667,-0.878902540412,-0.468711742674,0.0051975,1.07787736532,0.162167549133,1.01299306721e-08
3x1x1,96,32,88,0.078125,0.331755024111,0.940125038679,0.0052,1.0926079026,0.162167549133,1.01299306721e-08
3x1x1,96,32,89,0.0677083333333,0.390717758838,-0.918017001218,0.0051975,1.09008214379,0.162167549133,1.01299306721e-08
3x1x1,96,32,90,0.0572916666667,-0.908808504434,0.413261136812,0.0051975,1.0773132783,0.162167549133,1.01299306721e-08
3x1x1,96,32,91,0.046875,0.94979756759,0.309333662853,0.00519,1.07995440198,0.162167549133,1.01299306721e-08
3x1x1,96,32,92,0.0364583333333,-0.491612984005,-0.87005026515,0.005195,1.07952930274,0.162167549133,1.01299306721e-08
3x1x1,96,32,93,0.0260416666667,-0.225283791454,0.973945093373,0.00519,1.0605157484,0.162167549133,1.01299306721e-08
3x1x1,96,32,94,0.015625,0.824186637317,-0.566102681713,0.0051925,1.05761780773,0.162167549133,1.01299306721e-08
3x1x1,96,32,95,0.00520833333333,-0.990233899138,-0.139318693152,0.0051975,1.04351677645,0.162167549133,1.01299306721e-08
3x1x1,96,32,96,-0.00520833333333,0.636059234209,0.771622656381,0.00519,1.03214328814,0.162167549133,1.01299306721e-08
3x1x1,96,32,97,-0.015625,0.0522076653274,-0.998514005438,0.00519,1.02904943141,0.162167549133,1.01299306721e-08
3x1x1,96,32,98,-0.0260416666667,-0.712828045206,0.700855198714,0.0051825,1.03432033118,0.162167549133,1.01299306721e-08
3x1x1,96,32,99,-0.0364583333333,0.99871261894,-0.0352688913907,0.00519,1.02331546317,0.162167549133,1.01299306721e-08
3x1x1,96,32,100,-0.046875,-0.759912919414,-0.64833254529,0.005185,1.02695329658,0.162167549133,1.01299306721e-08
3x1x1,96,32,101,-0.0572916666667,0.122327227816,0.990834857212,0.0051925,1.04851091377,0.162167549133,1.01299306721e-08
3x1x1,96,32,102,-0.0677083333333,0.578720655735,-0.812710270775,0.0051925,1.05663424542,0.162167549133,1.01299306721e-08
3x1x1,96,32,103,-0.078125,-0.974963705142,0.208188035271,0.0051925,1.0703402706,0.162167549133,1.01299306721e-08
3x1x1,96,32,104,-0.0885416666667,0.85878585479,0.504625830569,0.0052,1.06836192354,0.162167549133,1.01299306721e-08
3x1x1,96,32,105,-0.0989583333333,-0.292084194013,-0.951259203304,0.0052,1.08138377457,0.162167549133,1.01299306721e-08
3x1x1,96,32,106,-0.109375,-0.426724190192,0.897743601971,0.0052,1.08050644156,0.162167549133,1.01299306721e-08
3x1x1,96,32,107,-0.119791666667,0.919956875824,-0.373268406407,0.005195,1.08958323384,0.162167549133,1.01299306721e-08
3x1x1,96,32,108,-0.130208333333,-0.929256731576,-0.345727807314,0.0052,1.08498589818,0.162167549133,1.01299306721e-08
3x1x1,96,32,109,-0.140625,0.451020641283,0.881365412591,0.0052025,1.0751904188,0.162167549133,1.01299306721e-08
3x1x1,96,32,110,-0.151041666667,0.262377631806,-0.95307103264,0.005205,1.07516766475,0.162167549133,1.01299306721e-08
3x1x1,96,32,111,-0.161458333333,-0.83586362771,0.524655317773,0.0051975,1.07537924009,0.162167549133,1.01299306721e-08
3x1x1,96,32,112,-0.171875,0.969007433858,0.177436122317,0.0052075,1.06451351622,0.162167549133,1.01299306721e-08
3x1x1,96,32,113,-0.182291666667,-0.593528159353,-0.783896722993,0.005195,1.04721309768,0.162167549133,1.01299306721e-08
3x1x1,96,32,114,-0.192708333333,-0.0916796553185,0.976963837132,0.0052025,1.03974998687,0.162167549133,1.01299306721e-08
3x1x1,96,32,115,-0.203125,0.725971891916,-0.657042651982,0.0052025,1.04042595835,0.162167549133,1.01299306721e-08
3x1x1,96,32,116,-0.213541666667,-0.97691619664,-0.00589078433271,0.0052,1.04200056676,0.162167549133,1.01299306721e-08
3x1x1,96,32,117,-0.223958333333,0.714656044032,0.662653305778,0.0052125,1.04561101159,0.162167549133,1.01299306721e-08
3x1x1,96,32,118,-0.234375,-0.0791495764448,-0.968918832474,0.0052,1.03694508083,0.162167549133,1.01299306721e-08
3x1x1,96,32,119,-0.244791666667,-0.594556529698,0.765884830065,0.005215,1.05759726526,0.162167549133,1.01299306721e-08
3x1x1,96,32,120,-0.255208333333,0.95310397529,-0.162669969213,0.005205,1.06290528668,0.162167549133,1.01299306721e-08
3x1x1,96,32,121,-0.265625,-0.810309665504,-0.522342421565,0.0052125,1.0840629327,0.162167549133,1.01299306721e-08
3x1x1,96,32,122,-0.276041666667,0.243916135403,0.929680545754,0.00521,1.07784235521,0.162167549133,1.01299306721e-08
3x1x1,96,32,123,-0.286458333333,0.446710572054,-0.847579664739,0.00522,1.09038426191,0.162167549133,1.01299306721e-08
3x1x1,96,32,124,-0.296875,-0.898932180041,0.322158610099,0.0052175,1.09108188918,0.162167549133,1.01299306721e-08
3x1x1,96,32,125,-0.307291666667,0.877416041191,0.368392348262,0.005215,1.09363218739,0.162167549133,1.01299306721e-08
3x1x1,96,32,126,-0.317708333333,-0.396700095284,-0.861214519926,0.00522,1.11278487168,0.162167549133,1.01299306721e-08
3x1x1,96,32,127,-0.328125,-0.288143607371,0.899615054291,0.0052175,1.10457005414,0.162167549133,1.01299306721e-08
3x1x1,96,32,128,-0.338541666667,0.816951793255,-0.466882541361,0.005225,1.10616712902,0.162167549133,1.01299306721e-08
3x1x1,96,32,129,-0.348958333333,-0.914050235156,-0.206737150046,0.0052275,1.0941747668,0.162167549133,1.01299306721e-08
3x1x1,96,32,130,-0.359375,0.53209386923,0.766632717605,0.00522,1.11811881922,0.162167549133,1.01299306721e-08
3x1x1,96,32,131,-0.369791666667,0.124954985833,-0.920673869934,0.00523,1.0929193539,0.162167549133,1.01299306721e-08
3x1x1,96,32,132,-0.380208333333,-0.710805766748,0.591774268807,0.005225,1.12748893212,0.162167549133,1.01299306721e-08
3x1x1,96,32,133,-0.390625,0.919517727245,0.0435804848133,0.00523,1.08022989036,0.162167549133,1.01299306721e-08
3x1x1,96,32,134,-0.401041666667,-0.645422014113,-0.650073846032,0.0052325,1.1302499788,0.162167549133,1.01299306721e-08
3x1x1,96,32,135,-0.411458333333,0.0366095089723,0.910693023902,0.0052225,1.09516630166,0.162167549133,1.01299306721e-08
3x1x1,96,32,136,-0.421875,0.585088429046,-0.692598739944,0.005225,1.15285022964,0.162167549133,1.01299306721e-08
3x1x1,96,32,137,-0.432291666667,-0.894389631056,0.11485252627,0.0052275,1.11455548625,0.162167549133,1.01299306721e-08
3x1x1,96,32,138,-0.442708333333,0.732934130694,0.51654321374,0.0052275,1.17418625156,0.162167549133,1.01299306721e-08
3x1x1,96,32,139,-0.453125,-0.190408207539,-0.870874531076,0.0052275,1.14866608069,0.162167549133,1.01299306721e-08
3x1x1,96,32,140,-0.463541666667,-0.445167361746,0.766129978072,0.0052425,1.18335331688,0.162167549133,1.01299306721e-08
3x1x1,96,32,141,-0.473958333333,0.840489543811,-0.262565848899,0.005235,1.1738432806,0.162167549133,1.01299306721e-08
3x1x1,96,32,142,-0.484375,-0.791963571178,-0.371718389782,0.005235,1.19962744986,0.162167549133,1.01299306721e-08
3x1x1,96,32,143,-0.494791666667,0.330651685357,0.803648349446,0.00524,1.19840437705,0.162167549133,1.01299306721e-08
3x1x1,96,32,144,-0.505208333333,0.296974786917,-0.810290389839,0.005245,1.19368365508,0.162167549133,1.01299306721e-08
3x1x1,96,32,145,-0.515625,-0.760832843947,0.394035839672,0.00525,1.21162200302,0.162167549133,1.01299306721e-08
3x1x1,96,32,146,-0.526041666667,0.821046080035,0.221728436132,0.0052325,1.20543727024,0.162167549133,1.01299306721e-08
3x1x1,96,32,147,-0.536458333333,-0.452138867822,-0.712588872213,0.0052475,1.22149124862,0.162167549133,1.01299306721e-08
3x1x1,96,32,148,-0.546875,-0.146776923158,0.824247698937,0.00524,1.18995771809,0.162167549133,1.01299306721e-08
3x1x1,96,32,149,-0.557291666667,0.659521393673,-0.504437835171,0.0052325,1.22797508512,0.162167549133,1.01299306721e-08
3x1x1,96,32,150,-0.567708333333,-0.819994226452,-0.0729158202926,0.0052375,1.18689677493,0.162167549133,1.01299306721e-08
3x1x1,96,32,151,-0.578125,0.550471860921,0.602289145435,0.0052325,1.23207768639,0.162167549133,1.01299306721e-08
3x1x1,96,32,152,-0.588541666667,0.000931038014913,-0.808466350422,0.005225,1.19180220605,0.162167549133,1.01299306721e-08
3x1x1,96,32,153,-0.598958333333,-0.541598879655,0.589847072119,0.00523,1.23526363273,0.162167549133,1.01299306721e-08
3x1x1,96,32,154,-0.609375,0.789925544007,-0.0684086566171,0.005215,1.20751108403,0.162167549133,1.01299306721e-08
3x1x1,96,32,155,-0.619791666667,-0.622240912109,-0.47819926519,0.005215,1.25880122363,0.162167549133,1.01299306721e-08
3x1x1,96,32,156,-0.630208333333,0.134358847893,0.764712466611,0.00521,1.23108470047,0.162167549133,1.01299306721e-08
3x1x1,96,32,157,-0.640625,0.412874559906,-0.647405751563,0.0051975,1.27455344708,0.162167549133,1.01299306721e-08
3x1x1,96,32,158,-0.651041666667,-0.73324473465,0.196206287799,0.0051875,1.25128235259,0.162167549133,1.01299306721e-08
3x1x1,96,32,159,-0.661458333333,0.665171752321,0.34643818089,0.0051675,1.26901597779,0.162167549133,1.01299306721e-08
3x1x1,96,32,160,-0.671875,-0.253275186776,-0.696014126393,0.005145,1.26710024883,0.162167549133,1.01299306721e-08
3x1x1,96,32,161,-0.682291666667,-0.279726327956,0.675448934447,0.0051325,1.27740617288,0.162167549133,1.01299306721e-08
3x1x1,96,32,162,-0.692708333333,0.653583307642,-0.30493282031,0.0051275,1.27527405165,0.162167549133,1.01299306721e-08
3x1x1,96,32,163,-0.703125,-0.678228393358,-0.213591855692,0.00511,1.26906784753,0.162167549133,1.01299306721e-08
3x1x1,96,32,164,-0.713541666667,0.350594254188,0.606582194645,0.0051,1.28332135974,0.162167549133,1.01299306721e-08
3x1x1,96,32,165,-0.723958333333,0.148898648324,-0.673582603787,0.0051275,1.25834495402,0.162167549133,1.01299306721e-08
3x1x1,96,32,166,-0.734375,-0.555704111595,0.389725928996,0.0051175,1.28608849969,0.162167549133,1.01299306721e-08
3x1x1,96,32,167,-0.744791666667,0.661664725655,0.0865168427988,0.00515,1.25575605136,0.162167549133,1.01299306721e-08
3x1x1,96,32,168,-0.755208333333,-0.421847741447,-0.501701959633,0.005165,1.27907796022,0.162167549133,1.01299306721e-08
3x1x1,96,32,169,-0.765625,-0.0273193919723,0.642706783998,0.005205,1.24072483855,0.162167549133,1.01299306721e-08
3x1x1,96,32,170,-0.776041666667,0.445384705447,-0.446533084722,0.00522,1.27442070292,0.162167549133,1.01299306721e-08
3x1x1,96,32,171,-0.786458333333,-0.617016512538,0.0278192952142,0.0052425,1.24565704285,0.162167549133,1.01299306721e-08
3x1x1,96,32,172,-0.796875,0.463406001299,0.387614644118,0.00528,1.28113540587,0.162167549133,1.01299306721e-08
3x1x1,96,32,173,-0.807291666667,-0.0780214718032,-0.584972490694,0.0052975,1.25413769643,0.162167549133,1.01299306721e-08
3x1x1,96,32,174,-0.817708333333,-0.329306139322,0.472134036267,0.005325,1.2845346589,0.162167549133,1.01299306721e-08
3x1x1,96,32,175,-0.828125,0.547016886404,-0.122398980239,0.005335,1.26151321146,0.162167549133,1.01299306721e-08
3x1x1,96,32,176,-0.838541666667,-0.472414291704,-0.271426988816,0.0053075,1.2792547125,0.162167549133,1.01299306721e-08
3x1x1,96,32,177,-0.848958333333,0.16003751995,0.503644458395,0.00524,1.26851726716,0.162167549133,1.01299306721e-08
3x1x1,96,32,178,-0.859375,0.215004411687,-0.463947962955,0.0051725,1.27476502312,0.162167549133,1.01299306721e-08
3x1x1,96,32,179,-0.869791666667,-0.45538501913,0.189965630969,0.005135,1.26608449236,0.162167549133,1.01299306721e-08
3x1x1,96,32,180,-0.880208333333,0.446393755041,0.16113939739,0.0051125,1.259115148,0.162167549133,1.01299306721e-08
3x1x1,96,32,181,-0.890625,-0.211094643681,-0.402773088456,0.005145,1.26687815522,0.162167549133,1.01299306721e-08
3x1x1,96,32,182,-0.901041666667,-0.111037088154,0.419278761667,0.0052375,1.23708242438,0.162167549133,1.01299306721e-08
3x1x1,96,32,183,-0.911458333333,0.346289232829,-0.222097892435,0.005345,1.23649374015,0.162167549133,1.01299306721e-08
3x1x1,96,32,184,-0.921875,-0.381812943416,-0.0660708756964,0.00521,1.21893393901,0.162167549133,1.01299306721e-08
3x1x1,96,32,185,-0.932291666667,0.221145062214,0.286229121024,0.0051275,1.23532325476,0.162167549133,1.01299306721e-08
3x1x1,96,32,186,-0.942708333333,0.0279280699829,-0.332447020096,0.005195,1.20597251014,0.162167549133,1.01299306721e-08
3x1x1,96,32,187,-0.953125,-0.222347496653,0.205217750468,0.005475,1.20568359417,0.162167549133,1.01299306721e-08
3x1x1,96,32,188,-0.963541666667,0.267556465781,-0.000997103797653,0.004935,1.17543644769,0.162167549133,1.01299306721e-08
3x1x1,96,32,189,-0.973958333333,-0.167751073382,-0.152527841097,0.005395,1.13123510619,0.162167549133,1.01299306721e-08
3x1x1,96,32,190,-0.984375,0.0160479338162,0.175351997979,0.0052575,1.07713167304,0.162167549133,1.01299306721e-08
3x1x1,96,32,191,-0.994791666667,0.0617157356321,-0.0811215625216,0.0049075,1.04061412753,0.162167549133,1.01299306721e-08
2x0.7x0.7,48,24,0,0.994791666667,0.0369365437488,-0.0950012192893,0.0048975,1.01189978975,0.156554698944,-6.80227576488e-08
2x0.7x0.7,48,24,1,0.984375,-0.1579098305,0.0779124175379,0.00525,1.07251706355,0.156554698944,-6.80227576488e-08
2x0.7x0.7,48,24,2,0.973958333333,0.217690772682,0.0633710692655,0.00538,1.10777252677,0.156554698944,-6.80227576488e-08
2x0.7x0.7,48,24,3,0.963541666667,-0.138910573698,-0.228672930431,0.004955,1.17358051283,0.156554698944,-6.80227576488e-08
2x0.7x0.7,48,24,4,0.953125,-0.0588488368755,0.296798835532,0.00549,1.18137517706,0.156554698944,-6.80227576488e-08
2x0.7x0.7,48,24,5,0.942708333333,0.268897369958,-0.197472030155,0.0052025,1.22436199269,0.156554698944,-6.80227576488e-08
2x0.7x0.7,48,24,6,0.932291666667,-0.359592085253,-0.0390612402212,0.0051125,1.21365167848,0.156554698944,-6.80227576488e-08
2x0.7x0.7,48,24,7,0.921875,0.255784143466,0.291068645385,0.0052375,1.23199371222,0.156554698944,-6.80227576488e-08
2x0.7x0.7,48,24,8,0.911458333333,0.00850073482239,-0.411304563681,0.005335,1.22959041439,0.156554698944,-6.80227576488e-08
2x0.7x0.7,48,24,9,0.901041666667,-0.299528128298,0.313698605812,0.005235,1.23201460566,0.156554698944,-6.80227576488e-08
2x0.7x0.7,48,24,10,0.890625,0.453722100202,-0.0303869242104,0.005155,1.23195162907,0.156554698944,-6.80227576488e-08
2x0.7x0.7,48,24,11,0.880208333333,-0.370585888024,-0.296478312071,0.0051175,1.265424924,0.156554698944,-6.80227576488e-08
2x0.7x0.7,48,24,12,0.869791666667,0.075886535955,0.487548654247,0.005125,1.25918160486,0.156554698944,-6.80227576488e-08
2x0.7x0.7,48,24,13,0.859375,0.283310288121,-0.425687549759,0.0051675,1.27371672374,0.156554698944,-6.80227576488e-08
2x0.7x0.7,48,24,14,0.848958333333,-0.513067432027,0.12661579071,0.00524,1.25254408636,0.156554698944,-6.80227576488e-08
2x0.7x0.7,48,24,15,0.838541666667,0.47822296352,0.261056833708,0.005305,1.26288163834,0.156554698944,-6.80227576488e-08
2x0.7x0.7,48,24,16,0.828125,-0.18136714084,-0.53039131271,0.0053175,1.25999269367,0.156554698944,-6.80227576488e-08
2x0.7x0.7,48,24,17,0.817708333333,-0.230584092579,0.52743156698,0.0053275,1.27898958354,0.156554698944,-6.80227576488e-08
2x0.7x0.7,48,24,18,0.807291666667,0.539575963922,-0.239035445255,0.0053075,1.28629049805,0.156554698944,-6.80227576488e-08
2x0.7x0.7,48,24,19,0.796875,-0.572593508394,-0.192683441218,0.0052975,1.25648340713,0.156554698944,-6.80227576488e-08
2x0.7x0.7,48,24,20,0.786458333333,0.298582614783,0.540677086698,0.0052575,1.27773371689,0.156554698944,-6.80227576488e-08
2x0.7x0.7,48,24,21,0.776041666667,0.148118707209,-0.613041744233,0.0052125,1.25865012843,0.156554698944,-6.80227576488e-08
2x0.7x0.7,48,24,22,0.765625,-0.53378157148,0.359020324388,0.005195,1.28047732072,0.156554698944,-6.80227576488e-08
2x0.7x0.7,48,24,23,0.755208333333,0.648170234934,0.0976510102847,0.0051675,1.24349547929,0.156554698944,-6.80227576488e-08
2x0.7x0.7,48,24,24,0.744791666667,-0.419402342514,-0.51902509415,0.005145,1.28641278412,0.156554698944,-6.80227576488e-08
2x0.7x0.7,48,24,25,0.734375,-0.0420513673856,0.677440065154,0.0051225,1.23707240134,0.156554698944,-6.80227576488e-08
2x0.7x0.7,48,24,26,0.723958333333,0.49660199884,-0.478822290986,0.0051225,1.26643946974,0.156554698944,-6.80227576488e-08
2x0.7x0.7,48,24,27,0.713541666667,-0.700384251181,0.0178938712554,0.005105,1.24173927662,0.156554698944,-6.80227576488e-08
2x0.7x0.7,48,24,28,0.703125,0.536414580467,0.466770427767,0.0050975,1.27478284143,0.156554698944,-6.80227576488e-08
2x0.7x0.7,48,24,29,0.692708333333,-0.0813820240353,-0.716611562211,0.005125,1.2300018964,0.156554698944,-6.80227576488e-08
2x0.7x0.7,48,24,30,0.682291666667,-0.429854302484,0.591357218805,0.00513,1.26093137958,0.156554698944,-6.80227576488e-08
2x0.7x0.7,48,24,31,0.671875,0.725809493546,-0.1475959466,0.005135,1.24418031842,0.156554698944,-6.80227576488e-08
2x0.7x0.7,48,24,32,0.661458333333,-0.642875692428,-0.386243080649,0.005155,1.26282233419,0.156554698944,-6.80227576488e-08
2x0.7x0.7,48,24,33,0.651041666667,0.2157078078,0.727746446173,0.00518,1.24699866508,0.156554698944,-6.80227576488e-08
2x0.7x0.7,48,24,34,0.640625,0.336389852652,-0.690247402319,0.005195,1.24825288728,0.156554698944,-6.80227576488e-08
2x0.7x0.7,48,24,35,0.630208333333,-0.72227313096,0.284884153456,0.0052125,1.25283346954,0.156554698944,-6.80227576488e-08
2x0.7x0.7,48,24,36,0.619791666667,0.732806301934,0.280808144071,0.0052175,1.24360973229,0.156554698944,-6.80227576488e-08
2x0.7x0.7,48,24,37,0.609375,-0.354291835567,-0.709323201809,0.0052225,1.25486363072,0.156554698944,-6.80227576488e-08
2x0.7x0.7,48,24,38,0.598958333333,-0.220067676801,0.769947486883,0.0052375,1.22984019935,0.156554698944,-6.80227576488e-08
2x0.7x0.7,48,24,39,0.588541666667,0.688913119091,-0.42310450357,0.00524,1.22780878964,0.156554698944,-6.80227576488e-08
2x0.7x0.7,48,24,40,0.578125,-0.801131552578,-0.154789275595,0.0052325,1.19639009889,0.156554698944,-6.80227576488e-08
2x0.7x0.7,48,24,41,0.567708333333,0.490509428699,0.661141247103,0.00525,1.22007583113,0.156554698944,-6.80227576488e-08
2x0.7x0.7,48,24,42,0.557291666667,0.0856390673282,-0.825888581112,0.005245,1.16394895513,0.156554698944,-6.80227576488e-08
2x0.7x0.7,48,24,43,0.546875,-0.626186194407,0.555714480924,0.0052475,1.22338527463,0.156554698944,-6.80227576488e-08
2x0.7x0.7,48,24,44,0.536458333333,0.843821650791,0.013322096455,0.00524,1.14497940626,0.156554698944,-6.80227576488e-08
2x0.7x0.7,48,24,45,0.526041666667,-0.61795511062,-0.584304412262,0.005245,1.18581605301,0.156554698944,-6.80227576488e-08
2x0.7x0.7,48,24,46,0.515625,0.0614245344552,0.854609785775,0.005235,1.13914921001,0.156554698944,-6.80227576488e-08
2x0.7x0.7,48,24,47,0.505208333333,0.535827073273,-0.676501210256,0.0052425,1.19761305791,0.156554698944,-6.80227576488e-08
2x0.7x0.7,48,24,48,0.494791666667,-0.858010282246,0.13783889929,0.0052375,1.15258634811,0.156554698944,-6.80227576488e-08
2x0.7x0.7,48,24,49,0.484375,0.730663748565,0.481156259346,0.0052375,1.18816365289,0.156554698944,-6.80227576488e-08
2x0.7x0.7,48,24,50,0.473958333333,-0.215141764045,-0.853860363073,0.0052325,1.15384792243,0.156554698944,-6.80227576488e-08
2x0.7x0.7,48,24,51,0.463541666667,-0.420760494856,0.779801083118,0.005225,1.17285721836,0.156554698944,-6.80227576488e-08
2x0.7x0.7,48,24,52,0.453125,0.842078126281,-0.292544293421,0.0052325,1.16476082793,0.156554698944,-6.80227576488e-08
2x0.7x0.7,48,24,53,0.442708333333,-0.823324868413,-0.355169667413,0.0052375,1.16535906043,0.156554698944,-6.80227576488e-08
2x0.7x0.7,48,24,54,0.432291666667,0.369255861144,0.822662764407,0.00522,1.16254203421,0.156554698944,-6.80227576488e-08
2x0.7x0.7,48,24,55,0.421875,0.284969384693,-0.860705486309,0.00523,1.15607812211,0.156554698944,-6.80227576488e-08
2x0.7x0.7,48,24,56,0.411458333333,-0.795694042493,0.444491879196,0.00523,1.13384677825,0.156554698944,-6.80227576488e-08
2x0.7x0.7,48,24,57,0.401041666667,0.891476934588,0.210794821318,0.0052275,1.12433061391,0.156554698944,-6.80227576488e-08
2x0.7x0.7,48,24,58,0.390625,-0.517481563559,-0.761331032306,0.0052275,1.13842267765,0.156554698944,-6.80227576488e-08
2x0.7x0.7,48,24,59,0.380208333333,-0.133324114806,0.91524111778,0.005225,1.08038666589,0.156554698944,-6.80227576488e-08
2x0.7x0.7,48,24,60,0.369791666667,0.719810109505,-0.587475556528,0.00523,1.1031629805,0.156554698944,-6.80227576488e-08
2x0.7x0.7,48,24,61,0.359375,-0.931671492584,-0.0532713739439,0.005225,1.05343822913,0.156554698944,-6.80227576488e-08
2x0.7x0.7,48,24,62,0.348958333333,0.653753328556,0.671442229086,0.0052225,1.08979474754,0.156554698944,-6.80227576488e-08
2x0.7x0.7,48,24,63,0.338541666667,-0.0286206332758,-0.94051602819,0.0052225,1.05768389282,0.156554698944,-6.80227576488e-08
2x0.7x0.7,48,24,64,0.328125,-0.616609502448,0.715630285738,0.00521,1.08119415402,0.156554698944,-6.80227576488e-08
2x0.7x0.7,48,24,65,0.317708333333,0.941599449775,-0.111588041982,0.0052225,1.06317078043,0.156554698944,-6.80227576488e-08
2x0.7x0.7,48,24,66,0.307291666667,-0.772464512813,-0.555761106989,0.0052125,1.08167432965,0.156554698944,-6.80227576488e-08
2x0.7x0.7,48,24,67,0.296875,0.194853630458,0.934824741367,0.005215,1.07162074971,0.156554698944,-6.80227576488e-08
2x0.7x0.7,48,24,68,0.286458333333,0.489408566136,-0.823663085646,0.00521,1.08207317263,0.156554698944,-6.80227576488e-08
2x0.7x0.7,48,24,69,0.276041666667,-0.920173892153,0.277634663658,0.005205,1.0814330338,0.156554698944,-6.80227576488e-08
2x0.7x0.7,48,24,70,0.265625,0.868687891882,0.418120444217,0.005215,1.08503363998,0.156554698944,-6.80227576488e-08
2x0.7x0.7,48,24,71,0.255208333333,-0.359150765063,-0.897707878183,0.0052075,1.09332403884,0.156554698944,-6.80227576488e-08
2x0.7x0.7,48,24,72,0.244791666667,-0.34251650652,0.907060903519,0.0052125,1.08921583108,0.156554698944,-6.80227576488e-08
2x0.7x0.7,48,24,73,0.234375,0.867565879192,-0.438631741483,0.0052,1.0835810431,0.156554698944,-6.80227576488e-08
2x0.7x0.7,48,24,74,0.223958333333,-0.938368850757,-0.263261400246,0.0052075,1.07578919935,0.156554698944,-6.80227576488e-08
2x0.7x0.7,48,24,75,0.213541666667,0.515325285967,0.829963737907,0.0052,1.06206612064,0.156554698944,-6.80227576488e-08
2x0.7x0.7,48,24,76,0.203125,0.181057916801,-0.962267252451,0.0052,1.07005316979,0.156554698944,-6.80227576488e-08
2x0.7x0.7,48,24,77,0.192708333333,-0.785191676739,0.588504485152,0.005205,1.04618916386,0.156554698944,-6.80227576488e-08
2x0.7x0.7,48,24,78,0.182291666667,0.978483764805,0.096639900025,0.0052025,1.04844723334,0.156554698944,-6.80227576488e-08
2x0.7x0.7,48,24,79,0.171875,-0.657475059342,-0.733611294023,0.0052075,1.02502635462,0.156554698944,-6.80227576488e-08
2x0.7x0.7,48,24,80,0.161458333333,-0.0107648683834,0.986820816666,0.0052025,1.04031125781,0.156554698944,-6.80227576488e-08
2x0.7x0.7,48,24,81,0.151041666667,0.675651868991,-0.721582266176,0.005205,1.02778929417,0.156554698944,-6.80227576488e-08
2x0.7x0.7,48,24,82,0.140625,-0.987157506633,0.0757935780503,0.0052,1.04936444462,0.156554698944,-6.80227576488e-08
2x0.7x0.7,48,24,83,0.130208333333,0.780217402013,0.611806011352,0.0051975,1.041699284,0.156554698944,-6.80227576488e-08
2x0.7x0.7,48,24,84,0.119791666667,-0.162253492913,-0.979450744364,0.0051975,1.05354980998,0.156554698944,-6.80227576488e-08
2x0.7x0.7,48,24,85,0.109375,-0.542624697676,0.832823839024,0.0051975,1.06730795301,0.156554698944,-6.80227576488e-08
2x0.7x0.7,48,24,86,0.0989583333333,0.963735625716,-0.247832386885,0.0051975,1.06420604548,0.156554698944,-6.80227576488e-08
2x0.7x0.7,48,24,87,0.0885416666667,-0.878902540412,-0.468711742674,0.0051975,1.08524590436,0.156554698944,-6.80227576488e-08
2x0.7x0.7,48,24,88,0.078125,0.331755024111,0.940125038679,0.0052,1.06832180471,0.156554698944,-6.80227576488e-08
2x0.7x0.7,48,24,89,0.0677083333333,0.390717758838,-0.918017001218,0.0051975,1.0816782301,0.156554698944,-6.80227576488e-08
2x0.7x0.7,48,24,90,0.0572916666667,-0.908808504434,0.413261136812,0.0051975,1.08532310913,0.156554698944,-6.80227576488e-08
2x0.7x0.7,48,24,91,0.046875,0.94979756759,0.309333662853,0.00519,1.07113375222,0.156554698944,-6.80227576488e-08
2x0.7x0.7,48,24,92,0.0364583333333,-0.491612984005,-0.87005026515,0.005195,1.07249864845,0.156554698944,-6.80227576488e-08
2x0.7x0.7,48,24,93,0.0260416666667,-0.225283791454,0.973945093373,0.00519,1.07414656698,0.156554698944,-6.80227576488e-08
2x0.7x0.7,48,24,94,0.015625,0.824186637317,-0.566102681713,0.0051925,1.04962703392,0.156554698944,-6.80227576488e-08
2x0.7x0.7,48,24,95,0.00520833333333,-0.990233899138,-0.139318693152,0.0051975,1.04653002273,0.156554698944,-6.80227576488e-08
2x0.7x0.7,48,24,96,-0.00520833333333,0.636059234209,0.771622656381,0.00519,1.0332677669,0.156554698944,-6.80227576488e-08
2x0.7x0.7,48,24,97,-0.015625,0.0522076653274,-0.998514005438,0.00519,1.0385405406,0.156554698944,-6.80227576488e-08
2x0.7x0.7,48,24,98,-0.0260416666667,-0.712828045206,0.700855198714,0.0051825,1.01076912432,0.156554698944,-6.80227576488e-08
2x0.7x0.7,48,24,99,-0.0364583333333,0.99871261894,-0.0352688913907,0.00519,1.04890311226,0.156554698944,-6.80227576488e-08
2x0.7x0.7,48,24,100,-0.046875,-0.759912919414,-0.64833254529,0.005185,1.0176360265,0.156554698944,-6.80227576488e-08
2x0.7x0.7,48,24,101,-0.0572916666667,0.122327227816,0.990834857212,0.0051925,1.05897656764,0.156554698944,-6.80227576488e-08
2x0.7x0.7,48,24,102,-0.0677083333333,0.578720655735,-0.812710270775,0.0051925,1.05182853148,0.156554698944,-6.80227576488e-08
2x0.7x0.7,48,24,103,-0.078125,-0.974963705142,0.208188035271,0.0051925,1.0550647783,0.156554698944,-6.80227576488e-08
2x0.7x0.7,48,24,104,-0.0885416666667,0.85878585479,0.504625830569,0.0052,1.08002941175,0.156554698944,-6.80227576488e-08
2x0.7x0.7,48,24,105,-0.0989583333333,-0.292084194013,-0.951259203304,0.0052,1.08821144364,0.156554698944,-6.80227576488e-08
2x0.7x0.7,48,24,106,-0.109375,-0.426724190192,0.897743601971,0.0052,1.07228021527,0.156554698944,-6.80227576488e-08
2x0.7x0.7,48,24,107,-0.119791666667,0.919956875824,-0.373268406407,0.005195,1.07442906611,0.156554698944,-6.80227576488e-08
2x0.7x0.7,48,24,108,-0.130208333333,-0.929256731576,-0.345727807314,0.0052,1.08381165398,0.156554698944,-6.80227576488e-08
2x0.7x0.7,48,24,109,-0.140625,0.451020641283,0.881365412591,0.0052025,1.10289157661,0.156554698944,-6.80227576488e-08
2x0.7x0.7,48,24,110,-0.151041666667,0.262377631806,-0.95307103264,0.005205,1.07260348235,0.156554698944,-6.80227576488e-08
2x0.7x0.7,48,24,111,-0.161458333333,-0.83586362771,0.524655317773,0.0051975,1.08126050824,0.156554698944,-6.80227576488e-08
2x0.7x0.7,48,24,112,-0.171875,0.969007433858,0.177436122317,0.0052075,1.07594870406,0.156554698944,-6.80227576488e-08
2x0.7x0.7,48,24,113,-0.182291666667,-0.593528159353,-0.783896722993,0.005195,1.0574797099,0.156554698944,-6.80227576488e-08
2x0.7x0.7,48,24,114,-0.192708333333,-0.0916796553185,0.976963837132,0.0052025,1.04935066258,0.156554698944,-6.80227576488e-08
2x0.7x0.7,48,24,115,-0.203125,0.725971891916,-0.657042651982,0.0052025,1.01727136047,0.156554698944,-6.80227576488e-08
2x0.7x0.7,48,24,116,-0.213541666667,-0.97691619664,-0.00589078433271,0.0052,1.02785883895,0.156554698944,-6.80227576488e-08
2x0.7x0.7,48,24,117,-0.223958333333,0.714656044032,0.662653305778,0.0052125,1.01642428671,0.156554698944,-6.80227576488e-08
2x0.7x0.7,48,24,118,-0.234375,-0.0791495764448,-0.968918832474,0.0052,1.03838370996,0.156554698944,-6.80227576488e-08
2x0.7x0.7,48,24,119,-0.244791666667,-0.594556529698,0.765884830065,0.005215,1.05174217826,0.156554698944,-6.80227576488e-08
2x0.7x0.7,48,24,120,-0.255208333333,0.95310397529,-0.162669969213,0.005205,1.07345006286,0.156554698944,-6.80227576488e-08
2x0.7x0.7,48,24,121,-0.265625,-0.810309665504,-0.522342421565,0.0052125,1.07571894974,0.156554698944,-6.80227576488e-08
2x0.7x0.7,48,24,122,-0.276041666667,0.243916135403,0.929680545754,0.00521,1.07435276803,0.156554698944,-6.80227576488e-08
2x0.7x0.7,48,24,123,-0.286458333333,0.446710572054,-0.847579664739,0.00522,1.09660590178,0.156554698944,-6.80227576488e-08
2x0.7x0.7,48,24,124,-0.296875,-0.898932180041,0.322158610099,0.0052175,1.10378240336,0.156554698944,-6.80227576488e-08
2x0.7x0.7,48,24,125,-0.307291666667,0.877416041191,0.368392348262,0.005215,1.08474339584,0.156554698944,-6.80227576488e-08
2x0.7x0.7,48,24,126,-0.317708333333,-0.396700095284,-0.861214519926,0.00522,1.09764677411,0.156554698944,-6.80227576488e-08
2x0.7x0.7,48,24,127,-0.328125,-0.288143607371,0.899615054291,0.0052175,1.09689389926,0.156554698944,-6.80227576488e-08
2x0.7x0.7,48,24,128,-0.338541666667,0.816951793255,-0.466882541361,0.005225,1.10792201874,0.156554698944,-6.80227576488e-08
2x0.7x0.7,48,24,129,-0.348958333333,-0.914050235156,-0.206737150046,0.0052275,1.09898299327,0.156554698944,-6.80227576488e-08
2x0.7x0.7,48,24,130,-0.359375,0.53209386923,0.766632717605,0.00522,1.10709961956,0.156554698944,-6.80227576488e-08
2x0.7x0.7,48,24,131,-0.369791666667,0.124954985833,-0.920673869934,0.00523,1.08602723495,0.156554698944,-6.80227576488e-08
2x0.7x0.7,48,24,132,-0.380208333333,-0.710805766748,0.591774268807,0.005225,1.11767739264,0.156554698944,-6.80227576488e-08
2x0.7x0.7,48,24,133,-0.390625,0.919517727245,0.0435804848133,0.00523,1.06399409001,0.156554698944,-6.80227576488e-08
2x0.7x0.7,48,24,134,-0.401041666667,-0.645422014113,-0.650073846032,0.0052325,1.11496193819,0.156554698944,-6.80227576488e-08
2x0.7x0.7,48,24,135,-0.411458333333,0.0366095089723,0.910693023902,0.0052225,1.08994019948,0.156554698944,-6.80227576488e-08
2x0.7x0.7,48,24,136,-0.421875,0.585088429046,-0.692598739944,0.005225,1.14080952745,0.156554698944,-6.80227576488e-08
2x0.7x0.7,48,24,137,-0.432291666667,-0.894389631056,0.11485252627,0.0052275,1.11438431418,0.156554698944,-6.80227576488e-08
2x0.7x0.7,48,24,138,-0.442708333333,0.732934130694,0.51654321374,0.0052275,1.15953043069,0.156554698944,-6.80227576488e-08
2x0.7x0.7,48,24,139,-0.453125,-0.190408207539,-0.870874531076,0.0052275,1.15372570948,0.156554698944,-6.80227576488e-08
2x0.7x0.7,48,24,140,-0.463541666667,-0.445167361746,0.766129978072,0.0052425,1.17677587892,0.156554698944,-6.80227576488e-08
2x0.7x0.7,48,24,141,-0.473958333333,0.840489543811,-0.262565848899,0.005235,1.17606347632,0.156554698944,-6.80227576488e-08
2x0.7x0.7,48,24,142,-0.484375,-0.791963571178,-0.371718389782,0.005235,1.19300257845,0.156554698944,-6.80227576488e-08
2x0.7x0.7,48,24,143,-0.494791666667,0.330651685357,0.803648349446,0.00524,1.1828458061,0.156554698944,-6.80227576488e-08
2x0.7x0.7,48,24,144,-0.505208333333,0.296974786917,-0.810290389839,0.005245,1.17818395913,0.156554698944,-6.80227576488e-08
2x0.7x0.7,48,24,145,-0.515625,-0.760832843947,0.394035839672,0.00525,1.20429845859,0.156554698944,-6.80227576488e-08
2x0.7x0.7,48,24,146,-0.526041666667,0.821046080035,0.221728436132,0.0052325,1.19414826834,0.156554698944,-6.80227576488e-08
2x0.7x0.7,48,24,147,-0.536458333333,-0.452138867822,-0.712588872213,0.0052475,1.22132902671,0.156554698944,-6.80227576488e-08
2x0.7x0.7,48,24,148,-0.546875,-0.146776923158,0.824247698937,0.00524,1.17313919303,0.156554698944,-6.80227576488e-08
2x0.7x0.7,48,24,149,-0.557291666667,0.659521393673,-0.504437835171,0.0052325,1.22348095399,0.156554698944,-6.80227576488e-08
2x0.7x0.7,48,24,150,-0.567708333333,-0.819994226452,-0.0729158202926,0.0052375,1.17884559444,0.156554698944,-6.80227576488e-08
2x0.7x0.7,48,24,151,-0.578125,0.550471860921,0.602289145435,0.0052325,1.22592849092,0.156554698944,-6.80227576488e-08
2x0.7x0.7,48,24,152,-0.588541666667,0.000931038014913,-0.808466350422,0.005225,1.18330544274,0.156554698944,-6.80227576488e-08
2x0.7x0.7,48,24,153,-0.598958333333,-0.541598879655,0.589847072119,0.00523,1.23001156893,0.156554698944,-6.80227576488e-08
2x0.7x0.7,48,24,154,-0.609375,0.789925544007,-0.0684086566171,0.005215,1.19518022361,0.156554698944,-6.80227576488e-08
2x0.7x0.7,48,24,155,-0.619791666667,-0.622240912109,-0.47819926519,0.005215,1.24481663807,0.156554698944,-6.80227576488e-08
2x0.7x0.7,48,24,156,-0.630208333333,0.134358847893,0.764712466611,0.00521,1.22124359303,0.156554698944,-6.80227576488e-08
2x0.7x0.7,48,24,157,-0.640625,0.412874559906,-0.647405751563,0.0051975,1.26220200976,0.156554698944,-6.80227576488e-08
2x0.7x0.7,48,24,158,-0.651041666667,-0.73324473465,0.196206287799,0.0051875,1.24036680279,0.156554698944,-6.80227576488e-08
2x0.7x0.7,48,24,159,-0.661458333333,0.665171752321,0.34643818089,0.0051675,1.26677997142,0.156554698944,-6.80227576488e-08
2x0.7x0.7,48,24,160,-0.671875,-0.253275186776,-0.696014126393,0.005145,1.2649749154,0.156554698944,-6.80227576488e-08
2x0.7x0.7,48,24,161,-0.682291666667,-0.279726327956,0.675448934447,0.0051325,1.26387038154,0.156554698944,-6.80227576488e-08
2x0.7x0.7,48,24,162,-0.692708333333,0.653583307642,-0.30493282031,0.0051275,1.26510276811,0.156554698944,-6.80227576488e-08
2x0.7x0.7,48,24,163,-0.703125,-0.678228393358,-0.213591855692,0.00511,1.25741039737,0.156554698944,-6.80227576488e-08
2x0.7x0.7,48,24,164,-0.713541666667,0.350594254188,0.606582194645,0.0051,1.27004573159,0.156554698944,-6.80227576488e-08
2x0.7x0.7,48,24,165,-0.723958333333,0.148898648324,-0.673582603787,0.0051275,1.25465221564,0.156554698944,-6.80227576488e-08
2x0.7x0.7,48,24,166,-0.734375,-0.555704111595,0.389725928996,0.0051175,1.28145789815,0.156554698944,-6.80227576488e-08
2x0.7x0.7,48,24,167,-0.744791666667,0.661664725655,0.0865168427988,0.00515,1.25007421782,0.156554698944,-6.80227576488e-08
2x0.7x0.7,48,24,168,-0.755208333333,-0.421847741447,-0.501701959633,0.005165,1.27175692781,0.156554698944,-6.80227576488e-08
2x0.7x0.7,48,24,169,-0.765625,-0.0273193919723,0.642706783998,0.005205,1.23888362232,0.156554698944,-6.80227576488e-08
2x0.7x0.7,48,24,170,-0.776041666667,0.445384705447,-0.446533084722,0.00522,1.27973659702,0.156554698944,-6.80227576488e-08
2x0.7x0.7,48,24,171,-0.786458333333,-0.617016512538,0.0278192952142,0.0052425,1.23130607504,0.156554698944,-6.80227576488e-08
2x0.7x0.7,48,24,172,-0.796875,0.463406001299,0.387614644118,0.00528,1.28162969419,0.156554698944,-6.80227576488e-08
2x0.7x0.7,48,24,173,-0.807291666667,-0.0780214718032,-0.584972490694,0.0052975,1.25548136962,0.156554698944,-6.80227576488e-08
2x0.7x0.7,48,24,174,-0.817708333333,-0.329306139322,0.472134036267,0.005325,1.28202697736,0.156554698944,-6.80227576488e-08
2x0.7x0.7,48,24,175,-0.828125,0.547016886404,-0.122398980239,0.005335,1.2566044381,0.156554698944,-6.80227576488e-08
2x0.7x0.7,48,24,176,-0.838541666667,-0.472414291704,-0.271426988816,0.0053075,1.26937702276,0.156554698944,-6.80227576488e-08
2x0.7x0.7,48,24,177,-0.848958333333,0.16003751995,0.503644458395,0.00524,1.26730004185,0.156554698944,-6.80227576488e-08
2x0.7x0.7,48,24,178,-0.859375,0.215004411687,-0.463947962955,0.0051725,1.26151244935,0.156554698944,-6.80227576488e-08
2x0.7x0.7,48,24,179,-0.869791666667,-0.45538501913,0.189965630969,0.005135,1.26809700481,0.156554698944,-6.80227576488e-08
2x0.7x0.7,48,24,180,-0.880208333333,0.446393755041,0.16113939739,0.0051125,1.25996225627,0.156554698944,-6.80227576488e-08
2x0.7x0.7,48,24,181,-0.890625,-0.211094643681,-0.402773088456,0.005145,1.24422872093,0.156554698944,-6.80227576488e-08
2x0.7x0.7,48,24,182,-0.901041666667,-0.111037088154,0.419278761667,0.0052375,1.21901064843,0.156554698944,-6.80227576488e-08
2x0.7x0.7,48,24,183,-0.911458333333,0.346289232829,-0.222097892435,0.005345,1.23470644696,0.156554698944,-6.80227576488e-08
2x0.7x0.7,48,24,184,-0.921875,-0.381812943416,-0.0660708756964,0.00521,1.22504907321,0.156554698944,-6.80227576488e-08
2x0.7x0.7,48,24,185,-0.932291666667,0.221145062214,0.286229121024,0.0051275,1.2290047388,0.156554698944,-6.80227576488e-08
2x0.7x0.7,48,24,186,-0.942708333333,0.0279280699829,-0.332447020096,0.005195,1.21392459026,0.156554698944,-6.80227576488e-08
2x0.7x0.7,48,24,187,-0.953125,-0.222347496653,0.205217750468,0.005475,1.19389360694,0.156554698944,-6.80227576488e-08
2x0.7x0.7,48,24,188,-0.963541666667,0.267556465781,-0.000997103797653,0.004935,1.16542429683,0.156554698944,-6.80227576488e-08
2x0.7x0.7,48,24,189,-0.973958333333,-0.167751073382,-0.152527841097,0.005395,1.1161852894,0.156554698944,-6.80227576488e-08
2x0.7x0.7,48,24,190,-0.984375,0.0160479338162,0.175351997979,0.0052575,1.06589325253,0.156554698944,-6.80227576488e-08
2x0.7x0.7,48,24,191,-0.994791666667,0.0617157356321,-0.0811215625216,0.0049075,1.01156217872,0.156554698944,-6.80227576488e-08
2x0.7x0.7,96,48,0,0.994791666667,0.0369365437488,-0.0950012192893,0.0048975,1.05456096175,0.158255934715,-6.35898085299e-08
2x0.7x0.7,96,48,1,0.984375,-0.1579098305,0.0779124175379,0.00525,1.10874598237,0.158255934715,-6.35898085299e-08
2x0.7x0.7,96,48,2,0.973958333333,0.217690772682,0.0633710692655,0.00538,1.14579597517,0.158255934715,-6.35898085299e-08
2x0.7x0.7,96,48,3,0.963541666667,-0.138910573698,-0.228672930431,0.004955,1.17855539143,0.158255934715,-6.35898085299e-08
2x0.7x0.7,96,48,4,0.953125,-0.0588488368755,0.296798835532,0.00549,1.18895239952,0.158255934715,-6.35898085299e-08
2x0.7x0.7,96,48,5,0.942708333333,0.268897369958,-0.197472030155,0.0052025,1.20438020178,0.158255934715,-6.35898085299e-08
2x0.7x0.7,96,48,6,0.932291666667,-0.359592085253,-0.0390612402212,0.0051125,1.21323146446,0.158255934715,-6.35898085299e-08
2x0.7x0.7,96,48,7,0.921875,0.255784143466,0.291068645385,0.0052375,1.22604763808,0.158255934715,-6.35898085299e-08
2x0.7x0.7,96,48,8,0.911458333333,0.00850073482239,-0.411304563681,0.005335,1.22248341071,0.158255934715,-6.35898085299e-08
2x0.7x0.7,96,48,9,0.901041666667,-0.299528128298,0.313698605812,0.005235,1.24647663541,0.158255934715,-6.35898085299e-08
2x0.7x0.7,96,48,10,0.890625,0.453722100202,-0.0303869242104,0.005155,1.23288269686,0.158255934715,-6.35898085299e-08
2x0.7x0.7,96,48,11,0.880208333333,-0.370585888024,-0.296478312071,0.0051175,1.25777549607,0.158255934715,-6.35898085299e-08
2x0.7x0.7,96,48,12,0.869791666667,0.075886535955,0.487548654247,0.005125,1.24333762124,0.158255934715,-6.35898085299e-08
2x0.7x0.7,96,48,13,0.859375,0.283310288121,-0.425687549759,0.0051675,1.26969957473,0.158255934715,-6.35898085299e-08
2x0.7x0.7,96,48,14,0.848958333333,-0.513067432027,0.12661579071,0.00524,1.25459540467,0.158255934715,-6.35898085299e-08
2x0.7x0.7,96,48,15,0.838541666667,0.47822296352,0.261056833708,0.005305,1.27641391771,0.158255934715,-6.35898085299e-08
2x0.7x0.7,96,48,16,0.828125,-0.18136714084,-0.53039131271,0.0053175,1.27715439538,0.158255934715,-6.35898085299e-08
2x0.7x0.7,96,48,17,0.817708333333,-0.230584092579,0.52743156698,0.0053275,1.27318909102,0.158255934715,-6.35898085299e-08
2x0.7x0.7,96,48,18,0.807291666667,0.539575963922,-0.239035445255,0.0053075,1.28038052041,0.158255934715,-6.35898085299e-08
2x0.7x0.7,96,48,19,0.796875,-0.572593508394,-0.192683441218,0.0052975,1.26669979542,0.158255934715,-6.35898085299e-08
2x0.7x0.7,96,48,20,0.786458333333,0.298582614783,0.540677086698,0.0052575,1.27862627878,0.158255934715,-6.35898085299e-08
2x0.7x0.7,96,48,21,0.776041666667,0.148118707209,-0.613041744233,0.0052125,1.26151943247,0.158255934715,-6.35898085299e-08
2x0.7x0.7,96,48,22,0.765625,-0.53378157148,0.359020324388,0.005195,1.27844682638,0.158255934715,-6.35898085299e-08
2x0.7x0.7,96,48,23,0.755208333333,0.648170234934,0.0976510102847,0.0051675,1.24430844907,0.158255934715,-6.35898085299e-08
2x0.7x0.7,96,48,24,0.744791666667,-0.419402342514,-0.51902509415,0.005145,1.27461767984,0.158255934715,-6.35898085299e-08
2x0.7x0.7,96,48,25,0.734375,-0.0420513673856,0.677440065154,0.0051225,1.23260652418,0.158255934715,-6.35898085299e-08
2x0.7x0.7,96,48,26,0.723958333333,0.49660199884,-0.478822290986,0.0051225,1.26659618571,0.158255934715,-6.35898085299e-08
2x0.7x0.7,96,48,27,0.713541666667,-0.700384251181,0.0178938712554,0.005105,1.22714421791,0.158255934715,-6.35898085299e-08
2x0.7x0.7,96,48,28,0.703125,0.536414580467,0.466770427767,0.0050975,1.26789588889,0.158255934715,-6.35898085299e-08
2x0.7x0.7,96,48,29,0.692708333333,-0.0813820240353,-0.716611562211,0.005125,1.23000098963,0.158255934715,-6.35898085299e-08
2x0.7x0.7,96,48,30,0.682291666667,-0.429854302484,0.591357218805,0.00513,1.26738538194,0.158255934715,-6.35898085299e-08
2x0.7x0.7,96,48,31,0.671875,0.725809493546,-0.1475959466,0.005135,1.24208644481,0.158255934715,-6.35898085299e-08
2x0.7x0.7,96,48,32,0.661458333333,-0.642875692428,-0.386243080649,0.005155,1.26622158358,0.158255934715,-6.35898085299e-08
2x0.7x0.7,96,48,33,0.651041666667,0.2157078078,0.727746446173,0.00518,1.2484617138,0.158255934715,-6.35898085299e-08
2x0.7x0.7,96,48,34,0.640625,0.336389852652,-0.690247402319,0.005195,1.25678762319,0.158255934715,-6.35898085299e-08
2x0.7x0.7,96,48,35,0.630208333333,-0.72227313096,0.284884153456,0.0052125,1.24819287036,0.158255934715,-6.35898085299e-08
2x0.7x0.7,96,48,36,0.619791666667,0.732806301934,0.280808144071,0.0052175,1.24812532161,0.158255934715,-6.35898085299e-08
2x0.7x0.7,96,48,37,0.609375,-0.354291835567,-0.709323201809,0.0052225,1.24943355084,0.158255934715,-6.35898085299e-08
2x0.7x0.7,96,48,38,0.598958333333,-0.220067676801,0.769947486883,0.0052375,1.22749696683,0.158255934715,-6.35898085299e-08
2x0.7x0.7,96,48,39,0.588541666667,0.688913119091,-0.42310450357,0.00524,1.23702883414,0.158255934715,-6.35898085299e-08
2x0.7x0.7,96,48,40,0.578125,-0.801131552578,-0.154789275595,0.0052325,1.20340645831,0.158255934715,-6.35898085299e-08
2x0.7x0.7,96,48,41,0.567708333333,0.490509428699,0.661141247103,0.00525,1.22127273529,0.158255934715,-6.35898085299e-08
2x0.7x0.7,96,48,42,0.557291666667,0.0856390673282,-0.825888581112,0.005245,1.17284499653,0.158255934715,-6.35898085299e-08
2x0.7x0.7,96,48,43,0.546875,-0.626186194407,0.555714480924,0.0052475,1.21402514784,0.158255934715,-6.35898085299e-08
2x0.7x0.7,96,48,44,0.536458333333,0.843821650791,0.013322096455,0.00524,1.15363331926,0.158255934715,-6.35898085299e-08
2x0.7x0.7,96,48,45,0.526041666667,-0.61795511062,-0.584304412262,0.005245,1.20001982441,0.158255934715,-6.35898085299e-08
2x0.7x0.7,96,48,46,0.515625,0.0614245344552,0.854609785775,0.005235,1.15080539002,0.158255934715,-6.35898085299e-08
2x0.7x0.7,96,48,47,0.505208333333,0.535827073273,-0.676501210256,0.0052425,1.19189303704,0.158255934715,-6.35898085299e-08
2x0.7x0.7,96,48,48,0.494791666667,-0.858010282246,0.13783889929,0.0052375,1.15244489044,0.158255934715,-6.35898085299e-08
2x0.7x0.7,96,48,49,0.484375,0.730663748565,0.481156259346,0.0052375,1.19701745906,0.158255934715,-6.35898085299e-08
2x0.7x0.7,96,48,50,0.473958333333,-0.215141764045,-0.853860363073,0.0052325,1.15690799502,0.158255934715,-6.35898085299e-08
2x0.7x0.7,96,48,51,0.463541666667,-0.420760494856,0.779801083118,0.005225,1.17925344093,0.158255934715,-6.35898085299e-08
2x0.7x0.7,96,48,52,0.453125,0.842078126281,-0.292544293421,0.0052325,1.16034176098,0.158255934715,-6.35898085299e-08
2x0.7x0.7,96,48,53,0.442708333333,-0.823324868413,-0.355169667413,0.0052375,1.16039628601,0.158255934715,-6.35898085299e-08
2x0.7x0.7,96,48,54,0.432291666667,0.369255861144,0.822662764407,0.00522,1.15677342367,0.158255934715,-6.35898085299e-08
2x0.7x0.7,96,48,55,0.421875,0.284969384693,-0.860705486309,0.00523,1.14235158194,0.158255934715,-6.35898085299e-08
2x0.7x0.7,96,48,56,0.411458333333,-0.795694042493,0.444491879196,0.00523,1.1468640769,0.158255934715,-6.35898085299e-08
2x0.7x0.7,96,48,57,0.401041666667,0.891476934588,0.210794821318,0.0052275,1.11027071919,0.158255934715,-6.35898085299e-08
2x0.7x0.7,96,48,58,0.390625,-0.517481563559,-0.761331032306,0.0052275,1.13181568951,0.158255934715,-6.35898085299e-08
2x0.7x0.7,96,48,59,0.380208333333,-0.133324114806,0.91524111778,0.005225,1.08671919824,0.158255934715,-6.35898085299e-08
2x0.7x0.7,96,48,60,0.369791666667,0.719810109505,-0.587475556528,0.00523,1.11158321669,0.158255934715,-6.35898085299e-08
2x0.7x0.7,96,48,61,0.359375,-0.931671492584,-0.0532713739439,0.005225,1.06358046084,0.158255934715,-6.35898085299e-08
2x0.7x0.7,96,48,62,0.348958333333,0.653753328556,0.671442229086,0.0052225,1.08634082052,0.158255934715,-6.35898085299e-08
2x0.7x0.7,96,48,63,0.338541666667,-0.0286206332758,-0.94051602819,0.0052225,1.05637582265,0.158255934715,-6.35898085299e-08
2x0.7x0.7,96,48,64,0.328125,-0.616609502448,0.715630285738,0.00521,1.08354787605,0.158255934715,-6.35898085299e-08
2x0.7x0.7,96,48,65,0.317708333333,0.941599449775,-0.111588041982,0.0052225,1.05751170287,0.158255934715,-6.35898085299e-08
2x0.7x0.7,96,48,66,0.307291666667,-0.772464512813,-0.555761106989,0.0052125,1.08422677269,0.158255934715,-6.35898085299e-08
2x0.7x0.7,96,48,67,0.296875,0.194853630458,0.934824741367,0.005215,1.07516980908,0.158255934715,-6.35898085299e-08
2x0.7x0.7,96,48,68,0.286458333333,0.489408566136,-0.823663085646,0.00521,1.08866164755,0.158255934715,-6.35898085299e-08
2x0.7x0.7,96,48,69,0.276041666667,-0.920173892153,0.277634663658,0.005205,1.08151748948,0.158255934715,-6.35898085299e-08
2x0.7x0.7,96,48,70,0.265625,0.868687891882,0.418120444217,0.005215,1.08136676305,0.158255934715,-6.35898085299e-08
2x0.7x0.7,96,48,71,0.255208333333,-0.359150765063,-0.897707878183,0.0052075,1.08840981594,0.158255934715,-6.35898085299e-08
2x0.7x0.7,96,48,72,0.244791666667,-0.34251650652,0.907060903519,0.0052125,1.08301368188,0.158255934715,-6.35898085299e-08
2x0.7x0.7,96,48,73,0.234375,0.867565879192,-0.438631741483,0.0052,1.08731806505,0.158255934715,-6.35898085299e-08
2x0.7x0.7,96,48,74,0.223958333333,-0.938368850757,-0.263261400246,0.0052075,1.08005051821,0.158255934715,-6.35898085299e-08
2x0.7x0.7,96,48,75,0.213541666667,0.515325285967,0.829963737907,0.0052,1.07220257757,0.158255934715,-6.35898085299e-08
2x0.7x0.7,96,48,76,0.203125,0.181057916801,-0.962267252451,0.0052,1.06317194607,0.158255934715,-6.35898085299e-08
2x0.7x0.7,96,48,77,0.192708333333,-0.785191676739,0.588504485152,0.005205,1.05045639165,0.158255934715,-6.35898085299e-08
2x0.7x0.7,96,48,78,0.182291666667,0.978483764805,0.096639900025,0.0052025,1.05279928959,0.158255934715,-6.35898085299e-08
2x0.7x0.7,96,48,79,0.171875,-0.657475059342,-0.733611294023,0.0052075,1.02929089573,0.158255934715,-6.35898085299e-08
2x0.7x0.7,96,48,80,0.161458333333,-0.0107648683834,0.986820816666,0.0052025,1.03724810703,0.158255934715,-6.35898085299e-08
2x0.7x0.7,96,48,81,0.151041666667,0.675651868991,-0.721582266176,0.005205,1.02507999482,0.158255934715,-6.35898085299e-08
2x0.7x0.7,96,48,82,0.140625,-0.987157506633,0.0757935780503,0.0052,1.04127124436,0.158255934715,-6.35898085299e-08
2x0.7x0.7,96,48,83,0.130208333333,0.780217402013,0.611806011352,0.0051975,1.04256860613,0.158255934715,-6.35898085299e-08
2x0.7x0.7,96,48,84,0.119791666667,-0.162253492913,-0.979450744364,0.0051975,1.0562639402,0.158255934715,-6.35898085299e-08
2x0.7x0.7,96,48,85,0.109375,-0.542624697676,0.832823839024,0.0051975,1.0641927593,0.158255934715,-6.35898085299e-08
2x0.7x0.7,96,48,86,0.0989583333333,0.963735625716,-0.247832386885,0.0051975,1.07410733802,0.158255934715,-6.35898085299e-08
2x0.7x0.7,96,48,87,0.0885416666667,-0.878902540412,-0.468711742674,0.0051975,1.07609023787,0.158255934715,-6.35898085299e-08
2x0.7x0.7,96,48,88,0.078125,0.331755024111,0.940125038679,0.0052,1.08290317748,0.158255934715,-6.35898085299e-08
2x0.7x0.7,96,48,89,0.0677083333333,0.390717758838,-0.918017001218,0.0051975,1.08270900599,0.158255934715,-6.35898085299e-08
2x0.7x0.7,96,48,90,0.0572916666667,-0.908808504434,0.413261136812,0.0051975,1.08549398845,0.158255934715,-6.35898085299e-08
2x0.7x0.7,96,48,91,0.046875,0.94979756759,0.309333662853,0.00519,1.0869026855,0.158255934715,-6.35898085299e-08
2x0.7x0.7,96,48,92,0.0364583333333,-0.491612984005,-0.87005026515,0.005195,1.07537277624,0.158255934715,-6.35898085299e-08
2x0.7x0.7,96,48,93,0.0260416666667,-0.225283791454,0.973945093373,0.00519,1.06702358348,0.158255934715,-6.35898085299e-08
2x0.7x0.7,96,48,94,0.015625,0.824186637317,-0.566102681713,0.0051925,1.06083499243,0.158255934715,-6.35898085299e-08
2x0.7x0.7,96,48,95,0.00520833333333,-0.990233899138,-0.139318693152,0.0051975,1.05357856716,0.158255934715,-6.35898085299e-08
2x0.7x0.7,96,48,96,-0.00520833333333,0.636059234209,0.771622656381,0.00519,1.04397393343,0.158255934715,-6.35898085299e-08
2x0.7x0.7,96,48,97,-0.015625,0.0522076653274,-0.998514005438,0.00519,1.03762489497,0.158255934715,-6.35898085299e-08
2x0.7x0.7,96,48,98,-0.0260416666667,-0.712828045206,0.700855198714,0.0051825,1.02782791398,0.158255934715,-6.35898085299e-08
2x0.7x0.7,96,48,99,-0.0364583333333,0.99871261894,-0.0352688913907,0.00519,1.03403647913,0.158255934715,-6.35898085299e-08
2x0.7x0.7,96,48,100,-0.046875,-0.759912919414,-0.64833254529,0.005185,1.03657437174,0.158255934715,-6.35898085299e-08
2x0.7x0.7,96,48,101,-0.0572916666667,0.122327227816,0.990834857212,0.0051925,1.05040104076,0.158255934715,-6.35898085299e-08
2x0.7x0.7,96,48,102,-0.0677083333333,0.578720655735,-0.812710270775,0.0051925,1.05434706982,0.158255934715,-6.35898085299e-08
2x0.7x0.7,96,48,103,-0.078125,-0.974963705142,0.208188035271,0.0051925,1.06543652151,0.158255934715,-6.35898085299e-08
2x0.7x0.7,96,48,104,-0.0885416666667,0.85878585479,0.504625830569,0.0052,1.07565333471,0.158255934715,-6.35898085299e-08
2x0.7x0.7,96,48,105,-0.0989583333333,-0.292084194013,-0.951259203304,0.0052,1.0811271644,0.158255934715,-6.35898085299e-08
2x0.7x0.7,96,48,106,-0.109375,-0.426724190192,0.897743601971,0.0052,1.085004615,0.158255934715,-6.35898085299e-08
2x0.7x0.7,96,48,107,-0.119791666667,0.919956875824,-0.373268406407,0.005195,1.08612615961,0.158255934715,-6.35898085299e-08
2x0.7x0.7,96,48,108,-0.130208333333,-0.929256731576,-0.345727807314,0.0052,1.08468672764,0.158255934715,-6.35898085299e-08
2x0.7x0.7,96,48,109,-0.140625,0.451020641283,0.881365412591,0.0052025,1.07717184757,0.158255934715,-6.35898085299e-08
2x0.7x0.7,96,48,110,-0.151041666667,0.262377631806,-0.95307103264,0.005205,1.08523141078,0.158255934715,-6.35898085299e-08
2x0.7x0.7,96,48,111,-0.161458333333,-0.83586362771,0.524655317773,0.0051975,1.06525571503,0.158255934715,-6.35898085299e-08
2x0.7x0.7,96,48,112,-0.171875,0.969007433858,0.177436122317,0.0052075,1.05404096778,0.158255934715,-6.35898085299e-08
2x0.7x0.7,96,48,113,-0.182291666667,-0.593528159353,-0.783896722993,0.005195,1.04398838464,0.158255934715,-6.35898085299e-08
2x0.7x0.7,96,48,114,-0.192708333333,-0.0916796553185,0.976963837132,0.0052025,1.04060873109,0.158255934715,-6.35898085299e-08
2x0.7x0.7,96,48,115,-0.203125,0.725971891916,-0.657042651982,0.0052025,1.03182094821,0.158255934715,-6.35898085299e-08
2x0.7x0.7,96,48,116,-0.213541666667,-0.97691619664,-0.00589078433271,0.0052,1.04127016276,0.158255934715,-6.35898085299e-08
2x0.7x0.7,96,48,117,-0.223958333333,0.714656044032,0.662653305778,0.0052125,1.03975467911,0.158255934715,-6.35898085299e-08
2x0.7x0.7,96,48,118,-0.234375,-0.0791495764448,-0.968918832474,0.0052,1.04515754028,0.158255934715,-6.35898085299e-08
2x0.7x0.7,96,48,119,-0.244791666667,-0.594556529698,0.765884830065,0.005215,1.0541431335,0.158255934715,-6.35898085299e-08
2x0.7x0.7,96,48,120,-0.255208333333,0.95310397529,-0.162669969213,0.005205,1.06216343315,0.158255934715,-6.35898085299e-08
2x0.7x0.7,96,48,121,-0.265625,-0.810309665504,-0.522342421565,0.0052125,1.07722772308,0.158255934715,-6.35898085299e-08
2x0.7x0.7,96,48,122,-0.276041666667,0.243916135403,0.929680545754,0.00521,1.07730962782,0.158255934715,-6.35898085299e-08
2x0.7x0.7,96,48,123,-0.286458333333,0.446710572054,-0.847579664739,0.00522,1.08889751849,0.158255934715,-6.35898085299e-08
2x0.7x0.7,96,48,124,-0.296875,-0.898932180041,0.322158610099,0.0052175,1.09240483629,0.158255934715,-6.35898085299e-08
2x0.7x0.7,96,48,125,-0.307291666667,0.877416041191,0.368392348262,0.005215,1.09685054748,0.158255934715,-6.35898085299e-08
2x0.7x0.7,96,48,126,-0.317708333333,-0.396700095284,-0.861214519926,0.00522,1.1051904816,0.158255934715,-6.35898085299e-08
2x0.7x0.7,96,48,127,-0.328125,-0.288143607371,0.899615054291,0.0052175,1.09611581875,0.158255934715,-6.35898085299e-08
2x0.7x0.7,96,48,128,-0.338541666667,0.816951793255,-0.466882541361,0.005225,1.10674174419,0.158255934715,-6.35898085299e-08
2x0.7x0.7,96,48,129,-0.348958333333,-0.914050235156,-0.206737150046,0.0052275,1.08364189415,0.158255934715,-6.35898085299e-08
2x0.7x0.7,96,48,130,-0.359375,0.53209386923,0.766632717605,0.00522,1.1073826435,0.158255934715,-6.35898085299e-08
2x0.7x0.7,96,48,131,-0.369791666667,0.124954985833,-0.920673869934,0.00523,1.07909986955,0.158255934715,-6.35898085299e-08
2x0.7x0.7,96,48,132,-0.380208333333,-0.710805766748,0.591774268807,0.005225,1.1183171958,0.158255934715,-6.35898085299e-08
2x0.7x0.7,96,48,133,-0.390625,0.919517727245,0.0435804848133,0.00523,1.07096953173,0.158255934715,-6.35898085299e-08
2x0.7x0.7,96,48,134,-0.401041666667,-0.645422014113,-0.650073846032,0.0052325,1.12639273521,0.158255934715,-6.35898085299e-08
2x0.7x0.7,96,48,135,-0.411458333333,0.0366095089723,0.910693023902,0.0052225,1.08889053501,0.158255934715,-6.35898085299e-08
2x0.7x0.7,96,48,136,-0.421875,0.585088429046,-0.692598739944,0.005225,1.14558047854,0.158255934715,-6.35898085299e-08
2x0.7x0.7,96,48,137,-0.432291666667,-0.894389631056,0.11485252627,0.0052275,1.10920653099,0.158255934715,-6.35898085299e-08
2x0.7x0.7,96,48,138,-0.442708333333,0.732934130694,0.51654321374,0.0052275,1.16268572198,0.158255934715,-6.35898085299e-08
2x0.7x0.7,96,48,139,-0.453125,-0.190408207539,-0.870874531076,0.0052275,1.13912608521,0.158255934715,-6.35898085299e-08
2x0.7x0.7,96,48,140,-0.463541666667,-0.445167361746,0.766129978072,0.0052425,1.1756030512,0.158255934715,-6.35898085299e-08
2x0.7x0.7,96,48,141,-0.473958333333,0.840489543811,-0.262565848899,0.005235,1.17026950986,0.158255934715,-6.35898085299e-08
2x0.7x0.7,96,48,142,-0.484375,-0.791963571178,-0.371718389782,0.005235,1.18952933724,0.158255934715,-6.35898085299e-08
2x0.7x0.7,96,48,143,-0.494791666667,0.330651685357,0.803648349446,0.00524,1.19343694717,0.158255934715,-6.35898085299e-08
2x0.7x0.7,96,48,144,-0.505208333333,0.296974786917,-0.810290389839,0.005245,1.18603856591,0.158255934715,-6.35898085299e-08
2x0.7x0.7,96,48,145,-0.515625,-0.760832843947,0.394035839672,0.00525,1.2040365116,0.158255934715,-6.35898085299e-08
2x0.7x0.7,96,48,146,-0.526041666667,0.821046080035,0.221728436132,0.0052325,1.19113152335,0.158255934715,-6.35898085299e-08
2x0.7x0.7,96,48,147,-0.536458333333,-0.452138867822,-0.712588872213,0.0052475,1.21218138535,0.158255934715,-6.35898085299e-08
2x0.7x0.7,96,48,148,-0.546875,-0.146776923158,0.824247698937,0.00524,1.18784861297,0.158255934715,-6.35898085299e-08
2x0.7x0.7,96,48,149,-0.557291666667,0.659521393673,-0.504437835171,0.0052325,1.21841958492,0.158255934715,-6.35898085299e-08
2x0.7x0.7,96,48,150,-0.567708333333,-0.819994226452,-0.0729158202926,0.0052375,1.18214925929,0.158255934715,-6.35898085299e-08
2x0.7x0.7,96,48,151,-0.578125,0.550471860921,0.602289145435,0.0052325,1.22382499897,0.158255934715,-6.35898085299e-08
2x0.7x0.7,96,48,152,-0.588541666667,0.000931038014913,-0.808466350422,0.005225,1.18313544662,0.158255934715,-6.35898085299e-08
2x0.7x0.7,96,48,153,-0.598958333333,-0.541598879655,0.589847072119,0.00523,1.23194060204,0.158255934715,-6.35898085299e-08
2x0.7x0.7,96,48,154,-0.609375,0.789925544007,-0.0684086566171,0.005215,1.19923160059,0.158255934715,-6.35898085299e-08
2x0.7x0.7,96,48,155,-0.619791666667,-0.622240912109,-0.47819926519,0.005215,1.24653731275,0.158255934715,-6.35898085299e-08
2x0.7x0.7,96,48,156,-0.630208333333,0.134358847893,0.764712466611,0.00521,1.22047468757,0.158255934715,-6.35898085299e-08
2x0.7x0.7,96,48,157,-0.640625,0.412874559906,-0.647405751563,0.0051975,1.25847773369,0.158255934715,-6.35898085299e-08
2x0.7x0.7,96,48,158,-0.651041666667,-0.73324473465,0.196206287799,0.0051875,1.24479190589,0.158255934715,-6.35898085299e-08
2x0.7x0.7,96,48,159,-0.661458333333,0.665171752321,0.34643818089,0.0051675,1.26530799159,0.158255934715,-6.35898085299e-08
2x0.7x0.7,96,48,160,-0.671875,-0.253275186776,-0.696014126393,0.005145,1.26095780125,0.158255934715,-6.35898085299e-08
2x0.7x0.7,96,48,161,-0.682291666667,-0.279726327956,0.675448934447,0.0051325,1.26708422254,0.158255934715,-6.35898085299e-08
2x0.7x0.7,96,48,162,-0.692708333333,0.653583307642,-0.30493282031,0.0051275,1.27031678316,0.158255934715,-6.35898085299e-08
2x0.7x0.7,96,48,163,-0.703125,-0.678228393358,-0.213591855692,0.00511,1.26444916043,0.158255934715,-6.35898085299e-08
2x0.7x0.7,96,48,164,-0.713541666667,0.350594254188,0.606582194645,0.0051,1.27649168123,0.158255934715,-6.35898085299e-08
2x0.7x0.7,96,48,165,-0.723958333333,0.148898648324,-0.673582603787,0.0051275,1.25079410318,0.158255934715,-6.35898085299e-08
2x0.7x0.7,96,48,166,-0.734375,-0.555704111595,0.389725928996,0.0051175,1.27743655279,0.158255934715,-6.35898085299e-08
2x0.7x0.7,96,48,167,-0.744791666667,0.661664725655,0.0865168427988,0.00515,1.24778796318,0.158255934715,-6.35898085299e-08
2x0.7x0.7,96,48,168,-0.755208333333,-0.421847741447,-0.501701959633,0.005165,1.27740223887,0.158255934715,-6.35898085299e-08
2x0.7x0.7,96,48,169,-0.765625,-0.0273193919723,0.642706783998,0.005205,1.23476947009,0.158255934715,-6.35898085299e-08
2x0.7x0.7,96,48,170,-0.776041666667,0.445384705447,-0.446533084722,0.00522,1.28077265686,0.158255934715,-6.35898085299e-08
2x0.7x0.7,96,48,171,-0.786458333333,-0.617016512538,0.0278192952142,0.0052425,1.2383741896,0.158255934715,-6.35898085299e-08
2x0.7x0.7,96,48,172,-0.796875,0.463406001299,0.387614644118,0.00528,1.27826785669,0.158255934715,-6.35898085299e-08
2x0.7x0.7,96,48,173,-0.807291666667,-0.0780214718032,-0.584972490694,0.0052975,1.25096385148,0.158255934715,-6.35898085299e-08
2x0.7x0.7,96,48,174,-0.817708333333,-0.329306139322,0.472134036267,0.005325,1.27947053159,0.158255934715,-6.35898085299e-08
2x0.7x0.7,96,48,175,-0.828125,0.547016886404,-0.122398980239,0.005335,1.25682968566,0.158255934715,-6.35898085299e-08
2x0.7x0.7,96,48,176,-0.838541666667,-0.472414291704,-0.271426988816,0.0053075,1.27340645704,0.158255934715,-6.35898085299e-08
2x0.7x0.7,96,48,177,-0.848958333333,0.16003751995,0.503644458395,0.00524,1.2651009998,0.158255934715,-6.35898085299e-08
2x0.7x0.7,96,48,178,-0.859375,0.215004411687,-0.463947962955,0.0051725,1.26776959787,0.158255934715,-6.35898085299e-08
2x0.7x0.7,96,48,179,-0.869791666667,-0.45538501913,0.189965630969,0.005135,1.2590877984,0.158255934715,-6.35898085299e-08
2x0.7x0.7,96,48,180,-0.880208333333,0.446393755041,0.16113939739,0.0051125,1.25221088635,0.158255934715,-6.35898085299e-08
2x0.7x0.7,96,48,181,-0.890625,-0.211094643681,-0.402773088456,0.005145,1.25550352621,0.158255934715,-6.35898085299e-08
2x0.7x0.7,96,48,182,-0.901041666667,-0.111037088154,0.419278761667,0.0052375,1.22770658553,0.158255934715,-6.35898085299e-08
2x0.7x0.7,96,48,183,-0.911458333333,0.346289232829,-0.222097892435,0.005345,1.23681313766,0.158255934715,-6.35898085299e-08
2x0.7x0.7,96,48,184,-0.921875,-0.381812943416,-0.0660708756964,0.00521,1.22161298507,0.158255934715,-6.35898085299e-08
2x0.7x0.7,96,48,185,-0.932291666667,0.221145062214,0.286229121024,0.0051275,1.21918397319,0.158255934715,-6.35898085299e-08
2x0.7x0.7,96,48,186,-0.942708333333,0.0279280699829,-0.332447020096,0.005195,1.1888729879,0.158255934715,-6.35898085299e-08
2x0.7x0.7,96,48,187,-0.953125,-0.222347496653,0.205217750468,0.005475,1.19937696936,0.158255934715,-6.35898085299e-08
2x0.7x0.7,96,48,188,-0.963541666667,0.267556465781,-0.000997103797653,0.004935,1.17935637184,0.158255934715,-6.35898085299e-08
2x0.7x0.7,96,48,189,-0.973958333333,-0.167751073382,-0.152527841097,0.005395,1.14353511545,0.158255934715,-6.35898085299e-08
2x0.7x0.7,96,48,190,-0.984375,0.0160479338162,0.175351997979,0.0052575,1.10591729878,0.158255934715,-6.35898085299e-08
2x0.7x0.7,96,48,191,-0.994791666667,0.0617157356321,-0.0811215625216,0.0049075,1.05625133504,0.158255934715,-6.35898085299e-08
