case_id,grid,shape,spacing,anisotropy,rho_target,rho_in,rho_eff,r_in,stencil_m,n_directions,n_orbits,apriori_bound,n_voxels,area_true,area_v3,area_rel_err,area_E0,area_E0_rel_err,volume_true,volume_est,volume_rel_err,sphericity_true,sphericity_v3,sphericity_rel_err
confirm2-0000-sphere-rho4-sp1.2x1x1-offset0,confirm2,sphere,1.2x1x1,1.2,4.0,3.6094013046179527,4.003316758058849,4.331281565541543,2,49,12,0.04748464252465051,387,289.52917895483534,282.5868598733278,-0.023977960033487733,310.71558090982353,0.0731753601881111,463.2466863277364,464.4,0.0024896317800049417,0.9999999999999996,1.0262668521492024,0.02626685214920288
confirm2-0001-sphere-rho4-sp1.2x1x1-offset1,confirm2,sphere,1.2x1x1,1.2,4.0,3.72677996249965,3.996408518693376,4.47213595499958,2,49,12,0.04563944304719893,385,289.52917895483534,282.06836069566003,-0.025768795691363255,310.93666985767345,0.07393897561591722,463.2466863277364,462.0,-0.0026911931904342046,0.9999999999999996,1.024607979197492,0.02460797919749247
confirm2-0002-ellipsoid-rho4-sp1.2x1x1-rot0,confirm2,ellipsoid,1.2x1x1,1.2,4.0,3.72677996249965,6.0549397384914645,4.47213595499958,2,49,12,0.04563944304719893,1339,740.4538203594967,726.3477641718657,-0.019050554943159548,795.6032968122686,0.07448064273069233,1621.3634021470777,1606.8,-0.00898219494025354,0.9013768296955864,0.9133713871379925,0.013306928963835007
confirm2-0003-ellipsoid-rho4-sp1.2x1x1-rot1,confirm2,ellipsoid,1.2x1x1,1.2,4.0,4.166666666666667,6.075969219226258,5.0,2,49,12,0.0400562265638132,1353,740.4538203594967,728.1403801912325,-0.016629585572650596,797.0019569135936,0.07636956552758734,1621.3634021470777,1623.6,0.001379455000624974,0.9013768296955864,0.9174626012522978,0.017845778842733306
confirm2-0004-cylinder-rho4-sp1.2x1x1-rot0,confirm2,cylinder,1.2x1x1,1.2,4.0,3.72677996249965,4.753804325661813,4.47213595499958,2,49,12,0.04563944304719893,648,463.2466863277366,430.64444083786896,-0.0703777198026243,473.3998104010115,0.02191731613616299,764.3570324407654,777.6,0.017325630558989946,0.8727087161424514,0.9495899591456098,0.08809496408261985
confirm2-0005-cylinder-rho4-sp1.2x1x1-rot1,confirm2,cylinder,1.2x1x1,1.2,4.0,3.8873012632302,4.7366247074206465,4.66476151587624,2,49,12,0.04338152461641795,641,463.2466863277366,429.01813334463833,-0.0738883924986834,487.4601723603521,0.05226909710798222,764.3570324407654,769.1999999999999,0.006336001833815663,0.8727087161424514,0.9463126796938448,0.08433966819620853
confirm2-0006-box-rho4-sp1.2x1x1-rot0,confirm2,box,1.2x1x1,1.2,4.0,4.166666666666667,5.6708373954830344,5.0,2,49,12,0.0400562265638132,1100,705.9456,651.101348485468,-0.07768906203896175,686.1446947238414,-0.028048769304828247,1265.17248,1320.0,0.04333600427350426,0.8013324191666676,0.8937543127717626,0.11533527334537097
confirm2-0007-box-rho4-sp1.2x1x1-rot1,confirm2,box,1.2x1x1,1.2,4.0,4.166666666666667,5.595960349815735,5.0,2,49,12,0.0400562265638132,1057,705.9456,635.0631933418153,-0.10040774623169924,720.998462630489,0.021322978187680475,1265.17248,1268.3999999999999,0.002551051379176217,0.8013324191666676,0.8922872154602566,0.1135044509844938
confirm2-0008-capsule-rho4-sp1.2x1x1-rot0,confirm2,capsule,1.2x1x1,1.2,4.0,3.5355339059327373,6.548685010750203,4.242640687119285,2,49,12,0.048741229982413245,1694,940.9698316032147,929.2641284261911,-0.012440040885348669,990.309702872106,0.05243512556064256,2026.704252683847,2032.8,0.003007714277048823,0.8230672927423685,0.8351055816178392,0.01462612957849485
confirm2-0009-capsule-rho4-sp1.2x1x1-rot1,confirm2,capsule,1.2x1x1,1.2,4.0,3.975620147292188,6.547396153206437,4.770744176750625,2,49,12,0.04225418876465398,1693,940.9698316032147,928.7980462343096,-0.012935361963907988,1009.5653683841675,0.07289876303906628,2026.704252683847,2031.6,0.0024156199947129586,0.8230672927423685,0.8351957981720607,0.01473573975863074
confirm2-0010-torus-rho4-sp1.2x1x1-rot0,confirm2,torus,1.2x1x1,1.2,4.0,4.0,9.213081753499134,4.8,2,49,12,0.04195607106163196,4717,2364.9151281714276,2342.4174912385533,-0.009513084281493667,2573.803132537504,0.08832790736451956,5675.796307611426,5660.4,-0.0027126251149603986,0.6506584872679025,0.6557192050115704,0.007777840207568332
confirm2-0011-torus-rho4-sp1.2x1x1-rot1,confirm2,torus,1.2x1x1,1.2,4.0,3.993049516903646,9.233220411172542,4.791659420284375,2,49,12,0.04204050559275169,4748,2364.9151281714276,2340.8485636568807,-0.010176502415608968,2593.2687482785186,0.09655890707742065,5675.796307611426,5697.599999999999,0.0038415212961984135,0.6506584872679025,0.6590303922034804,0.012866818921752898
confirm2-0012-sphere-rho6.5-sp1.2x1x1-offset0,confirm2,sphere,1.2x1x1,1.2,6.5,6.148622248565573,6.513706204162772,7.378346698278687,2,49,12,0.027979085250743684,1667,764.5379881776121,759.8069436806863,-0.006188109119604213,834.9347982485438,0.09207758301027358,1987.798769261791,2000.3999999999999,0.006339288932595721,0.9999999999999994,1.0104746674848397,0.010474667484840383
confirm2-0013-sphere-rho6.5-sp1.2x1x1-offset1,confirm2,sphere,1.2x1x1,1.2,6.5,5.937171043518958,6.501962717987846,7.12460525222275,2,49,12,0.02872260508138478,1658,764.5379881776121,757.0526777518534,-0.00979063243619982,828.6735401353171,0.08388798588096513,1987.798769261791,1989.6,0.0009061434014661085,0.9999999999999994,1.0104974131547546,0.010497413154755275
confirm2-0014-ellipsoid-rho6.5-sp1.2x1x1-rot0,confirm2,ellipsoid,1.2x1x1,1.2,6.5,6.666666666666667,9.868490627608967,8.0,2,49,12,0.02644713638556046,5797,1955.2608693867958,1943.6370976785183,-0.0059448700121139675,2106.881324051724,0.0775448724202612,6957.295692416269,6956.4,-0.00012874146160635203,0.9013768296955864,0.9066896169023285,0.005894080069194008
confirm2-0015-ellipsoid-rho6.5-sp1.2x1x1-rot1,confirm2,ellipsoid,1.2x1x1,1.2,6.5,6.584915421712804,9.870192678458105,7.901898506055364,2,49,12,0.026665091064904677,5800,1955.2608693867958,1941.218081110241,-0.0071820535542956865,2117.2348972020986,0.08284011118480605,6957.295692416269,6960.0,0.00038870096992993375,0.9013768296955864,0.9081326492528973,0.007495000242675909
confirm2-0016-cylinder-rho6.5-sp1.2x1x1-rot0,confirm2,cylinder,1.2x1x1,1.2,6.5,6.066758241067099,7.829472244753357,7.280109889280518,2,49,12,0.028257731353639563,2895,1223.2607810841791,1209.7479069326644,-0.011046601313857485,1295.2906150485371,0.05888346547047618,3279.867969281956,3474.0,0.059188977280858035,0.8727087161424516,0.9169432429913882,0.05068647308171981
confirm2-0017-cylinder-rho6.5-sp1.2x1x1-rot1,confirm2,cylinder,1.2x1x1,1.2,6.5,6.236095644623235,7.681554855398105,7.483314773547883,2,49,12,0.027693390064887635,2734,1223.2607810841791,1165.7863673458833,-0.04698459611151451,1317.8893899403442,0.0773576741112354,3279.867969281956,3280.7999999999997,0.0002841671453768235,0.8727087161424516,0.9159075864336763,0.049499758043179076
confirm2-0018-box-rho6.5-sp1.2x1x1-rot0,confirm2,box,1.2x1x1,1.2,6.5,6.666666666666667,8.778150461215848,8.0,2,49,12,0.02644713638556046,4080,1864.1376,1613.7848863500337,-0.13429948178179885,1674.6044559166703,-0.10167336578765951,5428.87488,4896.0,-0.0981556753063354,0.8013324191666678,0.8640378218172778,0.07825142369232929
confirm2-0019-box-rho6.5-sp1.2x1x1-rot1,confirm2,box,1.2x1x1,1.2,6.5,6.584915421712804,9.083665541378924,7.901898506055364,2,49,12,0.026665091064904677,4521,1864.1376,1739.1695433227048,-0.06703800013330308,1935.6921462824125,0.03838479856981181,5428.87488,5425.2,-0.0006769137401819725,0.8013324191666678,0.8585245235293936,0.07137125991009041
confirm2-0020-capsule-rho6.5-sp1.2x1x1-rot0,confirm2,capsule,1.2x1x1,1.2,6.5,6.3464775882199245,10.58865644113722,7.615773105863909,2,49,12,0.027349595946452553,7161,2484.748461577239,2459.9281541332202,-0.00998906240523989,2636.580648841128,0.061105657015885884,8696.619615520338,8593.199999999999,-0.011891932738528954,0.8230672927423686,0.8247677064560187,0.0020659473759241376
confirm2-0021-capsule-rho6.5-sp1.2x1x1-rot1,confirm2,capsule,1.2x1x1,1.2,6.5,6.508541396588878,10.633320348685807,7.810249675906654,2,49,12,0.026876174537459982,7252,2484.748461577239,2471.589897735964,-0.0052957327652082276,2684.0341241250667,0.08020355606592355,8696.619615520338,8702.4,0.0006646702667489901,0.8230672927423686,0.8278158561430173,0.005769350140043983
confirm2-0022-torus-rho6.5-sp1.2x1x1-rot0,confirm2,torus,1.2x1x1,1.2,6.5,6.457123542603505,15.009935592154443,7.748548251124206,2,49,12,0.02702252199500332,20398,6244.8540103276755,6220.131314244184,-0.003958890959277039,6806.3991481928415,0.08992125947804208,24354.930640277933,24477.6,0.005036736155560995,0.6506584872679024,0.6554362547357581,0.0073429726367166825
confirm2-0023-torus-rho6.5-sp1.2x1x1-rot1,confirm2,torus,1.2x1x1,1.2,6.5,6.508541396588878,14.990533052130761,7.810249675906654,2,49,12,0.026876174537459982,20319,6244.8540103276755,6214.697387689815,-0.004829035648869939,6853.221493967501,0.09741900813593296,24354.930640277933,24382.8,0.0011443005169546883,0.6506584872679024,0.6543144664302473,0.005618891067872278
confirm2-0024-sphere-rho7.5-sp1.2x1x1-offset0,confirm2,sphere,1.2x1x1,1.2,7.5,6.871842709362768,7.503250412082232,8.246211251235321,2,49,12,0.025933973105837508,2548,1017.8760197630929,1010.4115310538803,-0.007333396763733568,1102.4004758344686,0.08304003083897027,3053.6280592892786,3057.6,0.0013007283904922229,0.9999999999999996,1.0082609419090558,0.00826094190905624
confirm2-0025-sphere-rho7.5-sp1.2x1x1-offset1,confirm2,sphere,1.2x1x1,1.2,7.5,7.071067811865475,7.498339263662412,8.48528137423857,2,49,12,0.025477827968305996,2543,1017.8760197630929,1010.2782204223003,-0.007464366183379645,1103.3343487564089,0.08395750301024485,3053.6280592892786,3051.6,-0.0006641474501484224,0.9999999999999996,1.0070743577889865,0.007074357788986907
confirm2-0026-ellipsoid-rho7.5-sp1.2x1x1-rot0,confirm2,ellipsoid,1.2x1x1,1.2,7.5,7.5,11.378928265966161,9.0,3,145,29,0.023736944350968445,8887,2603.1579622013555,2585.6092590974217,-0.006741313189113529,2807.7190790313757,0.07858190697618417,10687.698207512474,10664.4,-0.0021799088129282884,0.9013768296955863,0.9061752180592905,0.005323398833454229
confirm2-0027-ellipsoid-rho7.5-sp1.2x1x1-rot1,confirm2,ellipsoid,1.2x1x1,1.2,7.5,7.681145747868609,11.383194671174886,9.21737489744233,3,145,29,0.023026200049311416,8897,2603.1579622013555,2581.286787723872,-0.008401785368025938,2814.6734855230216,0.08125343386491934,10687.698207512474,10676.4,-0.001057122618276507,0.9013768296955863,0.9083734324451018,0.007762128467267537
confirm2-0028-cylinder-rho7.5-sp1.2x1x1-rot0,confirm2,cylinder,1.2x1x1,1.2,7.5,7.4535599249993,8.957345653854947,8.94427190999916,3,145,29,0.023927553050049188,4335,1628.6016316209489,1559.826798985783,-0.04222937721529496,1691.4678376114562,0.0386013404198402,5038.48629782731,5202.0,0.03245294171846802,0.8727087161424514,0.9307962940641223,0.0665600982862069
confirm2-0029-cylinder-rho7.5-sp1.2x1x1-rot1,confirm2,cylinder,1.2x1x1,1.2,7.5,7.357913351548038,8.864787215773587,8.829496021857645,3,145,29,0.024331557429681093,4202,1628.6016316209489,1534.0829748873803,-0.0580366953454996,1744.3834752430805,0.07109279603686369,5038.48629782731,5042.4,0.0007767614996545547,0.8727087161424514,0.9269581709775193,0.062162155403765684
confirm2-0030-box-rho7.5-sp1.2x1x1-rot0,confirm2,box,1.2x1x1,1.2,7.5,7.5,10.428015469997234,9.0,3,145,29,0.023736944350968445,6840,2481.84,2236.8870821731575,-0.09869811020325348,2376.7313927879322,-0.042351081138215174,8339.76,8208.0,-0.01579901579901577,0.8013324191666675,0.8796939965641267,0.09778910165515331
confirm2-0031-box-rho7.5-sp1.2x1x1-rot1,confirm2,box,1.2x1x1,1.2,7.5,7.681145747868609,10.485629984346987,9.21737489744233,3,145,29,0.023026200049311416,6954,2481.84,2282.493460486661,-0.08032207536075608,2602.1452623146884,0.04847422167210147,8339.76,8344.8,0.0006043339376671231,0.8013324191666675,0.8716695415111435,0.08777521121337117
confirm2-0032-capsule-rho7.5-sp1.2x1x1-rot0,confirm2,capsule,1.2x1x1,1.2,7.5,7.120003121097942,12.269062057433933,8.54400374531753,2,49,12,0.0253716023883329,11140,3308.0970642300517,3298.2611824281694,-0.0029732748498332295,3545.7931798902255,0.071852823857663,13359.622759390593,13368.0,0.0006270566737012206,0.8230672927423685,0.8258668591810777,0.003401382199724523
confirm2-0033-capsule-rho7.5-sp1.2x1x1-rot1,confirm2,capsule,1.2x1x1,1.2,7.5,7.5,12.261347743498366,9.0,3,145,29,0.023736944350968445,11119,3308.0970642300517,3280.776886162357,-0.008258578130340699,3566.123662016742,0.0779984966513505,13359.622759390593,13342.8,-0.0012592241333139187,0.8230672927423685,0.829224411441399,0.007480699030714355
confirm2-0034-torus-rho7.5-sp1.2x1x1-rot0,confirm2,torus,1.2x1x1,1.2,7.5,7.304869000270375,17.29459688851826,8.76584280032445,3,145,29,0.024562485411016247,31202,8314.154747477676,8275.954162611375,-0.00459464443789559,9066.966334229593,0.09054577520105744,37413.69636364954,37442.4,0.0007671959506878601,0.6506584872679025,0.6539961127028674,0.005129611770653186
confirm2-0035-torus-rho7.5-sp1.2x1x1-rot1,confirm2,torus,1.2x1x1,1.2,7.5,7.49258893099634,17.29090090890269,8.991106717195608,3,145,29,0.023767124847606663,31182,8314.154747477676,8266.508359940313,-0.00573075543870738,9108.009208037689,0.0954822810822531,37413.69636364954,37418.4,0.00012571963766272454,0.6506584872679025,0.6544635906061165,0.005848080694669022
confirm2-0036-sphere-rho8.5-sp1.2x1x1-offset0,confirm2,sphere,1.2x1x1,1.2,8.5,7.986099033807292,8.496698494059938,9.58331884056875,3,145,29,0.021937120049543957,3700,1307.405198717928,1292.0321130976292,-0.011758470622094785,1415.6922708038815,0.08282594576810798,4445.177675640955,4440.0,-0.0011647848564813046,0.9999999999999997,1.0111124621186245,0.011112462118624933
confirm2-0037-sphere-rho8.5-sp1.2x1x1-offset1,confirm2,sphere,1.2x1x1,1.2,8.5,8.333333333333334,8.496698494059938,10.0,3,145,29,0.020839692124941068,3700,1307.405198717928,1292.6794335692916,-0.011263352144443628,1423.9906557820452,0.08917316313140233,4445.177675640955,4440.0,-0.0011647848564813046,0.9999999999999997,1.0106061387573289,0.010606138757329298
confirm2-0038-ellipsoid-rho8.5-sp1.2x1x1-rot0,confirm2,ellipsoid,1.2x1x1,1.2,8.5,8.333333333333334,12.903810207421492,10.0,3,145,29,0.020839692124941068,12960,3343.6117825608517,3327.75946990043,-0.0047410745299745205,3613.049484735009,0.08058283069208372,15558.121864743343,15552.0,-0.00039348353204615716,0.9013768296955863,0.9054330886490135,0.0045000701369226626
confirm2-0039-ellipsoid-rho8.5-sp1.2x1x1-rot1,confirm2,ellipsoid,1.2x1x1,1.2,8.5,8.488554385497896,12.901818571302899,10.186265262597475,3,145,29,0.020392107040962403,12954,3343.6117825608517,3324.9196738624746,-0.005590394433907853,3617.785173425953,0.08199916996796608,15558.121864743343,15544.8,-0.0008562643267072678,0.9013768296955863,0.90592669926424,0.0050476886234032126
confirm2-0040-cylinder-rho8.5-sp1.2x1x1-rot0,confirm2,cylinder,1.2x1x1,1.2,8.5,8.207381501496753,9.908616073797806,9.848857801796104,3,145,29,0.021221695538356507,5868,2091.8483179486852,1915.5391409502306,-0.08428392034244025,2060.6980472271166,-0.014891266471995124,7334.543164807576,7041.599999999999,-0.039940205984903,0.8727087161424515,0.9274859258245294,0.06276688735756442
confirm2-0041-cylinder-rho8.5-sp1.2x1x1-rot1,confirm2,cylinder,1.2x1x1,1.2,8.5,8.491826135237998,10.042997847594329,10.190191362285598,3,145,29,0.02038293611752908,6110,2091.8483179486852,1982.6912005891359,-0.05218213788397019,2249.279495054927,0.0752593654881355,7334.543164807576,7332.0,-0.00034673799723194954,0.8727087161424515,0.9205428650110118,0.05481112768071905
confirm2-0042-box-rho8.5-sp1.2x1x1-rot0,confirm2,box,1.2x1x1,1.2,8.5,9.166666666666668,12.077384792401464,11.0,4,289,52,0.01866179592527928,10626,3187.7856,3020.6105776001423,-0.05244236701485128,3201.2583296591947,0.0042263600347509644,12140.219519999999,12751.199999999999,0.05032697135282116,0.8013324191666675,0.8738229041910109,0.09046243892107686
confirm2-0043-box-rho8.5-sp1.2x1x1-rot1,confirm2,box,1.2x1x1,1.2,8.5,8.488554385497896,11.880596929196983,10.186265262597475,3,145,29,0.020392107040962403,10115,3187.7856,2962.0199455455536,-0.07082209495345193,3353.8011249056035,0.052078635685412156,12140.219519999999,12138.0,-0.0001828237122353249,0.8013324191666675,0.8623049939740729,0.07608899047265894
confirm2-0044-capsule-rho8.5-sp1.2x1x1-rot0,confirm2,capsule,1.2x1x1,1.2,8.5,8.207381501496753,13.860338182990786,9.848857801796104,3,145,29,0.021221695538356507,16061,4249.066895833266,4203.849848775053,-0.010641641604314134,4469.687911726674,0.05192222699759186,19447.652330929177,19273.2,-0.00897035425976489,0.8230672927423685,0.8269377426535964,0.004702470800816316
confirm2-0045-capsule-rho8.5-sp1.2x1x1-rot1,confirm2,capsule,1.2x1x1,1.2,8.5,8.459051693633013,13.904211194509202,10.150862032359615,3,145,29,0.020475286177257503,16214,4249.066895833266,4227.379686783568,-0.005103993319324984,4584.241109495453,0.07888183967893436,19447.652330929177,19456.8,0.0004703739513212124,0.8230672927423685,0.8275491775963667,0.005445344376478811
confirm2-0046-torus-rho8.5-sp1.2x1x1-rot0,confirm2,torus,1.2x1x1,1.2,8.5,8.374896350934076,19.60760808086338,10.04987562112089,3,145,29,0.020717400603154607,45470,10679.069875649102,10643.895066668441,-0.0032938082988732686,11654.444957469766,0.09133520926244332,54463.25636581042,54564.0,0.0018497541445725574,0.6506584872679025,0.6536134897984792,0.004541556881836106
confirm2-0047-torus-rho8.5-sp1.2x1x1-rot1,confirm2,torus,1.2x1x1,1.2,8.5,8.498365855987975,19.59682162908771,10.198039027185569,3,145,29,0.020364636598001355,45395,10679.069875649102,10633.848807296494,-0.004234551218334381,11703.069303569548,0.09588844720038914,54463.25636581042,54474.0,0.00019726389691832047,0.6506584872679025,0.6535113794822719,0.004384623070619709
confirm2-0048-sphere-rho9.5-sp1.2x1x1-offset0,confirm2,sphere,1.2x1x1,1.2,9.5,8.914719413544221,9.484934925543866,10.697663296253065,3,145,29,0.01928119118965406,5147,1633.1255250421182,1614.5968519370115,-0.011345529061294157,1766.8562630923386,0.08188638044021235,6205.876995160049,6176.4,-0.004749851662067761,0.9999999999999994,1.0082702798929324,0.008270279892933052
confirm2-0049-sphere-rho9.5-sp1.2x1x1-offset1,confirm2,sphere,1.2x1x1,1.2,9.5,9.130230616534892,9.504550952311915,10.95627673984187,4,289,52,0.018771711173015775,5179,1633.1255250421182,1615.2858077550554,-0.010923665703285512,1781.0229238872244,0.09056094989470687,6205.876995160049,6214.8,0.0014378314051197716,0.9999999999999994,1.0120132187996485,0.012013218799649117
confirm2-0050-ellipsoid-rho9.5-sp1.2x1x1-rot0,confirm2,ellipsoid,1.2x1x1,1.2,9.5,9.258629608220767,14.42154621037611,11.11035552986492,4,289,52,0.018390122843000553,18092,4176.622330465287,4149.136998783371,-0.0065807558134789446,4513.639200776101,0.08069124848864884,21720.569483060168,21710.399999999998,-0.0004681959682549808,0.9013768296955862,0.9070646312503426,0.006310126206236388
confirm2-0051-ellipsoid-rho9.5-sp1.2x1x1-rot1,confirm2,ellipsoid,1.2x1x1,1.2,9.5,9.553940431977676,14.421014775574053,11.46472851837321,4,289,52,0.017570140330111172,18090,4176.622330465287,4146.751203252564,-0.007151981876559854,4517.621925132218,0.08164482389982886,21720.569483060168,21708.0,-0.0005786903087403594,0.9013768296955862,0.9075196146266663,0.006814891096273978
confirm2-0052-cylinder-rho9.5-sp1.2x1x1-rot0,confirm2,cylinder,1.2x1x1,1.2,9.5,8.975274678557506,11.167159732240362,10.770329614269007,3,145,29,0.019136044717984864,8400,2613.000840067389,2455.7933949622206,-0.06016356470100259,2646.8001608485165,0.012935059286186767,10239.697042014082,10080.0,-0.015595875674723203,0.8727087161424516,0.9188952056559491,0.05292314452598923
confirm2-0053-cylinder-rho9.5-sp1.2x1x1-rot1,confirm2,cylinder,1.2x1x1,1.2,9.5,9.273618495495704,11.225789166801151,11.128342194594843,4,289,52,0.01834660762114406,8533,2613.000840067389,2475.196857064553,-0.052737825755648116,2818.544500451275,0.07866191898299757,10239.697042014082,10239.6,-9.477039572880486e-06,0.8727087161424516,0.92129003571078,0.05566727897833723
confirm2-0054-box-rho9.5-sp1.2x1x1-rot0,confirm2,box,1.2x1x1,1.2,9.5,10.0,13.176781011354212,12.0,4,289,52,0.0164665759760558,13800,3981.9744,3619.7587127420434,-0.09096384126878276,3818.9429542400367,-0.04094236410961438,16948.863360000003,16560.0,-0.022943329693585035,0.8013324191666676,0.8679833424211183,0.08317512390645976
confirm2-0055-box-rho9.5-sp1.2x1x1-rot1,confirm2,box,1.2x1x1,1.2,9.5,9.637888196533975,13.280360418822113,11.565465835840769,4,289,52,0.01735069201967898,14128,3981.9744,3702.3267910490963,-0.07022837940668425,4204.294315682075,0.05583157834517327,16948.863360000003,16953.6,0.00027946652819066387,0.8013324191666676,0.8620199751435377,0.07573330932995459
confirm2-0056-capsule-rho9.5-sp1.2x1x1-rot0,confirm2,capsule,1.2x1x1,1.2,9.5,9.316949906249125,15.555263868908828,11.180339887498949,4,289,52,0.018221988380669633,22703,5307.6579563868845,5288.823600204863,-0.003548524855366164,5689.248437805636,0.07189432411701868,27150.711853825214,27243.6,0.003421204816834278,0.8230672927423683,0.8278812356209214,0.005848784079991232
confirm2-0057-capsule-rho9.5-sp1.2x1x1-rot1,confirm2,capsule,1.2x1x1,1.2,9.5,9.5,15.53720026533623,11.399999999999999,4,289,52,0.017714226577089834,22624,5307.6579563868845,5276.507929263484,-0.0058688836732436744,5735.6346982274235,0.08063382104823469,27150.711853825214,27148.8,-7.041634250726236e-05,0.8230672927423683,0.8278874290455743,0.005856308889575557
confirm2-0058-torus-rho9.5-sp1.2x1x1-rot0,confirm2,torus,1.2x1x1,1.2,9.5,9.340770846134701,21.90030279132587,11.208925015361642,4,289,52,0.01815421797264956,63358,13339.59939484196,13284.851346842283,-0.004104174824084095,14552.18686780439,0.09090134096765334,76035.71655059917,76029.59999999999,-8.044312431920719e-05,0.6506584872679024,0.6533048701997269,0.004067238011351559
confirm2-0059-torus-rho9.5-sp1.2x1x1-rot1,confirm2,torus,1.2x1x1,1.2,9.5,9.529194905948538,21.90064844549963,11.435033887138244,4,289,52,0.017635937091492637,63361,13339.59939484196,13276.993764459867,-0.004693216679827805,14626.040598323885,0.09643776888677436,76035.71655059917,76033.2,-3.3096953817812746e-05,0.6506584872679024,0.6537121433812282,0.004693178023617239
confirm2-0060-sphere-rho11-sp1.2x1x1-offset0,confirm2,sphere,1.2x1x1,1.2,11.0,10.429658564774677,11.001642612005536,12.515590277729611,4,289,52,0.015534653095804117,8032,2189.564415845942,2171.260575931506,-0.008359580463571104,2385.518487235821,0.08949454511214805,9634.083429722145,9638.4,0.00044805199263042716,0.9999999999999993,1.0087312490699583,0.008731249069958924
confirm2-0061-sphere-rho11-sp1.2x1x1-offset1,confirm2,sphere,1.2x1x1,1.2,11.0,10.72510036213078,10.99753189698393,12.870120434556934,4,289,52,0.014957790101019126,8023,2189.564415845942,2170.66950566535,-0.008629529254243207,2389.5766578171842,0.09134795967807463,9634.083429722145,9627.6,-0.0006729679859468485,0.9999999999999993,1.008252044857066,0.008252044857066654
confirm2-0062-ellipsoid-rho11-sp1.2x1x1-rot0,confirm2,ellipsoid,1.2x1x1,1.2,11.0,10.833333333333334,16.69977113987894,13.0,4,289,52,0.014758178665430378,28092,5599.682016468693,5572.6429002668,-0.0048286877937659956,6061.014700694226,0.08238551454685306,33719.2920040275,33710.4,-0.00026370672392628247,0.9013768296955862,0.9055911736893557,0.004675451880866266
confirm2-0063-ellipsoid-rho11-sp1.2x1x1-rot1,confirm2,ellipsoid,1.2x1x1,1.2,11.0,11.022703842524301,16.705713696476117,13.22724461102916,4,289,52,0.014422967209584206,28122,5599.682016468693,5575.263753942032,-0.004360651632511758,6070.391910701178,0.0840601114220636,33719.2920040275,33746.4,0.0008039313509093926,0.9013768296955862,0.9058097826248679,0.004917979676467565
confirm2-0064-cylinder-rho11-sp1.2x1x1-rot0,confirm2,cylinder,1.2x1x1,1.2,11.0,10.833333333333334,12.959328206040647,13.0,4,289,52,0.014758178665430378,13128,3503.303065353508,3320.2511956713965,-0.052251222993646484,3547.5444360318243,0.012628473715519783,15896.23765904154,15753.599999999999,-0.008973045201070673,0.8727087161424514,0.9153061746413351,0.048810625711604105
confirm2-0065-cylinder-rho11-sp1.2x1x1-rot1,confirm2,cylinder,1.2x1x1,1.2,11.0,10.930334954713064,12.994441393739969,13.116401945655676,4,289,52,0.014584296310931565,13235,3503.303065353508,3337.9882432417044,-0.047188273189011753,3771.8144236652624,0.07664519834645245,15896.23765904154,15882.0,-0.0008956621904455675,0.8727087161424514,0.915382873986318,0.04889851224644004
confirm2-0066-box-rho11-sp1.2x1x1-rot0,confirm2,box,1.2x1x1,1.2,11.0,10.833333333333334,15.361704762483777,13.0,4,289,52,0.014758178665430378,21866,5338.713599999999,4986.481502507887,-0.06597696072179493,5224.182216081053,-0.02145299270576073,26311.633919999997,26239.2,-0.0027529236770407195,0.8013324191666678,0.8563611801877322,0.06867157711938154
confirm2-0067-box-rho11-sp1.2x1x1-rot1,confirm2,box,1.2x1x1,1.2,11.0,11.022703842524301,15.372937161888482,13.22724461102916,4,289,52,0.014422967209584206,21914,5338.713599999999,5003.700901220103,-0.0627515772301207,5637.677223556607,0.055999187436577946,26311.633919999997,26296.8,-0.0005637779867680992,0.8013324191666678,0.854662636941999,0.06655192838796054
confirm2-0068-capsule-rho11-sp1.2x1x1-rot0,confirm2,capsule,1.2x1x1,1.2,11.0,10.833333333333334,17.987746109577074,13.0,4,289,52,0.014758178665430378,35106,7116.084351499312,7084.3905503749265,-0.004453825946808543,7558.7409926814,0.06220508629704802,42149.115005034386,42127.2,-0.000519939861887253,0.8230672927423685,0.8264628928938771,0.004125543781717811
confirm2-0069-capsule-rho11-sp1.2x1x1-rot1,confirm2,capsule,1.2x1x1,1.2,11.0,10.960788698304922,17.991673527901064,13.152946437965905,4,289,52,0.014530655694119338,35129,7116.084351499312,7088.6173483726,-0.003859847884029821,7693.26393988131,0.08110915496109738,42149.115005034386,42154.799999999996,0.00013487815734514186,0.8230672927423685,0.8263308115129685,0.00396506919832329
confirm2-0070-torus-rho11-sp1.2x1x1-rot0,confirm2,torus,1.2x1x1,1.2,11.0,10.821788720498617,25.378100917406773,12.98614646459834,4,289,52,0.014779185144695754,98589,17884.67065679642,17840.18092856745,-0.0024875900195603373,19507.06331820802,0.09071414802905897,118038.82633485638,118306.79999999999,0.002270216279374182,0.6506584872679024,0.6532679348296488,0.004010471872430976
confirm2-0071-torus-rho11-sp1.2x1x1-rot1,confirm2,torus,1.2x1x1,1.2,11.0,10.997474457549082,25.359897336886768,13.196969349058897,4,289,52,0.014466628932383268,98377,17884.67065679642,17824.892050363815,-0.0033424493847131753,19597.630358691888,0.09577809593292774,118038.82633485638,118052.4,0.00011499322354424635,0.6506584872679024,0.6528906210444707,0.0034305765931694765
confirm2-0072-sphere-rho13-sp1.2x1x1-offset0,confirm2,sphere,1.2x1x1,1.2,13.0,12.562068124140849,12.998694572404087,15.074481748969017,4,289,52,0.012236162022339592,13248,3058.1519527104483,3038.9723938821726,-0.006271617344349667,3328.4215670056183,0.08837677737223926,15902.390154094328,15897.599999999999,-0.00030122227211837327,0.9999999999999994,1.0061091063908687,0.006109106390869368
confirm2-0073-sphere-rho13-sp1.2x1x1-offset1,confirm2,sphere,1.2x1x1,1.2,13.0,12.364824660660938,13.000656639539157,14.837789592793126,4,289,52,0.012471508730243256,13254,3058.1519527104483,3040.8063162534304,-0.00567193413710021,3334.9419256289916,0.09050890119218025,15902.390154094328,15904.8,0.00015153985547589066,0.9999999999999994,1.005805888774734,0.005805888774734758
confirm2-0074-ellipsoid-rho13-sp1.2x1x1-rot0,confirm2,ellipsoid,1.2x1x1,1.2,13.0,12.747548783981964,19.73570441429906,15.297058540778355,4,289,52,0.012024742968429699,46367,7821.043477547183,7797.669033791516,-0.0029886605058226934,8455.560067213737,0.08112940319129258,55658.36553933015,55640.4,-0.00032278237343230654,0.9013768296955864,0.9038842567376202,0.002781774458170405
confirm2-0075-ellipsoid-rho13-sp1.2x1x1-rot1,confirm2,ellipsoid,1.2x1x1,1.2,13.0,13.01814972345234,19.73513687641039,15.621779668142807,4,289,52,0.011732358091218975,46363,7821.043477547183,7795.111367633622,-0.003315684152377818,8466.225135255318,0.08249304067421903,55658.36553933015,55635.6,-0.0004090227786884837,0.9013768296955864,0.9041288294648623,0.0030531068456742805
confirm2-0076-cylinder-rho13-sp1.2x1x1-rot0,confirm2,cylinder,1.2x1x1,1.2,13.0,12.610621625351298,15.429318770965143,15.132745950421556,4,289,52,0.012179916173936288,22156,4893.043124336717,4748.308766596959,-0.029579620302115694,5076.651920930324,0.03752445909997926,26238.943754255648,26587.2,0.013272494846057636,0.8727087161424516,0.90724985526167,0.039579230137516186
confirm2-0077-cylinder-rho13-sp1.2x1x1-rot1,confirm2,cylinder,1.2x1x1,1.2,13.0,12.762793146051099,15.362407268761904,15.315351775261318,4,289,52,0.012007775529928537,21869,4893.043124336717,4708.227945159955,-0.03777100967239366,5301.8288492001975,0.08354427183163127,26238.943754255648,26242.8,0.00014696650065126882,0.8727087161424516,0.9070545876144089,0.03935548120084453
confirm2-0078-box-rho13-sp1.2x1x1-rot0,confirm2,box,1.2x1x1,1.2,13.0,13.333333333333334,18.111571811819807,16.0,4,289,52,0.011413990929881112,35836,7456.5504,6994.187391730972,-0.06200762865748588,7280.393777533156,-0.023624412498686298,43430.99904,43003.2,-0.009850085180080792,0.8013324191666676,0.848686661346064,0.05909437961918673
confirm2-0079-box-rho13-sp1.2x1x1-rot1,confirm2,box,1.2x1x1,1.2,13.0,13.116994913300667,18.16850304982047,15.7403938959608,4,289,52,0.011630040855514393,36175,7456.5504,7056.16696375674,-0.05369553141399808,7887.017439071322,0.05773005156262623,43430.99904,43410.0,-0.00048350349897918754,0.8013324191666676,0.846528920576175,0.05640168839856585
confirm2-0080-capsule-rho13-sp1.2x1x1-rot0,confirm2,capsule,1.2x1x1,1.2,13.0,12.936812246883354,21.278608421167885,15.524174696260024,4,289,52,0.011818317534050396,58114,9938.993846308957,9921.74295882929,-0.0017356774484845738,10594.443791783944,0.065947313743272,69572.9569241627,69736.8,0.0023549822097672646,0.8230672927423685,0.8257923010474725,0.003310796491529322
confirm2-0081-capsule-rho13-sp1.2x1x1-rot1,confirm2,capsule,1.2x1x1,1.2,13.0,12.962552903567175,21.261874282904685,15.555063484280609,4,289,52,0.011790939095123675,57977,9938.993846308957,9914.966080954544,-0.0024175249251549014,10745.367898518361,0.08113236255889911,69572.9569241627,69572.4,-8.004894248125893e-06,0.8230672927423685,0.825057497423457,0.0024180339792843064
confirm2-0082-torus-rho13-sp1.2x1x1-rot0,confirm2,torus,1.2x1x1,1.2,13.0,12.892719737209143,29.97067239001344,15.471263684650971,4,289,52,0.011865597079921174,162383,24979.416041310702,24933.236958046342,-0.0018486854611808878,27250.406895157303,0.09091448935759194,194839.44512222346,194859.6,0.00010344351865665402,0.6506584872679024,0.6519085312536631,0.0019211983094380436
confirm2-0083-torus-rho13-sp1.2x1x1-rot1,confirm2,torus,1.2x1x1,1.2,13.0,12.970050972229146,29.967595944301113,15.564061166674975,4,289,52,0.011782994593377925,162333,24979.416041310702,24920.746196236807,-0.0023487276474705165,27375.954686416695,0.09594053924810009,194839.44512222346,194799.6,-0.000204502338828072,0.6506584872679024,0.6521013853419039,0.0022175966382305123
confirm2-0084-sphere-rho15-sp1.2x1x1-offset0,confirm2,sphere,1.2x1x1,1.2,15.0,14.672347384715842,14.996432805011082,17.60681686165901,4,289,52,0.01028239814995443,20343,4071.5040790523717,4052.8935440498235,-0.004570923825988116,4435.906851935941,0.08950077558767489,24429.02447431423,24411.6,-0.0007132693461644468,0.9999999999999994,1.0041141598939716,0.004114159893972236
confirm2-0085-sphere-rho15-sp1.2x1x1-offset1,confirm2,sphere,1.2x1x1,1.2,15.0,14.624940645653538,15.00060898970564,17.549928774784245,4,289,52,0.01031723313692668,20360,4071.5040790523717,4054.8818372060473,-0.004082580177641182,4435.976376763709,0.08951785154447567,24429.02447431423,24432.0,0.00012180288610785794,0.9999999999999994,1.0041808491050457,0.004180849105046347
confirm2-0086-ellipsoid-rho15-sp1.2x1x1-rot0,confirm2,ellipsoid,1.2x1x1,1.2,15.0,15.0,22.77662027928125,18.0,4,289,52,0.010050594965040323,71272,10412.631848805422,10391.95817651377,-0.001985441585935277,11261.6648533396,0.08153875186047044,85501.5856600998,85526.4,0.0002902208153057195,0.9013768296955863,0.9033447583896614,0.002183247482342887
confirm2-0087-ellipsoid-rho15-sp1.2x1x1-rot1,confirm2,ellipsoid,1.2x1x1,1.2,15.0,15.045301961446675,22.773956857939034,18.05436235373601,4,289,52,0.010019731490303323,71247,10412.631848805422,10392.282843260646,-0.001954261500862642,11287.290243627438,0.08399974257443477,85501.5856600998,85496.4,-6.064987052301074e-05,0.9013768296955863,0.9031052876300046,0.0019175752886859687
confirm2-0088-cylinder-rho15-sp1.2x1x1-rot0,confirm2,cylinder,1.2x1x1,1.2,15.0,14.743171677461778,17.69663776239227,17.69180601295413,4,289,52,0.010230980373656735,33429,6514.4065264837955,6277.113735945992,-0.03642584931921411,6660.678735966058,0.022453650825690064,40307.89038261848,40114.799999999996,-0.004790386715494144,0.8727087161424514,0.9028048446045784,0.03448588046096068
confirm2-0089-cylinder-rho15-sp1.2x1x1-rot1,confirm2,cylinder,1.2x1x1,1.2,15.0,14.743171677461778,17.72394688810246,17.69180601295413,4,289,52,0.010230980373656735,33584,6514.4065264837955,6299.613636354342,-0.03297198129349621,7064.286945820728,0.08440990243722712,40307.89038261848,40300.799999999996,-0.00017590557459556955,0.8727087161424514,0.902358932085052,0.03397492816808412
confirm2-0090-box-rho15-sp1.2x1x1-rot0,confirm2,box,1.2x1x1,1.2,15.0,15.0,21.03739683417501,18.0,4,289,52,0.010050594965040323,56160,9927.36,9501.635418905662,-0.04288396724751986,9840.929438855623,-0.00870629866796191,66718.08,67392.0,0.010101010101010166,0.8013324191666675,0.8428649458765521,0.05182933538752321
confirm2-0091-box-rho15-sp1.2x1x1-rot1,confirm2,box,1.2x1x1,1.2,15.0,15.045301961446675,20.964723889548168,18.05436235373601,4,289,52,0.010019731490303323,55580,9927.36,9460.297207858708,-0.047048036148713446,10521.996769782661,0.059898781728743744,66718.08,66696.0,-0.000330944775389197,0.8013324191666675,0.8407093347329394,0.04913930177344028
confirm2-0092-capsule-rho15-sp1.2x1x1-rot0,confirm2,capsule,1.2x1x1,1.2,15.0,14.743171677461778,24.521408891417895,17.69180601295413,4,289,52,0.010230980373656735,88938,13232.388256920207,13200.824165649383,-0.0023853661680699467,14103.209481610334,0.06580983022733711,106876.98207512475,106725.59999999999,-0.0014164142005651525,0.8230672927423685,0.8242560588689379,0.0014443121930025615
confirm2-0093-capsule-rho15-sp1.2x1x1-rot1,confirm2,capsule,1.2x1x1,1.2,15.0,14.971268780196583,24.534636004166433,17.9655225362359,4,289,52,0.010070314425825202,89082,13232.388256920207,13212.809987259581,-0.0014795718868351182,14301.104446887504,0.08076517777570391,106876.98207512475,106898.4,0.0002003979197335859,0.8230672927423685,0.8243970043501195,0.0016155563700273046
confirm2-0094-torus-rho15-sp1.2x1x1-rot0,confirm2,torus,1.2x1x1,1.2,15.0,14.866068747318506,34.58207907330986,17.839282496782207,4,289,52,0.010143496047552764,249462,33256.618989910705,33218.35949796719,-0.0011504323982880482,36290.490567037275,0.09122609781971458,299309.57090919634,299354.39999999997,0.00014977499940105332,0.6506584872679024,0.6514729294605933,0.0012517199247037425
confirm2-0095-torus-rho15-sp1.2x1x1-rot1,confirm2,torus,1.2x1x1,1.2,15.0,14.98517786199268,34.580923812710395,17.982213434391216,4,289,52,0.010060753866195815,249437,33256.618989910705,33205.82847055307,-0.0015272303950394361,36465.640735544555,0.09649272364720529,299309.57090919634,299324.39999999997,4.954432549086896e-05,0.6506584872679024,0.6516752362762338,0.0015626461933981872
confirm2-0096-sphere-rho4-sp2.2x1x1-offset0,confirm2,sphere,2.2x1x1,2.2,4.0,3.623842077817227,4.004598722011614,7.9724525711979,3,145,29,0.04837421870261814,1302,973.1397403759745,959.1099380807403,-0.014417047946077788,1097.6666536165503,0.12796406114548842,2854.543238436192,2864.4,0.003453008324094675,0.9999999999999996,1.0169622766732156,0.016962276673216037
confirm2-0097-sphere-rho4-sp2.2x1x1-offset1,confirm2,sphere,2.2x1x1,2.2,4.0,3.623842077817227,4.008695501054721,7.9724525711979,3,145,29,0.04837421870261814,1306,973.1397403759745,962.1017350214817,-0.011342672482194893,1104.3566789117376,0.13483874215749037,2854.543238436192,2873.2000000000003,0.0065358132651824885,0.9999999999999996,1.015875216120253,0.015875216120253555
confirm2-0098-ellipsoid-rho4-sp2.2x1x1-rot0,confirm2,ellipsoid,2.2x1x1,2.2,4.0,4.090909090909091,6.073481593600274,9.0,3,145,29,0.04317338281156362,4542,2488.747562874975,2475.4832269826047,-0.00532972330751269,2695.2984184563593,0.08299389566966742,9990.901334526669,9992.400000000001,0.00015000303007228766,0.9013768296955864,0.9062972806864075,0.005458816810814726
confirm2-0099-ellipsoid-rho4-sp2.2x1x1-rot1,confirm2,ellipsoid,2.2x1x1,2.2,4.0,3.9844740001474777,6.080604874245372,8.765842800324451,3,145,29,0.04419954623945632,4558,2488.747562874975,2471.421237210494,-0.006961865447078774,2759.0564286091344,0.10861240801051819,9990.901334526669,10027.6,0.0036732086770296934,0.9013768296955864,0.9099175005884254,0.009475139155422196
confirm2-0100-cylinder-rho4-sp2.2x1x1-rot0,confirm2,cylinder,2.2x1x1,2.2,4.0,3.8836380660534227,4.570781497340831,8.54400374531753,3,145,29,0.045250579803114616,1936,1557.0235846015594,1342.5957232022226,-0.13771651471432822,1466.1685646782803,-0.05835173007127492,4709.996343419717,4259.200000000001,-0.09571055061423117,0.8727087161424515,0.946435207220808,0.08448006730612523
confirm2-0101-cylinder-rho4-sp2.2x1x1-rot1,confirm2,cylinder,2.2x1x1,2.2,4.0,3.951147965836496,4.728202482720431,8.692525524840292,3,145,29,0.044538020962180236,2143,1557.0235846015594,1458.4156721864529,-0.06333103325492673,1731.9945777417151,0.1123753004582333,4709.996343419717,4714.6,0.000977422538069428,0.8727087161424515,0.932322223390226,0.06830859615024609
confirm2-0102-box-rho4-sp2.2x1x1-rot0,confirm2,box,2.2x1x1,2.2,4.0,4.090909090909091,5.6206884054189805,9.0,3,145,29,0.04317338281156362,3600,2372.7616000000007,2164.140289797069,-0.08792341809768489,2304.86674601741,-0.028614275442838677,7796.039680000003,7920.000000000001,0.015900421892157235,0.8013324191666676,0.8878688821302482,0.10799071757707335
confirm2-0103-box-rho4-sp2.2x1x1-rot1,confirm2,box,2.2x1x1,2.2,4.0,3.9844740001474777,5.590865705237941,8.765842800324451,3,145,29,0.04419954623945632,3543,2372.7616000000007,2162.820340474176,-0.0884797105304741,2606.76145559025,0.0986192020261325,7796.039680000003,7794.6,-0.00018466812113537845,0.8013324191666676,0.8790081490065813,0.09693321770344854
confirm2-0104-capsule-rho4-sp2.2x1x1-rot0,confirm2,capsule,2.2x1x1,2.2,4.0,4.065578140908708,6.531108605733176,8.94427190999916,3,145,29,0.043410313093412395,5648,3162.7041562219174,3149.4602950301214,-0.004187511868835925,3378.213136165578,0.06814073315067892,12488.62666815834,12425.6,-0.00504672529919048,0.8230672927423685,0.8237452047425627,0.0008236410390400906
confirm2-0105-capsule-rho4-sp2.2x1x1-rot1,confirm2,capsule,2.2x1x1,2.2,4.0,3.9979333504174583,6.543419866925381,8.795453370918409,3,145,29,0.04406524033579276,5680,3162.7041562219174,3135.9454321333424,-0.008460710444868291,3530.6153602985128,0.11632804900604188,12488.62666815834,12496.000000000002,0.0005904037359416581,0.8230672927423685,0.8304171411891678,0.008929826894603421
confirm2-0106-torus-rho4-sp2.2x1x1-rot0,confirm2,torus,2.2x1x1,2.2,4.0,3.7636802808153544,9.257733992495005,8.280096617793781,3,145,29,0.046612604172355784,16086,7948.742514131744,7929.0845344804875,-0.002473093022740125,9038.383934292964,0.13708349694608812,34974.467062179676,35389.200000000004,0.011858163187533188,0.6506584872679024,0.6574179734040638,0.010388685106597517
confirm2-0107-torus-rho4-sp2.2x1x1-rot1,confirm2,torus,2.2x1x1,2.2,4.0,4.003097973873454,9.220753509979627,8.8068155425216,3,145,29,0.04401406374973775,15894,7948.742514131744,7908.484195545988,-0.005064740556658287,9141.78905455139,0.1500924880002814,34974.467062179676,34966.8,-0.0002192188423069119,0.6506584872679024,0.653875100466717,0.004943627512369986
confirm2-0108-sphere-rho6.5-sp2.2x1x1-offset0,confirm2,sphere,2.2x1x1,2.2,6.5,6.338261095837584,6.504791931041634,13.944174410842686,4,289,52,0.027815937186567517,5580,2569.6971269303076,2550.784753690609,-0.007359767437764564,2908.9938144153434,0.13203761794696423,12248.889638367798,12276.000000000002,0.0022132913621235595,0.9999999999999994,1.0089002550592046,0.00890025505920522
confirm2-0109-sphere-rho6.5-sp2.2x1x1-offset1,confirm2,sphere,2.2x1x1,2.2,6.5,6.338261095837584,6.50556899375731,13.944174410842686,4,289,52,0.027815937186567517,5582,2569.6971269303076,2551.2704907319862,-0.007170742421436005,2905.2705485195975,0.1305887055997752,12248.889638367798,12280.400000000001,0.0025725075955866927,0.9999999999999994,1.0089491853168042,0.008949185316804886
confirm2-0110-ellipsoid-rho6.5-sp2.2x1x1-rot0,confirm2,ellipsoid,2.2x1x1,2.2,6.5,6.42824346533225,9.867923146835569,14.142135623730951,4,289,52,0.02746452572145225,19481,6571.849033216731,6563.90479658752,-0.001208828229172343,7125.324187097197,0.08421909132163297,42871.1137342873,42858.200000000004,-0.0003012222721184843,0.9013768296955864,0.9022865201722717,0.001009223275677762
confirm2-0111-ellipsoid-rho6.5-sp2.2x1x1-rot1,confirm2,ellipsoid,2.2x1x1,2.2,6.5,6.50556024102358,9.870961456612466,14.312232530251876,4,289,52,0.02717415197902199,19499,6571.849033216731,6547.484282715102,-0.003707442209715972,7291.924914033892,0.10956975383603784,42871.1137342873,42897.8,0.0006224766139295568,0.9013768296955864,0.9051064781920809,0.004137723950319527
confirm2-0112-cylinder-rho6.5-sp2.2x1x1-rot0,confirm2,cylinder,2.2x1x1,2.2,6.5,6.314747267931729,7.613160300992409,13.892443989449804,4,289,52,0.02791025121902847,8946,4111.515403088492,3827.335461958168,-0.06911805338655763,4099.7130119661415,-0.0028705695991033675,20210.667903306872,19681.2,-0.026197447102687788,0.8727087161424515,0.9210615330002582,0.05540544738860387
confirm2-0113-cylinder-rho6.5-sp2.2x1x1-rot1,confirm2,cylinder,2.2x1x1,2.2,6.5,6.321941327532258,7.680083963469234,13.908270920570969,4,289,52,0.02788128406510351,9184,4111.515403088492,3905.5919924245673,-0.050084552889973155,4639.951268588113,0.1285258143755632,20210.667903306872,20204.800000000003,-0.0002903369317106552,0.8727087161424515,0.9185446882752349,0.05252150148721757
confirm2-0114-box-rho6.5-sp2.2x1x1-rot0,confirm2,box,2.2x1x1,2.2,6.5,6.8181818181818175,9.19787794475865,15.0,5,577,98,0.025988778415200343,15776,6265.573600000001,5857.37925547322,-0.0651487590101536,6277.5885466955715,0.0019176132087206366,33452.928080000005,34707.200000000004,0.03749363634180258,0.8013324191666675,0.8784704662817312,0.09626223184041671
confirm2-0115-box-rho6.5-sp2.2x1x1-rot1,confirm2,box,2.2x1x1,2.2,6.5,6.50556024102358,9.087134680314902,14.312232530251876,4,289,52,0.02717415197902199,15213,6265.573600000001,5828.161779864842,-0.06981193551619258,7018.61109910066,0.12018652196514923,33452.928080000005,33468.600000000006,0.0004684767791482969,0.8013324191666675,0.8617425880379208,0.0753871519812912
confirm2-0116-capsule-rho6.5-sp2.2x1x1-rot0,confirm2,capsule,2.2x1x1,2.2,6.5,6.314747267931729,10.60345896021124,13.892443989449804,4,289,52,0.02791025121902847,24170,8351.5156625235,8332.69588237449,-0.0022534568465770732,8987.080109038394,0.07610168886671898,53588.89216785913,53174.00000000001,-0.00774212996528334,0.8230672927423683,0.8206629246328752,-0.0029212290789518702
confirm2-0117-capsule-rho6.5-sp2.2x1x1-rot1,confirm2,capsule,2.2x1x1,2.2,6.5,6.467336877029967,10.629425051330763,14.228141129465929,4,289,52,0.027316403490301858,24348,8351.5156625235,8310.671481504534,-0.004890630954839548,9305.342702529788,0.11421005222878056,53588.89216785913,53565.600000000006,-0.00043464544454774323,0.8230672927423683,0.8268727097661014,0.004623457956947741
confirm2-0118-torus-rho6.5-sp2.2x1x1-rot0,confirm2,torus,2.2x1x1,2.2,6.5,6.590752349233403,15.020441006895846,14.499655168313488,4,289,52,0.026865960669695182,68704,20989.648201379136,20976.623533094673,-0.0006205281841553667,23857.417980024667,0.1366278153464766,150075.98463986084,151148.80000000002,0.007148481235779602,0.6506584872679025,0.6541615436050997,0.005383863279654344
confirm2-0119-torus-rho6.5-sp2.2x1x1-rot1,confirm2,torus,2.2x1x1,2.2,6.5,6.508100483307433,14.984573733596307,14.317821063276353,4,289,52,0.0271647869722111,68213,20989.648201379136,20944.88149380492,-0.002132799327778767,24151.93896065226,0.15065954078569765,150075.98463986084,150068.6,-4.920600640101469e-05,0.6506584872679025,0.6520277873155416,0.0021044834954642155
confirm2-0120-sphere-rho7.5-sp2.2x1x1-offset0,confirm2,sphere,2.2x1x1,2.2,7.5,7.074573257579535,7.493568075185392,15.564061166674977,5,577,98,0.024864562542600985,8531,3421.194399759285,3378.3718186216483,-0.012516851173569488,3857.293662031322,0.12746988662869363,18816.569198676065,18768.2,-0.0025705641748692276,0.9999999999999994,1.0109393326827005,0.010939332682701197
confirm2-0121-sphere-rho7.5-sp2.2x1x1-offset1,confirm2,sphere,2.2x1x1,2.2,7.5,7.475027294789713,7.506720866173514,16.44506004853737,5,577,98,0.023334626942327408,8576,3421.194399759285,3388.8746126243714,-0.009446930913130092,3887.041532423874,0.13616505764693354,18816.569198676065,18867.2,0.002690756257920812,0.9999999999999994,1.0113471607594595,0.011347160759460184
confirm2-0122-ellipsoid-rho7.5-sp2.2x1x1-rot0,confirm2,ellipsoid,2.2x1x1,2.2,7.5,7.619570279200095,11.387785416785718,16.76305461424021,5,577,98,0.022840740052294785,29940,8749.503150732335,8720.967908168186,-0.003261355767585572,9523.074058099342,0.08841312404147872,65857.99219536621,65868.0,0.00015196036654296918,0.9013768296955862,0.9044177711997126,0.0033736628277358793
confirm2-0123-ellipsoid-rho7.5-sp2.2x1x1-rot1,confirm2,ellipsoid,2.2x1x1,2.2,7.5,7.630950462339385,11.38765863085604,16.788091017146648,5,577,98,0.02280304267266519,29939,8749.503150732335,8701.183740820816,-0.005522531860277624,9692.596678087535,0.10778823792711734,65857.99219536621,65865.8,0.00011855515744585432,0.9013768296955862,0.9064539912491687,0.005632673690200374
confirm2-0124-cylinder-rho7.5-sp2.2x1x1-rot0,confirm2,cylinder,2.2x1x1,2.2,7.5,7.329325225725953,8.767611429501809,16.1245154965971,5,577,98,0.02386233904025693,13664,5473.911039614856,5047.920860469019,-0.07782190394818866,5471.774774540592,-0.0003902630237875293,31047.339177815513,30060.800000000003,-0.03177532129775651,0.8727087161424514,0.9262010656900731,0.061294620482385875
confirm2-0125-cylinder-rho7.5-sp2.2x1x1-rot1,confirm2,cylinder,2.2x1x1,2.2,7.5,7.329325225725953,8.862613094521466,16.1245154965971,5,577,98,0.02386233904025693,14113,5473.911039614856,5189.04002477972,-0.05204158649519819,6217.532585106983,0.135848306651408,31047.339177815513,31048.600000000002,4.060966955221623e-05,0.8727087161424514,0.9206441237201366,0.05492715575200102
confirm2-0126-box-rho7.5-sp2.2x1x1-rot0,confirm2,box,2.2x1x1,2.2,7.5,7.727272727272727,10.63989224179809,17.0,5,577,98,0.022490612206692337,24420,8341.74,7935.710158142412,-0.04867447820929294,8438.955131223836,0.01165405913200801,51389.91,53724.00000000001,0.04541922723740921,0.8013324191666678,0.8676486340427716,0.08275743410589609
confirm2-0127-box-rho7.5-sp2.2x1x1-rot1,confirm2,box,2.2x1x1,2.2,7.5,7.664989635720486,10.482763028154896,16.86297719858507,5,577,98,0.022691286831380365,23354,8341.74,7778.467113250238,-0.06752462756568312,9344.633940974629,0.12022598893931358,51389.91,51378.8,-0.00021619029883490626,0.8013324191666678,0.8592365494684038,0.07225981242834578
confirm2-0128-capsule-rho7.5-sp2.2x1x1-rot0,confirm2,capsule,2.2x1x1,2.2,7.5,7.329325225725953,12.263622668570589,16.1245154965971,5,577,98,0.02386233904025693,37393,11118.881799217676,11067.5714939222,-0.004614700131004734,12017.60447461344,0.0808285124012198,82322.49024420779,82264.6,-0.0007032129863424608,0.8230672927423685,0.826495414931441,0.004165056999957395
confirm2-0129-capsule-rho7.5-sp2.2x1x1-rot1,confirm2,capsule,2.2x1x1,2.2,7.5,7.466730617593116,12.267229230893635,16.426807358704856,5,577,98,0.023363849271068333,37426,11118.881799217676,11054.986833544193,-0.005746528007697482,12405.893140556938,0.11575006952855782,82322.49024420779,82337.20000000001,0.00017868453382052785,0.8230672927423685,0.8279230189027215,0.0058995494088633915
confirm2-0130-torus-rho7.5-sp2.2x1x1-rot0,confirm2,torus,2.2x1x1,2.2,7.5,7.131584966347341,17.258219001429946,15.689486925964152,5,577,98,0.0246309137435363,104213,27944.79790124441,27836.227733208772,-0.003885165618993436,31804.38267632763,0.13811460683032362,230544.58268526636,229268.6,-0.005534646142643429,0.6506584872679023,0.650783894114492,0.00019273835513344828
confirm2-0131-torus-rho7.5-sp2.2x1x1-rot1,confirm2,torus,2.2x1x1,2.2,7.5,7.527360561630709,17.289131777770656,16.560193235587562,5,577,98,0.023152521595962174,104774,27944.79790124441,27822.34347273338,-0.004382011598143443,32193.692469763086,0.15204599380299944,230544.58268526636,230502.80000000002,-0.00018123473030540183,0.6506584872679023,0.6534432662542423,0.004279939539455269
confirm2-0132-sphere-rho8.5-sp2.2x1x1-offset0,confirm2,sphere,2.2x1x1,2.2,8.5,8.254225063866302,8.501453123737178,18.15929514050587,5,577,98,0.02097048761332202,12457,4394.334140135261,4358.609672318591,-0.008129665764463279,4966.047433450733,0.13010237161843907,27391.349473509792,27405.4,0.0005129548839424292,0.9999999999999993,1.0085410422768883,0.00854104227688901
confirm2-0133-sphere-rho8.5-sp2.2x1x1-offset1,confirm2,sphere,2.2x1x1,2.2,8.5,8.255226243451991,8.502817832505102,18.161497735594384,5,577,98,0.020967873469256194,12463,4394.334140135261,4359.613305742463,-0.00790127315892486,4977.011178816532,0.13259734469426032,27391.349473509792,27418.600000000002,0.0009948588519366197,0.9999999999999993,1.0086326110888626,0.008632611088863262
confirm2-0134-ellipsoid-rho8.5-sp2.2x1x1-rot0,confirm2,ellipsoid,2.2x1x1,2.2,8.5,8.636363636363635,12.902822696113786,19.0,5,577,98,0.020037777521017576,43550,11238.250713607315,11203.89850855418,-0.0030567217201818986,12185.50998098389,0.08428885344492554,95869.72315728427,95810.00000000001,-0.000622961612043782,0.9013768296955862,0.9037650001479701,0.0026494695378296296
confirm2-0135-ellipsoid-rho8.5-sp2.2x1x1-rot1,confirm2,ellipsoid,2.2x1x1,2.2,8.5,8.583089274125214,12.903612717251619,18.882796403075474,5,577,98,0.020160375687263185,43558,11238.250713607315,11192.245234066198,-0.0040936512908911205,12455.166896463223,0.10828341650916018,95869.72315728427,95827.6,-0.0004393791480461484,0.9013768296955862,0.9048167839635646,0.003816333141312356
confirm2-0136-cylinder-rho8.5-sp2.2x1x1-rot0,confirm2,cylinder,2.2x1x1,2.2,8.5,8.29467617767939,10.095798098204845,18.24828759089466,5,577,98,0.02086561945780771,20862,7030.934624216417,6762.502542460992,-0.038178719630086344,7299.68063904142,0.03822336989158881,45195.72663129117,45896.4,0.015503088918670471,0.8727087161424514,0.9167039394323354,0.05041226525655862
confirm2-0137-cylinder-rho8.5-sp2.2x1x1-rot1,confirm2,cylinder,2.2x1x1,2.2,8.5,8.369069381600893,10.042771437737821,18.411952639521967,5,577,98,0.020676712416605916,20535,7030.934624216417,6714.519982842756,-0.045003211988893344,8012.041425244845,0.1395414483942481,45195.72663129117,45177.00000000001,-0.0004143451756829508,0.8727087161424514,0.9135817439532316,0.046834673533968196
confirm2-0138-box-rho8.5-sp2.2x1x1-rot0,confirm2,box,2.2x1x1,2.2,8.5,8.636363636363635,11.807503878027287,19.0,5,577,98,0.020037777521017576,33374,10714.501600000003,9831.274824823782,-0.0824328380497158,10403.665957688225,-0.02901074206865384,74808.48232000004,73422.8,-0.018523064190403615,0.8013324191666676,0.8625049234479379,0.07633848677292465
confirm2-0139-box-rho8.5-sp2.2x1x1-rot1,confirm2,box,2.2x1x1,2.2,8.5,8.583089274125214,11.88040602092788,18.882796403075474,5,577,98,0.020160375687263185,33996,10714.501600000003,10066.542883236265,-0.06047492836845891,12023.274207791841,0.12214964882658075,74808.48232000004,74791.20000000001,-0.00023102086105830644,0.8013324191666676,0.8527808594675335,0.06420361771257022
confirm2-0140-capsule-rho8.5-sp2.2x1x1-rot0,confirm2,capsule,2.2x1x1,2.2,8.5,8.344345341220826,13.902505347641393,18.35755975068582,5,577,98,0.02073893402364864,54477,14281.585955439596,14241.115935447853,-0.002833720296752329,15425.319049400237,0.08008445963419164,119837.15394660535,119849.40000000001,0.00010218912074733133,0.8230672927423683,0.8254624939593957,0.0029100916026523205
confirm2-0141-capsule-rho8.5-sp2.2x1x1-rot1,confirm2,capsule,2.2x1x1,2.2,8.5,8.467243640998706,13.904036376269776,18.627936010197157,5,577,98,0.020434998507978835,54495,14281.585955439596,14228.095067472448,-0.0037454445279428983,15966.590093649094,0.11798438517031173,119837.15394660535,119889.00000000001,0.0004326375559433604,0.8230672927423683,0.8263999038404601,0.0040490141298021864
confirm2-0142-torus-rho8.5-sp2.2x1x1-rot0,confirm2,torus,2.2x1x1,2.2,8.5,8.42762086169221,19.6201850057407,18.540765895722863,5,577,98,0.020531537113648357,153124,35893.54041537617,35818.75044948012,-0.0020836608768750597,40843.52616105827,0.13790742535839695,335604.6028837672,336872.80000000005,0.003778843035332491,0.6506584872679023,0.653658617060607,0.004610913177052645
confirm2-0143-torus-rho8.5-sp2.2x1x1-rot1,confirm2,torus,2.2x1x1,2.2,8.5,8.512994442625068,19.59482468481116,18.72858777377515,5,577,98,0.020325201846268397,152531,35893.54041537617,35785.91739385968,-0.0029983952619615506,41361.90038777547,0.152349417447178,335604.6028837672,335568.2,-0.00010846956047205758,0.6506584872679023,0.6525680924001986,0.00293488084711635
confirm2-0144-sphere-rho9.5-sp2.2x1x1-offset0,confirm2,sphere,2.2x1x1,2.2,9.5,9.286976573907005,9.502330992928366,20.431348462595412,5,577,98,0.018706628832596932,17395,5489.116348058231,5456.147537122625,-0.006006214633666573,6221.223464828594,0.13337431206561057,38240.843891472345,38269.0,0.0007362836606734646,0.9999999999999996,1.0065362684233572,0.0065362684233576385
confirm2-0145-sphere-rho9.5-sp2.2x1x1-offset1,confirm2,sphere,2.2x1x1,2.2,9.5,9.076807244404066,9.493400225455357,19.968975937688946,5,577,98,0.019105481085947965,17346,5489.116348058231,5448.432354611102,-0.007411756440819706,6195.19064369325,0.12863168693532834,38240.843891472345,38161.200000000004,-0.002082691786257862,0.9999999999999996,1.0060677857976674,0.006067785797667868
confirm2-0146-ellipsoid-rho9.5-sp2.2x1x1-rot0,confirm2,ellipsoid,2.2x1x1,2.2,9.5,9.545454545454545,14.425085182078426,21.0,5,577,98,0.018251762846893095,60854,14038.091721841658,14023.361562488408,-0.0010492992669602907,15268.184827189114,0.08762537884216637,133842.95362015322,133878.80000000002,0.000267824184069676,0.9013768296955863,0.9024847394306512,0.001229130479689644
confirm2-0147-ellipsoid-rho9.5-sp2.2x1x1-rot1,confirm2,ellipsoid,2.2x1x1,2.2,9.5,9.538525623720897,14.424532057834371,20.984756372185977,5,577,98,0.018263476014253602,60847,14038.091721841658,13999.199176990622,-0.0027705008359878436,15560.537828637338,0.10845107276417987,133842.95362015322,133863.40000000002,0.00015276396174601636,0.9013768296955863,0.903973084140835,0.002880320815574544
confirm2-0148-cylinder-rho9.5-sp2.2x1x1-rot0,confirm2,cylinder,2.2x1x1,2.2,9.5,9.45847820303855,11.248398284750335,20.808652046684813,5,577,98,0.018400666148823568,28854,8782.58615689317,8427.979240677296,-0.04037613863173495,9057.732581917702,0.03132863374287287,63097.39242092938,63478.8,0.006044743917881901,0.8727087161424514,0.913089060145747,0.04627012800076624
confirm2-0149-cylinder-rho9.5-sp2.2x1x1-rot1,confirm2,cylinder,2.2x1x1,2.2,9.5,9.41293290027736,11.225611579682388,20.708452380610193,5,577,98,0.018480291429111544,28679,8782.58615689317,8420.128434759308,-0.04127004456988792,9995.450495376987,0.13809876917995023,63097.39242092938,63093.8,-5.69345386796094e-05,0.8727087161424514,0.9102412895726997,0.04300698816914528
confirm2-0150-box-rho9.5-sp2.2x1x1-rot0,confirm2,box,2.2x1x1,2.2,9.5,9.545454545454545,13.069921717919193,21.0,5,577,98,0.018251762846893095,45264,13383.858400000005,12109.203413423009,-0.09523823014871369,12759.210002542048,-0.04667177272720968,104439.52376000005,99580.8,-0.046521887357178104,0.8013324191666675,0.857996712483115,0.0707125931275494
confirm2-0151-box-rho9.5-sp2.2x1x1-rot1,confirm2,box,2.2x1x1,2.2,9.5,9.538525623720897,13.279542073894671,20.984756372185977,5,577,98,0.018263476014253602,47477,13383.858400000005,12667.61483907874,-0.053515476592405076,15056.762395648895,0.12499414934402542,104439.52376000005,104449.40000000001,9.456419987752263e-05,0.8013324191666675,0.8466941791342526,0.056607918115628264
confirm2-0152-capsule-rho9.5-sp2.2x1x1-rot0,confirm2,capsule,2.2x1x1,2.2,9.5,9.326492967583269,15.544839759273145,20.518284528683193,5,577,98,0.018634631788317646,76154,17839.628131189253,17824.5779284472,-0.0008436388153034713,19244.18519310541,0.07873241816406207,167303.6920251915,167538.80000000002,0.0014052766676129202,0.8230672927423682,0.8245338124925814,0.0017817738150265328
confirm2-0153-capsule-rho9.5-sp2.2x1x1-rot1,confirm2,capsule,2.2x1x1,2.2,9.5,9.480297097551913,15.538849821564597,20.85665361461421,5,577,98,0.018362926863679123,76066,17839.628131189253,17788.757802079883,-0.0028515352862334975,19924.402268614678,0.11686197279979105,167303.6920251915,167345.2,0.0002480995745286485,0.8230672927423682,0.8255575286342872,0.0030255556427492003
confirm2-0154-torus-rho9.5-sp2.2x1x1-rot0,confirm2,torus,2.2x1x1,2.2,9.5,9.526387883962235,21.92833293862705,20.95805334471692,5,577,98,0.018284056191173893,213772,44835.87574377438,44772.748772369276,-0.0014079566944528166,51028.34986139604,0.1381142670884823,468534.9015224423,470298.4,0.0037638572320386476,0.6506584872679023,0.6532098130271142,0.003921144208730576
confirm2-0155-torus-rho9.5-sp2.2x1x1-rot1,confirm2,torus,2.2x1x1,2.2,9.5,9.510324967725106,21.901355907488377,20.922714928995234,5,577,98,0.018311412946360926,212984,44835.87574377438,44737.11855110584,-0.002202637754482706,51654.3535556145,0.15207638300199577,468534.9015224423,468564.80000000005,6.381270095490166e-05,0.6506584872679023,0.6521225569215926,0.002250135335724046
confirm2-0156-sphere-rho11-sp2.2x1x1-offset0,confirm2,sphere,2.2x1x1,2.2,11.0,10.69872935994529,10.99614586703974,23.53720459187964,5,577,98,0.01660787980082902,26956,7359.369286593307,7324.717443241032,-0.004708534386961838,8311.753899864589,0.12941117318385653,59365.57891185268,59303.200000000004,-0.001050758924549533,0.9999999999999996,1.0040268663414298,0.004026866341430235
confirm2-0157-sphere-rho11-sp2.2x1x1-offset1,confirm2,sphere,2.2x1x1,2.2,11.0,10.751129096960193,10.99614586703974,23.652484013312428,5,577,98,0.016545495336990505,26956,7359.369286593307,7324.54088321517,-0.0047325255768296826,8326.115682645726,0.13136266959908616,59365.57891185268,59303.200000000004,-0.001050758924549533,0.9999999999999996,1.0040510686787931,0.004051068678793568
confirm2-0158-ellipsoid-rho11-sp2.2x1x1-rot0,confirm2,ellipsoid,2.2x1x1,2.2,11.0,10.909090909090908,16.701519967516884,24.0,5,577,98,0.016362843030411835,94450,18821.153444242,18817.48853312381,-0.00019472298172629188,20437.005363153945,0.08585296983518753,207779.5261914844,207790.00000000003,5.0408279909097686e-05,0.9013768296955864,0.901582679545761,0.00022837268874997818
confirm2-0159-ellipsoid-rho11-sp2.2x1x1-rot1,confirm2,ellipsoid,2.2x1x1,2.2,11.0,11.027388892440673,16.702757680340714,24.260255563369483,5,577,98,0.01623116381199681,94471,18821.153444242,18796.067567114966,-0.0013328554597545894,20896.008007678218,0.11024056360748613,207779.5261914844,207836.2,0.0002727593500400083,0.9013768296955864,0.9027439554272326,0.0015167083139999704
confirm2-0160-cylinder-rho11-sp2.2x1x1-rot0,confirm2,cylinder,2.2x1x1,2.2,11.0,10.909090909090908,13.135618144762077,24.0,5,577,98,0.016362843030411835,45950,11774.990858549292,11576.749054512426,-0.01683583506928432,12350.111593192796,0.04884256315374835,97953.20520455693,101090.00000000001,0.03202340126484349,0.8727087161424513,0.9065038150683215,0.03872437423938124
confirm2-0161-cylinder-rho11-sp2.2x1x1-rot1,confirm2,cylinder,2.2x1x1,2.2,11.0,10.850600775536929,12.998889184033665,23.871321706181245,5,577,98,0.01642954614677277,44530,11774.990858549292,11368.396068477396,-0.034530369913339354,13435.531931717298,0.14102270592952193,97953.20520455693,97966.00000000001,0.00013062150867204636,0.8727087161424513,0.9040001711524601,0.03585555458678513
confirm2-0162-box-rho11-sp2.2x1x1-rot0,confirm2,box,2.2x1x1,2.2,11.0,10.909090909090908,15.381323676082364,24.0,5,577,98,0.016362843030411835,73776,17944.009600000005,16939.247167816997,-0.05599430977695241,17740.787758366387,-0.011325330634777253,162133.26272000006,162307.2,0.0010728044146026683,0.8013324191666674,0.8494709728467316,0.06007313884807641
confirm2-0163-box-rho11-sp2.2x1x1-rot1,confirm2,box,2.2x1x1,2.2,11.0,11.027388892440673,15.375692470555911,24.260255563369483,5,577,98,0.01623116381199681,73695,17944.009600000005,17111.77316470236,-0.04637962494723835,20242.108524048886,0.12807053580983818,162133.26272000006,162129.0,-2.6291458819382996e-05,0.8013324191666674,0.8402907431536926,0.048616932318224615
confirm2-0164-capsule-rho11-sp2.2x1x1-rot0,confirm2,capsule,2.2x1x1,2.2,11.0,10.775699628299725,17.974719588621184,23.706539182259394,5,577,98,0.016516555841100587,117739,23917.95018142825,23848.105538482247,-0.0029201767884036167,25637.59375801847,0.07189761511943793,259724.40773935546,259025.80000000002,-0.0026898039558012066,0.8230672927423683,0.8239969205324523,0.001129467539630502
confirm2-0165-capsule-rho11-sp2.2x1x1-rot1,confirm2,capsule,2.2x1x1,2.2,11.0,10.965761892558925,17.988906308830312,24.124676163629637,5,577,98,0.01629922992319013,118018,23917.95018142825,23865.120823066973,-0.002208774496164634,26699.973211865632,0.11631527824644272,259724.40773935546,259639.60000000003,-0.0003265297246939358,0.8230672927423683,0.8247097101403588,0.0019954837380526946
confirm2-0166-torus-rho11-sp2.2x1x1-rot0,confirm2,torus,2.2x1x1,2.2,11.0,10.890135046100852,25.357979089008673,23.958297101421877,5,577,98,0.01638434293076203,330581,60112.36526312132,60080.96787402054,-0.0005223116569003095,68441.36725767216,0.13855721627477946,727359.619683768,727278.2000000001,-0.00011193869107462007,0.6506584872679023,0.6509499291917842,0.00044791842354285905
confirm2-0167-torus-rho11-sp2.2x1x1-rot1,confirm2,torus,2.2x1x1,2.2,11.0,10.994363694996233,25.360995884266007,24.187600128991715,5,577,98,0.016267497307964535,330699,60112.36526312132,60043.856955213465,-0.0011396708082934692,69280.2700547531,0.1525127941897213,727359.619683768,727537.8,0.0002449686666816664,0.6506584872679023,0.6515072473492103,0.0013044632444154658
confirm2-0168-sphere-rho13-sp2.2x1x1-offset0,confirm2,sphere,2.2x1x1,2.2,13.0,12.53886519968485,13.00278019352566,27.58550343930667,5,577,98,0.014863039637017322,44570,10278.78850772123,10256.52501991309,-0.002165964188427183,11644.42860311199,0.13286002473588376,97991.11710694239,98054.00000000001,0.000641720340722296,0.9999999999999993,1.0025993621311313,0.002599362131131988
confirm2-0169-sphere-rho13-sp2.2x1x1-offset1,confirm2,sphere,2.2x1x1,2.2,13.0,12.68369161789466,13.001807659476146,27.904121559368253,5,577,98,0.014756986248589139,44560,10278.78850772123,10256.974761149531,-0.002122209884492965,11654.071331402607,0.1337981438812843,97991.11710694239,98032.00000000001,0.00041721019480789323,0.9999999999999993,1.0024054355164962,0.0024054355164968566
confirm2-0170-ellipsoid-rho13-sp2.2x1x1-rot0,confirm2,ellipsoid,2.2x1x1,2.2,13.0,13.1189724451471,19.739686814714386,28.861739379323623,5,577,98,0.014459108156546408,155939,26287.396132866925,26312.519173018507,0.0009557066825713889,28561.23462559937,0.08649919076197432,342968.9098742984,343065.80000000005,0.00028250410725916275,0.9013768296955862,0.9006857920442213,-0.0007666467881122241
confirm2-0171-ellipsoid-rho13-sp2.2x1x1-rot1,confirm2,ellipsoid,2.2x1x1,2.2,13.0,13.01112048204716,19.739391443072645,28.624465060503752,5,577,98,0.014530137113565753,155932,26287.396132866925,26270.472883157043,-0.0006437780913843838,29152.037863484493,0.10897396288847072,342968.9098742984,343050.4,0.00023760207807610456,0.9013768296955862,0.9021003558259598,0.0008026899588908787
confirm2-0172-cylinder-rho13-sp2.2x1x1-rot0,confirm2,cylinder,2.2x1x1,2.2,13.0,12.800116218480657,15.24020780762577,28.160255680657446,5,577,98,0.014674328157890167,71764,16446.06161235397,15651.33435043957,-0.048323256998953124,16670.649583738315,0.013656033686243685,161685.34322645498,157880.80000000002,-0.02353053870273414,0.8727087161424515,0.9025798511398367,0.03422806996751637
confirm2-0173-cylinder-rho13-sp2.2x1x1-rot1,confirm2,cylinder,2.2x1x1,2.2,13.0,12.832358375902821,15.36128284077899,28.231188426986208,5,577,98,0.014651834022241565,73488,16446.06161235397,15968.651328828755,-0.029028851695812263,18792.449896950136,0.142671743539718,161685.34322645498,161673.6,-7.263012355129828e-05,0.8727087161424515,0.8987563230144594,0.02984685083373928
confirm2-0174-box-rho13-sp2.2x1x1-rot0,confirm2,box,2.2x1x1,2.2,13.0,13.18181818181818,18.013514688830604,29.0,5,577,98,0.014418520888754352,118503,25062.294400000002,23347.692755094453,-0.06841359444351391,24331.10906646347,-0.029174716483121865,267623.42464000004,260706.60000000003,-0.02584536330967413,0.8013324191666675,0.845294750971334,0.05486154154400036
confirm2-0175-box-rho13-sp2.2x1x1-rot1,confirm2,box,2.2x1x1,2.2,13.0,13.161740194923986,18.17158099176844,28.95582842883277,5,577,98,0.014431424545667964,121650,25062.294400000002,24070.590455115933,-0.0395695593171258,28307.116931994242,0.129470290317643,267623.42464000004,267630.0,2.456944869000388e-05,0.8013324191666675,0.8343608352039124,0.041216872358155854
confirm2-0176-capsule-rho13-sp2.2x1x1-rot0,confirm2,capsule,2.2x1x1,2.2,13.0,12.8564869306645,21.26085082606585,28.284271247461902,5,577,98,0.01463511103827031,194839,33406.062650094,33389.96267571586,-0.0004819476795805411,35947.31535951949,0.07607160221314913,428711.13734287303,428645.80000000005,-0.00015240411825534483,0.8230672927423683,0.8233804910384604,0.00038052574662339467
confirm2-0177-capsule-rho13-sp2.2x1x1-rot1,confirm2,capsule,2.2x1x1,2.2,13.0,12.99364116573186,21.26248750154416,28.586010564610095,5,577,98,0.014541815467944395,194884,33406.062650094,33383.277544741984,-0.0006820649769675446,37347.01902752228,0.11797129217852298,428711.13734287303,428744.80000000005,7.85206032567487e-05,0.8230672927423683,0.8236721752820365,0.0007349126189339916
confirm2-0178-torus-rho13-sp2.2x1x1-rot0,confirm2,torus,2.2x1x1,2.2,13.0,13.0,29.893388507858397,28.6,5,577,98,0.014537561525122703,541576,83958.59280551654,83619.35944460295,-0.004040484119349208,94912.54569349627,0.1304685145611444,1200607.8771188867,1191467.2000000002,-0.007613374269059059,0.6506584872679024,0.6499780374152849,-0.0010457864854337418
confirm2-0179-torus-rho13-sp2.2x1x1-rot1,confirm2,torus,2.2x1x1,2.2,13.0,12.99268707217148,29.96934883301677,28.583911558777256,5,577,98,0.01454245427786871,545715,83958.59280551654,83907.42993335068,-0.0006093822020620809,96733.4296071019,0.1521563948931024,1200607.8771188867,1200573.0,-2.9049550274828917e-05,0.6506584872679024,0.6510426201014086,0.0005903755057727889
confirm2-0180-sphere-rho15-sp2.2x1x1-offset0,confirm2,sphere,2.2x1x1,2.2,15.0,14.473972079860975,15.000958084065415,31.842738575694145,5,577,98,0.013697629753196395,68437,13684.77759903714,13667.011145351411,-0.0012982639693741582,15509.369571101637,0.13333004200176957,150532.55358940852,150561.40000000002,0.0001916290523455988,0.9999999999999993,1.001427866338517,0.0014278663385176582
confirm2-0181-sphere-rho15-sp2.2x1x1-offset1,confirm2,sphere,2.2x1x1,2.2,15.0,14.516733006778164,15.001031148270549,31.936812614911965,5,577,98,0.013677009779138844,68438,13684.77759903714,13667.46980872099,-0.001264747650510989,15495.952039210373,0.13234957068653186,150532.55358940852,150563.6,0.00020624383132550328,0.9999999999999993,1.0014040145363001,0.0014040145363007905
confirm2-0182-ellipsoid-rho15-sp2.2x1x1-rot0,confirm2,ellipsoid,2.2x1x1,2.2,15.0,14.999999999999998,22.77623643283968,33.0,5,577,98,0.013456092040091086,239541,34998.01260292934,35049.75574702947,0.0014784594967487408,38024.49906090958,0.08647595200096925,526863.9375629297,526990.2000000001,0.0002396490404228402,0.901376829695586,0.9001899389749553,-0.001316753084313893
confirm2-0183-ellipsoid-rho15-sp2.2x1x1-rot1,confirm2,ellipsoid,2.2x1x1,2.2,15.0,15.009914079073104,22.77382741299574,33.02181097396083,5,577,98,0.013451782075865025,239465,34998.01260292934,34997.44756717904,-1.614479532618951e-05,38827.56062102612,0.10942187093721567,526863.9375629297,526823.0,-7.770044599952897e-05,0.901376829695586,0.901344689528649,-3.56567485186865e-05
confirm2-0184-cylinder-rho15-sp2.2x1x1-rot0,confirm2,cylinder,2.2x1x1,2.2,15.0,14.889399412871997,17.71946787982444,32.7566787083184,5,577,98,0.013504758886841278,112794,21895.644158459425,21255.781790343153,-0.029223272148815038,22531.56138016365,0.02904309263989102,248378.7134225241,248146.80000000002,-0.0009337089291124867,0.8727087161424514,0.8984201714639252,0.029461668992059042
confirm2-0185-cylinder-rho15-sp2.2x1x1-rot1,confirm2,cylinder,2.2x1x1,2.2,15.0,14.945078517720352,17.725644829245944,32.87917273898478,5,577,98,0.013480123726675366,112912,21895.644158459425,21344.788392542792,-0.025158235214733704,25066.77460310343,0.14482928301603915,248378.7134225241,248406.40000000002,0.0001114692040007359,0.8727087161424514,0.8952976779370037,0.025883735749082426
confirm2-0186-box-rho15-sp2.2x1x1-rot0,confirm2,box,2.2x1x1,2.2,15.0,14.999999999999998,21.005473572940726,33.0,5,577,98,0.013456092040091086,187902,33366.96,31959.975543959055,-0.04216699561605086,33168.27545390944,-0.005954529453404245,411119.28,413384.4,0.005509641873278293,0.8013324191666675,0.8396798701144326,0.047854610684095134
confirm2-0187-box-rho15-sp2.2x1x1-rot1,confirm2,box,2.2x1x1,2.2,15.0,15.086253389172343,20.966648155521764,33.18975745617916,5,577,98,0.01341887906181308,186862,33366.96,32199.01353989941,-0.03500308269319674,37747.93176766412,0.13129670091803747,411119.28,411096.4,-5.5652948214968134e-05,0.8013324191666675,0.8303681322832457,0.03623429231376085
confirm2-0188-capsule-rho15-sp2.2x1x1-rot0,confirm2,capsule,2.2x1x1,2.2,15.0,14.784959970264174,24.531016363255983,32.526911934581186,5,577,98,0.013551720898990637,299282,44475.5271968707,44483.61532366621,0.00018185566996664626,47897.248138846495,0.0769349158432584,658579.9219536623,658420.4,-0.00024222110080285297,0.8230672927423683,0.8227847497938421,-0.0003432804960392666
confirm2-0189-capsule-rho15-sp2.2x1x1-rot1,confirm2,capsule,2.2x1x1,2.2,15.0,15.00027547956403,24.534731602844765,33.00060605504087,5,577,98,0.013455972164956649,299418,44475.5271968707,44462.42607875801,-0.0002945691470883638,49679.91715764577,0.11701693692663517,658579.9219536623,658719.6000000001,0.00021208974291742066,0.8230672927423683,0.8234262206755892,0.00043608576891074335
confirm2-0190-torus-rho15-sp2.2x1x1-rot0,confirm2,torus,2.2x1x1,2.2,15.0,14.866068747318508,34.58050484458774,32.70535124410072,5,577,98,0.013515163902718862,838355,111779.19160497763,111844.06847536904,0.0005804020360129503,127285.73912963859,0.13872481364385214,1844356.6614821309,1844381.0000000002,1.3196210026933386e-05,0.6506584872679023,0.6502867836328027,-0.0005712730139898481
confirm2-0191-torus-rho15-sp2.2x1x1-rot1,confirm2,torus,2.2x1x1,2.2,15.0,15.00027547956403,34.578896095988306,33.00060605504087,5,577,98,0.013455972164956649,838238,111779.19160497763,111767.38312579521,-0.0001056411216870945,128830.39457443668,0.15254362394851806,1844356.6614821309,1844123.6,-0.00012636464898474475,0.6506584872679023,0.6506724103891389,2.13985086017221e-05
confirm2-0192-sphere-rho4-sp3.5x1x1-offset0,confirm2,sphere,3.5x1x1,3.5,4.0,3.706034791735099,4.002429891224765,12.971121771072847,5,577,98,0.04668743705546611,3290,2463.0086404143976,2426.0474813593837,-0.015006508076559233,2886.7520687149454,0.17204301330800598,11494.040321933855,11515.0,0.0018235257123770943,0.9999999999999997,1.0164689643588154,0.01646896435881584
confirm2-0193-sphere-rho4-sp3.5x1x1-offset1,confirm2,sphere,3.5x1x1,3.5,4.0,3.706034791735099,4.002429891224765,12.971121771072847,5,577,98,0.04668743705546611,3290,2463.0086404143976,2427.9430855673468,-0.014236878536143194,2901.041381067129,0.17784458140554182,11494.040321933855,11515.0,0.0018235257123770943,0.9999999999999997,1.0156753613878247,0.015675361387825104
confirm2-0194-ellipsoid-rho4-sp3.5x1x1-rot0,confirm2,ellipsoid,3.5x1x1,3.5,4.0,4.0,6.073523073254897,14.0,5,577,98,0.043312242307758556,11496,6298.999513474884,6265.40627463776,-0.005333107069664167,6969.462167211897,0.10643954683640677,40229.14112676849,40236.0,0.00017049514454958725,0.9013768296955863,0.9063127432648481,0.0054759712105409974
confirm2-0195-ellipsoid-rho4-sp3.5x1x1-rot1,confirm2,ellipsoid,3.5x1x1,3.5,4.0,3.9718396498450983,6.076515390569765,13.901438774457844,5,577,98,0.043603450851950235,11513,6298.999513474884,6252.368443247107,-0.007402932819414176,7251.594109287491,0.1512295077614796,40229.14112676849,40295.5,0.0016495224947110643,0.9013768296955863,0.9090977747101344,0.008565723857308027
confirm2-0196-cylinder-rho4-sp3.5x1x1-rot0,confirm2,cylinder,3.5x1x1,3.5,4.0,3.8861344310672696,4.767991020613406,13.601470508735444,5,577,98,0.04452902179240813,5562,3940.813824663037,3733.1167727428183,-0.052704101528566416,4098.400315773638,0.039988311582842995,18965.166531190865,19467.0,0.02646079948645852,0.8727087161424514,0.9374437877484618,0.07417718009297825
confirm2-0197-cylinder-rho4-sp3.5x1x1-rot1,confirm2,cylinder,3.5x1x1,3.5,4.0,3.9408897783239207,4.72851765419735,13.793114224133722,5,577,98,0.043930734328686036,5425,3940.813824663037,3695.3551236079693,-0.06228629719041745,4671.9319056307195,0.1855246437657323,18965.166531190865,18987.5,0.0011776046771012627,0.8727087161424514,0.9314076528578987,0.06726062846594272
confirm2-0198-box-rho4-sp3.5x1x1-rot0,confirm2,box,3.5x1x1,3.5,4.0,4.0,5.709033228799194,14.0,5,577,98,0.043312242307758556,9548,6005.4400000000005,5719.170096459067,-0.047668431212522844,6129.010965524288,0.02057650488961471,31391.360000000004,33418.0,0.06456043956043933,0.8013324191666676,0.8772797019427395,0.09477625135278056
confirm2-0199-box-rho4-sp3.5x1x1-rot1,confirm2,box,3.5x1x1,3.5,4.0,3.9718396498450983,5.592464720604471,13.901438774457844,5,577,98,0.043603450851950235,8975,6005.4400000000005,5474.411953980377,-0.08842450278740999,6943.847413375026,0.15625956022789755,31391.360000000004,31412.5,0.0006734337091478526,0.8013324191666676,0.8794577564808989,0.0974942925627249
confirm2-0200-capsule-rho4-sp3.5x1x1-rot0,confirm2,capsule,3.5x1x1,3.5,4.0,3.8861344310672696,6.545386627592618,13.601470508735444,5,577,98,0.04452902179240813,14389,8004.7780813467925,8007.50908528979,0.0003411717245931367,8733.622309424103,0.0910511472861073,50286.42640846062,50361.5,0.0014929195988113708,0.8230672927423683,0.8236052804097188,0.0006536375240449033
confirm2-0201-capsule-rho4-sp3.5x1x1-rot1,confirm2,capsule,3.5x1x1,3.5,4.0,4.010191099319486,6.545993089028771,14.035668847618199,5,577,98,0.043208364040725714,14393,8004.7780813467925,7955.714154217923,-0.006129330086389384,9378.554267027417,0.1716195217056522,50286.42640846062,50375.5,0.0017713247470771964,0.8230672927423683,0.8291209080657624,0.007354945794558532
confirm2-0202-torus-rho4-sp3.5x1x1-rot0,confirm2,torus,3.5x1x1,3.5,4.0,3.7823435128210647,9.253067698789087,13.238202294873727,5,577,98,0.045735228818819924,40652,20118.201611180546,20090.377123645587,-0.0013830504372466246,23742.569252488327,0.1801536594251827,140827.4112782638,142282.0,0.01032887495788759,0.6506584872679024,0.6560385240529506,0.008268603100282101
confirm2-0203-torus-rho4-sp3.5x1x1-rot1,confirm2,torus,3.5x1x1,3.5,4.0,4.0,9.212143607050361,14.0,5,577,98,0.043312242307758556,40115,20118.201611180546,20046.481245366333,-0.0035649491540216127,24213.63303004581,0.20356846491633007,140827.4112782638,140402.5,-0.0030172483780464,0.6506584872679024,0.6516722076637159,0.0015579915049905857
confirm2-0204-sphere-rho6.5-sp3.5x1x1-offset0,confirm2,sphere,3.5x1x1,3.5,6.5,6.149498071437395,6.499424177895568,21.523243250030884,5,577,98,0.031506502486254216,14088,6503.882191094269,6489.329608051306,-0.0022375225465937065,7661.238919398054,0.177948599666911,49321.106615798206,49308.0,-0.0002657405053845263,0.9999999999999994,1.0020649747899477,0.0020649747899483817
confirm2-0205-sphere-rho6.5-sp3.5x1x1-offset1,confirm2,sphere,3.5x1x1,3.5,6.5,6.364762688555847,6.507717794946353,22.276669409945463,5,577,98,0.030930737851753723,14142,6503.882191094269,6501.5199869554635,-0.00036319909700088804,7699.048916337741,0.18376205013061386,49321.106615798206,49497.0,0.003566290301877606,0.9999999999999994,1.0027403103198833,0.0027403103198839762
confirm2-0206-ellipsoid-rho6.5-sp3.5x1x1-rot0,confirm2,ellipsoid,3.5x1x1,3.5,6.5,6.446008098673416,9.870574227807316,22.561028345356956,5,577,98,0.03072827801795081,49346,16633.29559026962,16689.641279444302,0.0033875240699530185,18525.840774408207,0.11378052977340913,172623.8731552937,172711.0,0.000504720715123419,0.9013768296955862,0.8986359489861075,-0.003040771205983117
confirm2-0207-ellipsoid-rho6.5-sp3.5x1x1-rot1,confirm2,ellipsoid,3.5x1x1,3.5,6.5,6.515288143423645,9.869040442644366,22.80350850198276,5,577,98,0.030561584561273336,49323,16633.29559026962,16624.32336924222,-0.0005394133098101106,19182.954649457475,0.15328646360853426,172623.8731552937,172630.5,3.838892376339942e-05,0.9013768296955862,0.9018863876603644,0.0005653106980243461
confirm2-0208-cylinder-rho6.5-sp3.5x1x1-rot0,confirm2,cylinder,3.5x1x1,3.5,6.5,6.420630015498352,7.62990702900811,22.47220505424423,5,577,98,0.030790694289758037,22792,10406.21150575083,9822.254021063327,-0.05611624214679756,10575.120139077824,0.01623152030243169,81379.82591606704,79772.0,-0.0197570576978785,0.8727087161424514,0.9123748038741296,0.045451691954000895
confirm2-0209-cylinder-rho6.5-sp3.5x1x1-rot1,confirm2,cylinder,3.5x1x1,3.5,6.5,6.4031242374328485,7.6774808199815,22.41093483101497,5,577,98,0.030834182182471907,23221,10406.21150575083,10011.222044916658,-0.03795708559410771,12403.483622799624,0.19193076327009417,81379.82591606704,81273.5,-0.0013065389962458873,0.8727087161424514,0.9063508347511628,0.03854908056541073
confirm2-0210-box-rho6.5-sp3.5x1x1-rot0,confirm2,box,3.5x1x1,3.5,6.5,6.571428571428571,9.0671106119424,23.0,5,577,98,0.030430355359513668,38250,15858.115,14897.58494524526,-0.060570254078415986,15568.491891158055,-0.018263400715781475,134700.81625,133875.0,-0.006130744215145034,0.8013324191666675,0.8495088545720423,0.06012041226969833
confirm2-0211-box-rho6.5-sp3.5x1x1-rot1,confirm2,box,3.5x1x1,3.5,6.5,6.541858938203035,9.08556282907943,22.89650628371062,5,577,98,0.030499053738859055,38484,15858.115,14950.747024452341,-0.057217896045504646,18612.975185308955,0.17371927150918975,134700.81625,134694.0,-5.0602885637740513e-05,0.8013324191666675,0.8499369922513605,0.06065469450897609
confirm2-0212-capsule-rho6.5-sp3.5x1x1-rot0,confirm2,capsule,3.5x1x1,3.5,6.5,6.388765649999399,10.625652762615783,22.360679774997898,5,577,98,0.03087011899563273,61559,21137.617121056373,21266.08402542117,0.006077643644932129,23062.270301433316,0.09105346025308059,215779.84144411713,215456.5,-0.0014984784581968391,0.8230672927423683,0.8172777320364272,-0.007034128019655639
confirm2-0213-capsule-rho6.5-sp3.5x1x1-rot1,confirm2,capsule,3.5x1x1,3.5,6.5,6.510587922917623,10.630311169743115,22.787057730211682,5,577,98,0.030572725669880438,61640,21137.617121056373,21129.01386808776,-0.0004070114866467911,24757.931517492256,0.171273534557,215779.84144411713,215740.0,-0.00018463932427836838,0.8230672927423683,0.8233010688905249,0.0002840304191624732
confirm2-0214-torus-rho6.5-sp3.5x1x1-rot0,confirm2,torus,3.5x1x1,3.5,6.5,6.167723755692258,14.965758218822844,21.587033144922902,5,577,98,0.031455407493430385,171997,53124.62612952363,53290.977577260564,0.0031313434061888135,62765.103936469524,0.18146909464249883,604292.6222233314,601989.5,-0.0038112698031256276,0.6506584872679025,0.6469783007393012,-0.005656095479603107
confirm2-0215-torus-rho6.5-sp3.5x1x1-rot1,confirm2,torus,3.5x1x1,3.5,6.5,6.504315678761263,14.985599582433148,22.76510487566442,5,577,98,0.030587630642321523,172682,53124.62612952363,53244.33294064048,0.0022533205377293086,63957.76129360882,0.20391927347729122,604292.6222233314,604387.0,0.000156178932520179,0.6506584872679025,0.6492632334249879,-0.0021443720019287404
confirm2-0216-sphere-rho7.5-sp3.5x1x1-offset0,confirm2,sphere,3.5x1x1,3.5,7.5,7.144285571457135,7.497280820642197,25.004999500099974,5,577,98,0.029263173956862048,21624,8659.014751456867,8651.09027020533,-0.0009151712381831878,10180.495340211519,0.17571058976411424,75766.37907524758,75684.0,-0.0010872774475042535,0.9999999999999993,1.0001903624047244,0.00019036240472503074
confirm2-0217-sphere-rho7.5-sp3.5x1x1-offset1,confirm2,sphere,3.5x1x1,3.5,7.5,7.2618657297936196,7.504093280203704,25.41653005427767,5,577,98,0.029057120988158637,21683,8659.014751456867,8663.667348164961,0.0005373124820362563,10216.874200569378,0.17991185993191694,75766.37907524758,75890.5,0.0016382058409991629,0.9999999999999993,1.0005542289771205,0.0005542289771212072
confirm2-0218-ellipsoid-rho7.5-sp3.5x1x1-rot0,confirm2,ellipsoid,3.5x1x1,3.5,7.5,7.428571428571429,11.38708945662077,26.0,5,577,98,0.028781578209199903,75764,22144.920164560142,22216.43416294342,0.003229363567439192,24549.87912836598,0.10860093176829966,265182.3267633665,265174.0,-3.1400144452131684e-05,0.9013768296955863,0.8984565179424269,-0.0032398345031185993
confirm2-0219-ellipsoid-rho7.5-sp3.5x1x1-rot1,confirm2,ellipsoid,3.5x1x1,3.5,7.5,7.543073589968048,11.388742481837298,26.40075756488817,5,577,98,0.02860281143065594,75797,22144.920164560142,22140.75530317753,-0.00018807299153311696,25508.402831652842,0.15188506628601384,265182.3267633665,265289.5,0.0004041492430568727,0.9013768296955863,0.9017892760557094,0.00045757373224497577
confirm2-0220-cylinder-rho7.5-sp3.5x1x1-rot0,confirm2,cylinder,3.5x1x1,3.5,7.5,7.450517034517313,8.773736334372444,26.076809620810597,5,577,98,0.028746676123865125,34656,13854.42360233099,13060.736289040888,-0.05728764588636981,13969.656590481785,0.00831741481698356,125014.52547415854,121296.0,-0.02974474734079746,0.8727087161424514,0.9072927698604418,0.039628404160851005
confirm2-0221-cylinder-rho7.5-sp3.5x1x1-rot1,confirm2,cylinder,3.5x1x1,3.5,7.5,7.4464071599555135,8.862208950596692,26.062425059844298,5,577,98,0.02875318895318597,35715,13854.42360233099,13436.677490117396,-0.030152543635471707,16587.92786952915,0.19730191205776704,125014.52547415854,125002.5,-9.619261532156642e-05,0.8727087161424514,0.899783511412981,0.03102386256688905
confirm2-0222-box-rho7.5-sp3.5x1x1-rot0,confirm2,box,3.5x1x1,3.5,7.5,7.428571428571429,10.374967542389227,26.0,5,577,98,0.028781578209199903,57304,21112.875,19614.30158622391,-0.07097912594926503,20391.492529370484,-0.03416789379132479,206925.46875000003,200564.0,-0.030742802171373707,0.8013324191666676,0.8447857850262394,0.05422639196946544
confirm2-0223-box-rho7.5-sp3.5x1x1-rot1,confirm2,box,3.5x1x1,3.5,7.5,7.543073589968048,10.482953318484675,26.40075756488817,5,577,98,0.02860281143065594,59112,21112.875,20025.595978707526,-0.051498387656464306,24759.946248857836,0.17274157351179475,206925.46875000003,206892.0,-0.00016174301888605136,0.8013324191666676,0.8447492337320519,0.054180778821521836
confirm2-0224-capsule-rho7.5-sp3.5x1x1-rot0,confirm2,capsule,3.5x1x1,3.5,7.5,7.412069583470198,12.2648158122996,25.942243542145693,5,577,98,0.028808027040582863,94669,28141.797942234818,28343.24539110376,0.007158300591967981,30747.61632100593,0.09259601622184688,331477.90845420817,331341.5,-0.0004115159735509355,0.8230672927423683,0.8169931908520163,-0.007379836307325305
confirm2-0225-capsule-rho7.5-sp3.5x1x1-rot1,confirm2,capsule,3.5x1x1,3.5,7.5,7.483314773547883,12.264038434706762,26.19160170741759,5,577,98,0.028695086160994195,94651,28141.797942234818,28143.763003886444,6.982715374692638e-05,32932.68992805117,0.1702411479057011,331477.90845420817,331278.5,-0.0006015738881003374,0.8230672927423683,0.822679723726681,-0.0004708837528898391
confirm2-0226-torus-rho7.5-sp3.5x1x1-rot0,confirm2,torus,3.5x1x1,3.5,7.5,7.466933911641131,17.317768303344238,26.13426869074396,5,577,98,0.028720767840900663,266502,70728.05253930662,70955.83428726072,0.0032205290514326634,83599.32407004783,0.1819825524474621,928305.6895783994,932757.0,0.004795091176940103,0.6506584872679024,0.6506413968470814,-2.6266345794945245e-05
confirm2-0227-torus-rho7.5-sp3.5x1x1-rot1,confirm2,torus,3.5x1x1,3.5,7.5,7.495576927054231,17.289476705377375,26.23451924468981,5,577,98,0.028675971826766677,265198,70728.05253930662,70962.6135824241,0.0033163792115884494,85184.74218487648,0.20439824265676831,928305.6895783994,928193.0,-0.00012139274773870223,0.6506584872679024,0.6484553056926364,-0.00338607982279171
confirm2-0228-sphere-rho8.5-sp3.5x1x1-offset0,confirm2,sphere,3.5x1x1,3.5,8.5,8.25239606516353,8.501492307199667,28.883386228072357,5,577,98,0.027656072244898147,31529,11122.023391871264,11136.324733541695,0.0012858579025183392,13122.89720609109,0.1799019606164649,110293.3986360567,110351.5,0.0005267891339082453,0.9999999999999996,0.9990665043692828,-0.000933495630716763
confirm2-0229-sphere-rho8.5-sp3.5x1x1-offset1,confirm2,sphere,3.5x1x1,3.5,8.5,8.171628369185767,8.49708589710342,28.600699292150182,5,577,98,0.027751582683550238,31480,11122.023391871264,11125.421177658853,0.0003055006870487098,13101.265263781004,0.17795699596858472,110293.3986360567,110180.0,-0.0010281543361529977,0.9999999999999996,0.9990092482547788,-0.000990751745220786
confirm2-0230-ellipsoid-rho8.5-sp3.5x1x1-rot0,confirm2,ellipsoid,3.5x1x1,3.5,8.5,8.523676508672171,12.906774574219337,29.832867780352597,5,577,98,0.027354906451358272,110326,28443.919678035025,28566.162742326036,0.004297687016231011,31589.04510454603,0.11057285571438791,386026.8952261984,386141.0,0.0002955876266981239,0.9013768296955863,0.8976964265611164,-0.004083090460304861
confirm2-0231-ellipsoid-rho8.5-sp3.5x1x1-rot1,confirm2,ellipsoid,3.5x1x1,3.5,8.5,8.523676508672171,12.90603361018014,29.832867780352597,5,577,98,0.027354906451358272,110307,28443.919678035025,28458.63607856816,0.0005173830013485148,32759.629678976926,0.15172697890419728,386026.8952261984,386074.5,0.00012331983701208138,0.9013768296955863,0.9009847790592224,-0.0004349464324441277
confirm2-0232-cylinder-rho8.5-sp3.5x1x1-rot0,confirm2,cylinder,3.5x1x1,3.5,8.5,8.403109239915853,10.098184407314912,29.410882339705484,5,577,98,0.02748515739786318,52839,17795.237426994023,17426.087599174076,-0.020744304723913087,18509.840115013583,0.040156962836335186,181984.10774949356,184936.5,0.016223352066382146,0.8727087161424515,0.9008088710560244,0.03219877880649702
confirm2-0233-cylinder-rho8.5-sp3.5x1x1-rot1,confirm2,cylinder,3.5x1x1,3.5,8.5,8.496097543542431,10.043034523182072,29.736341402398512,5,577,98,0.027384211993690365,51978,17795.237426994023,17304.75964633828,-0.02756230607587884,21301.242919818233,0.19701931526386196,181984.10774949356,181923.0,-0.00033578618621843415,0.8727087161424515,0.8972434412042195,0.02811330356618469
confirm2-0234-box-rho8.5-sp3.5x1x1-rot0,confirm2,box,3.5x1x1,3.5,8.5,8.571428571428571,11.869184022204726,30.0,5,577,98,0.02730483219859083,85800,27118.315000000002,25846.97373934509,-0.04688127786165597,26741.39266251953,-0.013899179852452925,301222.1712500001,300300.0,-0.00306143218533117,0.8013324191666675,0.8390309430799663,0.047044800649027385
confirm2-0235-box-rho8.5-sp3.5x1x1-rot1,confirm2,box,3.5x1x1,3.5,8.5,8.523676508672171,11.88189726400596,29.832867780352597,5,577,98,0.027354906451358272,86076,27118.315000000002,25886.48545508382,-0.04542426566385782,31917.11506916134,0.17695789982383991,301222.1712500001,301266.0,0.00014550306777905142,0.8013324191666675,0.8395459043620546,0.04768743193383651
confirm2-0236-capsule-rho8.5-sp3.5x1x1-rot0,confirm2,capsule,3.5x1x1,3.5,8.5,8.403109239915853,13.906542855258673,29.410882339705484,5,577,98,0.02748515739786318,138001,36146.57602358161,36452.71459588583,0.008469365732026723,39676.16060273233,0.09764644310565007,482533.61903274804,483003.5,0.0009737787145149834,0.8230672927423681,0.8166847280185595,-0.007754608620812342
confirm2-0237-capsule-rho8.5-sp3.5x1x1-rot1,confirm2,capsule,3.5x1x1,3.5,8.5,8.486483851588083,13.901704148518428,29.702693480558292,5,577,98,0.027394494766807737,137857,36146.57602358161,36198.629778807765,0.0014400743017040085,42345.794966739006,0.17150224516737334,482533.61903274804,482499.5,-7.070809452913718e-05,0.8230672927423681,0.8218449761084233,-0.001485074968623934
confirm2-0238-torus-rho8.5-sp3.5x1x1-rot0,confirm2,torus,3.5x1x1,3.5,8.5,8.403109239915853,19.618436946227273,29.410882339705484,5,577,98,0.02748515739786318,387452,90846.25415048716,91215.9628495053,0.004069608620358878,107453.45294229817,0.18280554269525662,1351338.0304884966,1356082.0,0.003510572043760485,0.6506584872679023,0.6495370251984345,-0.0017235801751803725
confirm2-0239-torus-rho8.5-sp3.5x1x1-rot1,confirm2,torus,3.5x1x1,3.5,8.5,8.504500609221266,19.595624907560588,29.765752132274432,5,577,98,0.027375252648871,386102,90846.25415048716,91169.32390188776,0.003556225343814834,109337.92837812573,0.20354911053357294,1351338.0304884966,1351357.0,1.4037576887115932e-05,0.6506584872679023,0.6483588661343838,-0.003534298220214782
confirm2-0240-sphere-rho9.5-sp3.5x1x1-offset0,confirm2,sphere,3.5x1x1,3.5,9.5,9.363411204670824,9.504948938944086,32.77193921634788,5,577,98,0.026582811827681505,44063,13892.908112337464,13931.030680568947,0.0027440308338058106,16417.921346826894,0.18174835780041732,153979.73157840688,154220.5,0.0015636371042153652,0.9999999999999993,0.9983027796535865,-0.0016972203464128421
confirm2-0241-sphere-rho9.5-sp3.5x1x1-offset1,confirm2,sphere,3.5x1x1,3.5,9.5,9.37647947509825,9.503726409711389,32.817678162843876,5,577,98,0.026572409075243084,44046,13892.908112337464,13926.244907506913,0.0023995548592050664,16408.43084932981,0.18106523966414634,153979.73157840688,154161.0,0.0011772226106319117,0.9999999999999993,0.9983889720613028,-0.0016110279386964965
confirm2-0242-ellipsoid-rho9.5-sp3.5x1x1-rot0,confirm2,ellipsoid,3.5x1x1,3.5,9.5,9.497582936339807,14.424087011976173,33.24154027718932,5,577,98,0.02647804057710487,153989,35530.294130694274,35696.151320450896,0.004668050006750191,39443.44252306607,0.11013554737198938,538929.060524424,538961.5,6.0192477919995824e-05,0.9013768296955862,0.8972247102545806,-0.004606419096004344
confirm2-0243-ellipsoid-rho9.5-sp3.5x1x1-rot1,confirm2,ellipsoid,3.5x1x1,3.5,9.5,9.506174148350928,14.425054866163235,33.27160951922825,5,577,98,0.026471482642371685,154020,35530.294130694274,35572.137018704656,0.0011776679319475125,40933.99649981287,0.15208718366478124,538929.060524424,539070.0,0.0002615176762577054,0.9013768296955862,0.9004735147142127,-0.0010021502124462067
confirm2-0244-cylinder-rho9.5-sp3.5x1x1-rot0,confirm2,cylinder,3.5x1x1,3.5,9.5,9.398219544799158,11.242375955524656,32.89376840679705,5,577,98,0.026555199346162888,72912,22228.65297973994,21647.474851276518,-0.02614544970372845,22906.033740813153,0.030473315755597197,254066.55710437137,255192.0,0.004429716797265337,0.8727087161424515,0.8987831415362695,0.02987758104338889
confirm2-0245-cylinder-rho9.5-sp3.5x1x1-rot1,confirm2,cylinder,3.5x1x1,3.5,9.5,9.450191662023558,11.22714180720384,33.075670817082454,5,577,98,0.026514537821732822,72616,22228.65297973994,21727.249852790977,-0.02255661318776092,26681.644886016387,0.20032666443329128,254066.55710437137,254156.0,0.0003520451359204646,0.8727087161424515,0.8930578873515692,0.02331725446614663
confirm2-0246-box-rho9.5-sp3.5x1x1-rot0,confirm2,box,3.5x1x1,3.5,9.5,9.714285714285714,13.356858479464472,34.0,5,577,98,0.026317901597333555,122275,33874.435000000005,32923.51983977498,-0.02807176445083226,33935.29279566857,0.0017965700584692268,420533.8637500001,427962.5,0.01766477539705602,0.8013324191666674,0.8341580445494636,0.04096380552896228
confirm2-0247-box-rho9.5-sp3.5x1x1-rot1,confirm2,box,3.5x1x1,3.5,9.5,9.506174148350928,13.2793986047419,33.27160951922825,5,577,98,0.026471482642371685,120160,33874.435000000005,32464.645100016023,-0.041618108168711365,39901.93236620366,0.1779364693818113,420533.8637500001,420560.0,6.215016732991074e-05,0.8013324191666674,0.8361652360251972,0.04346862304005317
confirm2-0248-capsule-rho9.5-sp3.5x1x1-rot0,confirm2,capsule,3.5x1x1,3.5,9.5,9.424241429983224,15.539000015395187,32.984845004941285,5,577,98,0.026534756465773874,192528,45151.95136509676,45552.11707559192,0.008862644877946524,49395.67024807865,0.09398749676768925,673661.3256555302,673848.0,0.00027710414322523746,0.8230672927423683,0.8159875282710233,-0.008601683645763747
confirm2-0249-capsule-rho9.5-sp3.5x1x1-rot1,confirm2,capsule,3.5x1x1,3.5,9.5,9.490059245852786,15.538569548332651,33.21520736048475,5,577,98,0.026483798274391002,192512,45151.95136509676,45228.849146354245,0.0017030887687599083,52883.66122298685,0.171237557273479,673661.3256555302,673792.0,0.00019397631939566118,0.8230672927423683,0.8217741719815693,-0.001571099680671928
confirm2-0250-torus-rho9.5-sp3.5x1x1-rot0,confirm2,torus,3.5x1x1,3.5,9.5,9.237236091615548,21.9049205826758,32.33032632065442,5,577,98,0.02668553309876981,539324,113479.23096306529,113992.52483603431,0.0045232406724371454,134187.7991797886,0.1824877384255752,1886592.2147609605,1887634.0,0.0005522047800730068,0.6506584872679024,0.6479670853048614,-0.0041364279659860115
confirm2-0251-torus-rho9.5-sp3.5x1x1-rot1,confirm2,torus,3.5x1x1,3.5,9.5,9.480377156021175,21.901332291311377,33.18132004607411,5,577,98,0.026491227922699114,539059,113479.23096306529,113956.27355021724,0.004203787627951261,136666.52492183045,0.20433072873319058,1886592.2147609605,1886706.5,6.057760556066327e-05,0.6506584872679024,0.64796087398595,-0.004145974170381761
confirm2-0252-sphere-rho11-sp3.5x1x1-offset0,confirm2,sphere,3.5x1x1,3.5,11.0,10.79304386715663,11.000742059643425,37.77565353504821,5,577,98,0.02565897888566066,68311,18626.502843133883,18679.963257333933,0.0028701262201646927,21979.74829597831,0.18002549813479884,239040.11982021815,239088.5,0.0002023935556016987,0.9999999999999994,0.9972726261729837,-0.002727373827015711
confirm2-0253-sphere-rho11-sp3.5x1x1-offset1,confirm2,sphere,3.5x1x1,3.5,11.0,10.774118648551317,10.999238822623807,37.70941526992961,5,577,98,0.025668861991087425,68283,18626.502843133883,18670.851692046843,0.0023809541322088457,21956.868156083776,0.1787971333640621,239040.11982021815,238990.5,-0.00020757946513527692,0.9999999999999994,0.9974866389669033,-0.002513361033096184
confirm2-0254-ellipsoid-rho11-sp3.5x1x1-rot0,confirm2,ellipsoid,3.5x1x1,3.5,11.0,11.140109551361087,16.702936502047642,38.9903834297638,5,577,98,0.025486571110064894,239113,47636.18382065382,47900.37672604252,0.0055460552084392045,52930.77074139321,0.11114632819188563,836640.4193707636,836895.5,0.00030488681078577606,0.9013768296955862,0.8965875085036203,-0.005313339586933141
confirm2-0255-ellipsoid-rho11-sp3.5x1x1-rot1,confirm2,ellipsoid,3.5x1x1,3.5,11.0,11.044437144405988,16.701026948282255,38.65553000542096,5,577,98,0.02553247844324354,239031,47636.18382065382,47712.593985459636,0.0016040362320686175,54888.575031724424,0.15224542835704957,836640.4193707636,836608.5,-3.815183921851428e-05,0.9013768296955862,0.899910414516716,-0.0016268614086356603
confirm2-0256-cylinder-rho11-sp3.5x1x1-rot0,confirm2,cylinder,3.5x1x1,3.5,11.0,10.860901604998977,12.955336466034392,38.01315561749642,5,577,98,0.025623966018324534,111576,29802.404549014216,28868.14249343238,-0.03134854619013416,30545.332262064134,0.02492844870379729,394416.19770336,390516.0,-0.009888533295717594,0.8727087161424513,0.8950030301329133,0.02554611129473683
confirm2-0257-cylinder-rho11-sp3.5x1x1-rot1,confirm2,cylinder,3.5x1x1,3.5,11.0,10.906841140929364,12.997579534011416,38.17394399325278,5,577,98,0.02560063244936146,112671,29802.404549014216,29232.058317001567,-0.01913759109855162,35786.14111488054,0.20078032817872926,394416.19770336,394348.5,-0.00017164027175908814,0.8727087161424513,0.8896343096228642,0.019394321572984152
confirm2-0258-box-rho11-sp3.5x1x1-rot0,confirm2,box,3.5x1x1,3.5,11.0,11.142857142857142,15.465393819318804,39.0,5,577,98,0.025485270149804652,189805,45416.14000000001,44393.056020057105,-0.022526880971013852,45575.05319297918,0.003499046660045968,652842.1900000001,664317.5,0.0175774638584556,0.8013324191666675,0.8293786987195687,0.034999556840677126
confirm2-0259-box-rho11-sp3.5x1x1-rot1,confirm2,box,3.5x1x1,3.5,11.0,11.091456539303811,15.375735447346784,38.82009788756334,5,577,98,0.025509768258806128,186523,45416.14000000001,43735.71161348665,-0.03700068712385851,53570.65245467935,0.17955098021715066,652842.1900000001,652830.5,-1.790631821763089e-05,0.8013324191666675,0.8321115523983615,0.03840994385788399
confirm2-0260-capsule-rho11-sp3.5x1x1-rot0,confirm2,capsule,3.5x1x1,3.5,11.0,10.935805262288365,17.99180494653601,38.27531841800928,5,577,98,0.025586071925272846,298847,60536.134240185114,61047.66959184995,0.008450082881659604,66168.85283272454,0.09304721325928855,1045800.5242134545,1045964.5,0.00015679451554007073,0.8230672927423685,0.8162558954830301,-0.00827562620869493
confirm2-0261-capsule-rho11-sp3.5x1x1-rot1,confirm2,capsule,3.5x1x1,3.5,11.0,10.995360802796489,17.99182501453611,38.48376280978771,5,577,98,0.025556493551493135,298848,60536.134240185114,60664.51325692835,0.0021207006088939107,70878.61744978276,0.17084809493388664,1045800.5242134545,1045968.0,0.00016014123407659397,0.8230672927423685,0.8214131902857639,-0.002009680704348371
confirm2-0262-torus-rho11-sp3.5x1x1-rot0,confirm2,torus,3.5x1x1,3.5,11.0,10.977713973393216,25.322543101990902,38.421998906876254,5,577,98,0.025565207713582026,833195,152143.8996845529,152884.96030773304,0.004870787620907757,179923.18554058071,0.18258560424456016,2928770.068927643,2916182.5,-0.004297902748047311,0.6506584872679024,0.64564802360466,-0.007700604481901463
confirm2-0263-torus-rho11-sp3.5x1x1-rot1,confirm2,torus,3.5x1x1,3.5,11.0,10.999072317097232,25.3601632537037,38.49675310984031,5,577,98,0.025554666108949815,836914,152143.8996845529,152837.11942819285,0.004556342680036796,183271.58377921395,0.2045937047702837,2928770.068927643,2929199.0,0.00014645433484439252,0.6506584872679024,0.6477705489555806,-0.0044384855785839505
confirm2-0264-sphere-rho13-sp3.5x1x1-offset0,confirm2,sphere,3.5x1x1,3.5,13.0,12.755151020314122,13.00069347268686,44.64302857109943,5,577,98,0.024860741337347225,112752,26015.528764377075,26109.070671738038,0.0035956181482288407,30700.852953190068,0.18009721160188685,394568.85292638565,394632.0,0.00016004069542230326,0.9999999999999994,0.9965235727080916,-0.003476427291907891
confirm2-0265-sphere-rho13-sp3.5x1x1-offset1,confirm2,sphere,3.5x1x1,3.5,13.0,12.68857754044952,13.00192325971332,44.41002139157332,5,577,98,0.024881914992273057,112784,26015.528764377075,26111.65785015386,0.0036950656143655003,30689.782455810444,0.17967167739576362,394568.85292638565,394744.0,0.000443894829293745,0.9999999999999994,0.9966133562533798,-0.0033866437466196775
confirm2-0266-ellipsoid-rho13-sp3.5x1x1-rot0,confirm2,ellipsoid,3.5x1x1,3.5,13.0,12.936264483053453,19.73793081662689,45.27692569068709,5,577,98,0.024804783529933396,394575,66533.18236107848,66909.31877473966,0.005653365738916172,73869.64537709914,0.11026773041165172,1380990.9852423496,1381012.5,1.5579216577243926e-05,0.901376829695586,0.8963189725307307,-0.005611257132672742
confirm2-0267-ellipsoid-rho13-sp3.5x1x1-rot1,confirm2,ellipsoid,3.5x1x1,3.5,13.0,12.996074760621896,19.737997514091653,45.48626166217664,5,577,98,0.024786816088306886,394579,66533.18236107848,66670.33946212678,0.002061484152433124,76660.02453523276,0.15220739208287792,1380990.9852423496,1381026.5,2.5716864215485913e-05,0.901376829695586,0.8995379002272096,-0.002040133945974021
confirm2-0268-cylinder-rho13-sp3.5x1x1-rot0,confirm2,cylinder,3.5x1x1,3.5,13.0,12.885682610033921,15.251998931145902,45.09988913511872,5,577,98,0.02482017436436915,182056,41624.84602300332,40119.70381115652,-0.03615970641705224,42246.51526358893,0.014935052017779338,651038.6073285363,637196.0,-0.02126234477143829,0.8727087161424514,0.8925689336897181,0.022756983149031518
confirm2-0269-cylinder-rho13-sp3.5x1x1-rot1,confirm2,cylinder,3.5x1x1,3.5,13.0,12.892807676992563,15.361323566200232,45.12482686947397,5,577,98,0.024817995413361327,185999,41624.84602300332,40992.691391573564,-0.015186954231143801,50102.870350010926,0.20367701353951806,651038.6073285363,650996.5,-6.46771605590235e-05,0.8727087161424514,0.8861286819242616,0.015377371090240954
confirm2-0270-box-rho13-sp3.5x1x1-rot0,confirm2,box,3.5x1x1,3.5,13.0,13.142857142857142,18.20113777568697,46.0,5,577,98,0.024743756616594757,309400,63432.46,61778.27925248684,-0.026077827464253467,63186.67385445138,-0.0038747692513994014,1077606.53,1082900.0,0.004912247515797885,0.8013324191666675,0.8254812620848542,0.030135861648153295
confirm2-0271-box-rho13-sp3.5x1x1-rot1,confirm2,box,3.5x1x1,3.5,13.0,13.078257388755224,18.17144043505116,45.77390086064329,5,577,98,0.024762528747830578,307888,63432.46,61396.68931697215,-0.03209351620649503,75015.16313885438,0.18259899015195646,1077606.53,1077608.0,1.364134272652251e-06,0.8013324191666675,0.8279034817246569,0.03315860175184415
confirm2-0272-capsule-rho13-sp3.5x1x1-rot0,confirm2,capsule,3.5x1x1,3.5,13.0,12.929952570268298,21.26682901540583,45.254833995939045,5,577,98,0.02480669423289008,493552,84550.4684842255,85317.34426822804,0.009070035893953943,92352.6942051696,0.09227891767861407,1726238.731552937,1727432.0,0.0006912534316672048,0.8230672927423682,0.8160449904299832,-0.00853186899091507
confirm2-0273-capsule-rho13-sp3.5x1x1-rot1,confirm2,capsule,3.5x1x1,3.5,13.0,12.9866493455583,21.26228930279046,45.45327270945405,5,577,98,0.024789631082091035,493236,84550.4684842255,84801.74522842767,0.0029719142744792926,99111.36765453254,0.17221547593226716,1726238.731552937,1726326.0,5.0554100929245394e-05,0.8230672927423682,0.8206561125114296,-0.00292950558502314
confirm2-0274-torus-rho13-sp3.5x1x1-rot0,confirm2,torus,3.5x1x1,3.5,13.0,12.720704639704996,29.987346282888957,44.52246623896749,5,577,98,0.024871655482675455,1383690,212498.50451809453,213597.55506698322,0.005172038981550164,251279.54672378156,0.18250030650161486,4834340.977786651,4842915.0,0.0017735658805917431,0.6506584872679024,0.648075710994265,-0.003969480647954771
confirm2-0275-torus-rho13-sp3.5x1x1-rot1,confirm2,torus,3.5x1x1,3.5,13.0,12.999215046945514,29.96967317947657,45.4972526643093,5,577,98,0.024785879570246007,1381245,212498.50451809453,213534.51370624907,0.004875371666751338,256013.87924321604,0.20477967515021311,4834340.977786651,4834357.5,3.4176764578397467e-06,0.6506584872679024,0.6475031512428193,-0.004849450344269313
confirm2-0276-sphere-rho15-sp3.5x1x1-offset0,confirm2,sphere,3.5x1x1,3.5,15.0,14.708736817806967,15.0005111542148,51.480578862324386,5,577,98,0.024361646076280392,173198,34636.05900582747,34774.56980288541,0.003999034562062631,40863.45813187542,0.17979525687377418,606131.0326019806,606193.0,0.00010223432671541133,0.9999999999999993,0.9960847776041614,-0.0039152223958379695
confirm2-0277-sphere-rho15-sp3.5x1x1-offset1,confirm2,sphere,3.5x1x1,3.5,15.0,14.741306673730778,15.000944186874817,51.59457335805772,5,577,98,0.024354965868581515,173213,34636.05900582747,34775.977740536546,0.004039684038115832,40860.232173450786,0.17970211814733617,606131.0326019806,606245.5,0.00018884926173146077,0.9999999999999993,0.9961019583639426,-0.0038980416360567816
confirm2-0278-ellipsoid-rho15-sp3.5x1x1-rot0,confirm2,ellipsoid,3.5x1x1,3.5,15.0,15.02446983682123,22.774016090505487,52.58564442887431,5,577,98,0.024298706532655374,606099,88579.68065824057,89103.88660505998,0.005917902874835512,98355.023261247,0.1103564895511624,2121458.614106932,2121346.5,-5.2847652170395776e-05,0.9013768296955862,0.8960423805366659,-0.005918112140426257
confirm2-0279-ellipsoid-rho15-sp3.5x1x1-rot1,confirm2,ellipsoid,3.5x1x1,3.5,15.0,15.051611887374829,22.774967944291753,52.6806416058119,5,577,98,0.02429348003835624,606175,88579.68065824057,88807.05225725408,0.0025668595475158984,102108.38780076451,0.1527292381502321,2121458.614106932,2121612.5,7.253777756699442e-05,0.9013768296955862,0.8991125228530333,-0.0025120535251805798
confirm2-0280-cylinder-rho15-sp3.5x1x1-rot0,confirm2,cylinder,3.5x1x1,3.5,15.0,14.901034069034626,17.726340753464232,52.15361924162119,5,577,98,0.02432283680768262,285813,55417.69440932396,54442.697238025954,-0.017593607631824604,57244.64539685924,0.032966925221412646,1000116.2037932683,1000345.5,0.00022926956473856563,0.8727087161424514,0.8884735565562095,0.01806426373675052
confirm2-0281-cylinder-rho15-sp3.5x1x1-rot1,confirm2,cylinder,3.5x1x1,3.5,15.0,14.907195906538504,17.724872807145676,52.175185672884766,5,577,98,0.024321618007246533,285742,55417.69440932396,54718.94011992248,-0.012608866118470452,66806.14698024835,0.205502099867372,1000116.2037932683,1000097.0,-1.9201561973991588e-05,0.8727087161424514,0.8838417872922446,0.012756915272948754
confirm2-0282-box-rho15-sp3.5x1x1-rot0,confirm2,box,3.5x1x1,3.5,15.0,15.142857142857142,20.936737893076323,53.0,5,577,98,0.02427611535293713,470925,84451.5,82029.19702220485,-0.028682770321369566,83668.29451592357,-0.009274026915761513,1655403.7500000002,1648237.5,-0.0043290043290045155,0.8013324191666674,0.8226129170602959,0.026556392059813083
confirm2-0283-box-rho15-sp3.5x1x1-rot1,confirm2,box,3.5x1x1,3.5,15.0,15.051611887374829,20.967162723791137,52.6806416058119,5,577,98,0.02429348003835624,472981,84451.5,82025.27021377633,-0.028729268115115447,99930.96753989137,0.18329416931483,1655403.7500000002,1655433.5,1.7971446542697223e-05,0.8013324191666674,0.825044957668963,0.02959138796225802
confirm2-0284-capsule-rho15-sp3.5x1x1-rot0,confirm2,capsule,3.5x1x1,3.5,15.0,14.848898811641465,24.532146887494275,51.97114584074513,5,577,98,0.024333209872844593,757585,112567.19176893927,113637.45703444452,0.009507790402217164,123146.3341245591,0.09398069001610243,2651823.2676336654,2651547.5,-0.00010399170903696575,0.8230672927423682,0.8152589193747665,-0.009486919765193336
confirm2-0285-capsule-rho15-sp3.5x1x1-rot1,confirm2,capsule,3.5x1x1,3.5,15.0,14.993876301030772,24.53281609804127,52.478567053607705,5,577,98,0.024304631707616025,757647,112567.19176893927,112887.84380456441,0.002848538997786587,131831.19483586063,0.17113337167070464,2651823.2676336654,2651764.5,-2.2161218050431586e-05,0.8230672927423682,0.8207172873823578,-0.002855180105845845
confirm2-0286-torus-rho15-sp3.5x1x1-rot0,confirm2,torus,3.5x1x1,3.5,15.0,15.0,34.52885487491023,52.5,5,577,98,0.02430344280312188,2112376,282912.2101572265,284358.2002718244,0.005111091224356379,334604.0901238652,0.1827134994912778,7426445.516627195,7393316.0,-0.0044610192794144465,0.6506584872679023,0.6454231623146996,-0.00804619482516189
confirm2-0287-torus-rho15-sp3.5x1x1-rot1,confirm2,torus,3.5x1x1,3.5,15.0,14.996598253726527,34.58127852836405,52.48809388804284,5,577,98,0.024304103065871805,2122012,282912.2101572265,284345.5171181708,0.005066260519995813,340795.1595133393,0.20459685824074114,7426445.516627195,7427042.0,8.031882432435467e-05,0.6506584872679023,0.6474133621280223,-0.00498744764477943
confirm2-0288-sphere-rho4-sp5x1x1-offset0,confirm2,sphere,5x1x1,5.0,4.0,3.8470768123342687,3.9950073814801264,19.235384061671343,5,577,98,0.0546498336184567,6677,5026.548245743669,5008.185051680736,-0.0036532413825893784,6063.042029168298,0.2062038863950626,33510.32163829113,33385.0,-0.0037397921644514165,0.9999999999999994,1.001162737774387,0.0011627377743876899
confirm2-0289-sphere-rho4-sp5x1x1-offset1,confirm2,sphere,5x1x1,5.0,4.0,3.8,4.000186137435963,19.0,5,577,98,0.0550665070753836,6703,5026.548245743669,5015.38352330089,-0.0022211509562716225,6072.476315454126,0.2080807780162297,33510.32163829113,33515.0,0.0001396095734136349,0.9999999999999994,1.002319373518408,0.0023193735184086073
confirm2-0290-ellipsoid-rho4-sp5x1x1-rot0,confirm2,ellipsoid,5x1x1,5.0,4.0,4.0,6.075746470429596,20.0,5,577,98,0.05339634096886825,23487,12855.101047907929,12955.961818145657,0.007845972572432025,14627.497750889379,0.13787497246238245,117286.12573401893,117435.0,0.0012693254641105156,0.9013768296955863,0.8951163703059304,-0.00694544077838144
confirm2-0291-ellipsoid-rho4-sp5x1x1-rot1,confirm2,ellipsoid,5x1x1,5.0,4.0,3.9698866482558417,6.073072209959411,19.849433241279208,5,577,98,0.05363176852234425,23456,12855.101047907929,12875.855837786185,0.0016145178323303533,15237.097485261991,0.18529581591594835,117286.12573401893,117280.0,-5.222897406320648e-05,0.9013768296955863,0.8998925515260499,-0.001646678859093531
confirm2-0292-cylinder-rho4-sp5x1x1-rot0,confirm2,cylinder,5x1x1,5.0,4.0,3.9395431207184415,4.761398275192951,19.697715603592208,5,577,98,0.05387447734036075,11304,8042.47719318987,7681.559336705439,-0.04487645383564731,8362.762492871514,0.03982420987812696,55292.03070318036,56520.0,0.02220879358567318,0.8727087161424516,0.9271916324518684,0.062429669031200064
confirm2-0293-cylinder-rho4-sp5x1x1-rot1,confirm2,cylinder,5x1x1,5.0,4.0,3.9395431207184415,4.724324368328218,19.697715603592208,5,577,98,0.05387447734036075,11042,8042.47719318987,7665.418499118977,-0.04688340234152921,9840.419343090696,0.22355576605467653,55292.03070318036,55210.0,-0.0014835899882339465,0.8727087161424516,0.9147310449088345,0.048151608880601104
confirm2-0294-box-rho4-sp5x1x1-rot0,confirm2,box,5x1x1,5.0,4.0,4.0,5.696729239734403,20.0,5,577,98,0.05339634096886825,19360,12256.0,11933.68582908496,-0.02629848000285906,12538.80198489507,0.023074574485563826,91520.0,96800.0,0.05769230769230771,0.8013324191666675,0.854331518899193,0.06613871904451463
confirm2-0295-box-rho4-sp5x1x1-rot1,confirm2,box,5x1x1,5.0,4.0,4.084115571332427,5.592533262507504,20.42057785666214,5,577,98,0.05276608767023425,18317,12256.0,11423.509210406139,-0.06792516233631374,14789.020291625227,0.2066759376326066,91520.0,91585.0,0.0007102272727272929,0.8013324191666675,0.8601367193188098,0.07338315378940341
confirm2-0296-capsule-rho4-sp5x1x1-rot0,confirm2,capsule,5x1x1,5.0,4.0,3.9293765408777,6.5495219808669916,19.6468827043885,5,577,98,0.053957057024556346,29421,16336.281798666925,16490.293247132886,0.009427570506192362,18129.553483871896,0.10977232807965542,146607.6571675237,147105.0,0.003392338722854049,0.8230672927423683,0.8172232276683938,-0.007100349054696031
confirm2-0297-capsule-rho4-sp5x1x1-rot1,confirm2,capsule,5x1x1,5.0,4.0,4.009987531152684,6.535765252354693,20.049937655763422,5,577,98,0.05331942682619035,29236,16336.281798666925,16335.029008368749,-7.668760331247526e-05,19642.470067811133,0.20238315608720714,146607.6571675237,146180.0,-0.0029170179497174376,0.8230672927423683,0.8215289132735455,-0.001869081036736553
confirm2-0298-torus-rho4-sp5x1x1-rot0,confirm2,torus,5x1x1,5.0,4.0,3.9698866482558417,9.17941967381474,19.849433241279208,5,577,98,0.05363176852234425,80998,41057.554308531726,41312.65967271677,0.0062133599646005955,49722.99240339671,0.21105587609402043,410575.54308531724,404990.0,-0.01360417876657738,0.6506584872679024,0.6407626206819207,-0.015209002540694128
confirm2-0299-torus-rho4-sp5x1x1-rot1,confirm2,torus,5x1x1,5.0,4.0,3.989987468652001,9.218952092468657,19.949937343260004,5,577,98,0.053474028118005223,82049,41057.554308531726,41296.102581661406,0.005810094564743906,50814.935597725904,0.23765130323816197,410575.54308531724,410245.0,-0.0008050725156041327,0.6506584872679024,0.6465526899470246,-0.00631021864959902
confirm2-0300-sphere-rho6.5-sp5x1x1-offset0,confirm2,sphere,5x1x1,5.0,6.5,6.330876716537765,6.505595721412147,31.654383582688826,5,577,98,0.04410815225398703,28833,13273.228961416875,13388.155569105342,0.008658526724924176,16150.107453019007,0.2167429266808214,143793.31374868282,144165.0,0.0025848646340176362,0.9999999999999993,0.9931235150530183,-0.00687648494698101
confirm2-0301-sphere-rho6.5-sp5x1x1-offset1,confirm2,sphere,5x1x1,5.0,6.5,6.241794613730894,6.502811757692998,31.20897306865447,5,577,98,0.044285568589689836,28796,13273.228961416875,13371.23455975651,0.007383704343873143,16113.2307370503,0.21396464898547674,143793.31374868282,143980.0,0.0012982957722460498,0.9999999999999993,0.9935294158732989,-0.006470584126700429
confirm2-0302-ellipsoid-rho6.5-sp5x1x1-rot0,confirm2,ellipsoid,5x1x1,5.0,6.5,6.477653896280659,9.869197844289173,32.38826948140329,5,577,98,0.043831638396714695,100664,33945.50120463187,34331.609329598796,0.011374353338881926,38599.71821559274,0.13710850763122018,503276.59812038986,503320.0,8.623862061596377e-05,0.9013768296955864,0.8912907948520591,-0.011189587430302184
confirm2-0303-ellipsoid-rho6.5-sp5x1x1-rot1,confirm2,ellipsoid,5x1x1,5.0,6.5,6.5360538553472765,9.869067121242624,32.68026927673638,5,577,98,0.04372676408771097,100660,33945.50120463187,34134.358679182405,0.005563549449809413,40177.140158437105,0.18357775648205554,503276.59812038986,503300.0,4.649904187381537e-05,0.9013768296955864,0.896417508449078,-0.0055019400134606045
confirm2-0304-cylinder-rho6.5-sp5x1x1-rot0,confirm2,cylinder,5x1x1,5.0,6.5,6.428063471995278,7.628031898180813,32.14031735997639,5,577,98,0.043922945891097714,46480,21237.166338267,20120.937161475,-0.05256017488456921,21548.516237731827,0.014660614062423472,237258.96768532664,232400.0,-0.02047959549318712,0.8727087161424514,0.9085036341495514,0.04101588232706188
confirm2-0305-cylinder-rho6.5-sp5x1x1-rot1,confirm2,cylinder,5x1x1,5.0,6.5,6.449806198638839,7.681378031337923,32.2490309931942,5,577,98,0.04388265316686367,47462,21237.166338267,20734.640885209395,-0.023662547302843784,26207.642142459237,0.23404609282717703,237258.96768532664,237310.0,0.00021509119411255995,0.8727087161424514,0.8939878835459005,0.024382897763995492
confirm2-0306-box-rho6.5-sp5x1x1-rot0,confirm2,box,5x1x1,5.0,6.5,6.6,9.08233122596382,33.0,5,577,98,0.04361510799795973,78455,32363.5,31097.50345663743,-0.03911803554506066,31999.952828051108,-0.01123324646434698,392713.75,392275.0,-0.0011172259692969755,0.8013324191666675,0.8333338446737872,0.03993526873703557
confirm2-0307-box-rho6.5-sp5x1x1-rot1,confirm2,box,5x1x1,5.0,6.5,6.5360538553472765,9.085841402913436,32.68026927673638,5,577,98,0.04372676408771097,78546,32363.5,30960.631132659844,-0.04334725438658227,39387.04303466376,0.2170205025619527,392713.75,392730.0,4.1378739603636916e-05,0.8013324191666675,0.837665002380136,0.04534021380446829
confirm2-0308-capsule-rho6.5-sp5x1x1-rot0,confirm2,capsule,5x1x1,5.0,6.5,6.4031242374328485,10.625635501662837,32.01562118716424,5,577,98,0.043969668604077125,125630,43137.99412460485,43603.11059948984,0.010782060787098535,47658.233598402105,0.10478557395924493,629095.7476504873,628150.0,-0.0015033445290633107,0.8230672927423683,0.8134712865838098,-0.011658835484259944
confirm2-0309-capsule-rho6.5-sp5x1x1-rot1,confirm2,capsule,5x1x1,5.0,6.5,6.499230723708768,10.633073229191696,32.49615361854384,5,577,98,0.04379256142631438,125894,43137.99412460485,43501.27084642586,0.008421270603627962,52283.78341797254,0.212012391372439,629095.7476504873,629470.0,0.0005949052285130207,0.8230672927423683,0.8165175762797464,-0.007957692548806072
confirm2-0310-torus-rho6.5-sp5x1x1-rot0,confirm2,torus,5x1x1,5.0,6.5,6.174139616173252,14.973793788271767,30.870698080866262,5,577,98,0.0444254724472771,351580,108417.6043459666,109450.59639915693,0.009527899637903792,131408.45108510208,0.21205824347280733,1761786.070621957,1757900.0,-0.0022057562417808763,0.6506584872679023,0.6435694738099825,-0.010895137152035606
confirm2-0311-torus-rho6.5-sp5x1x1-rot1,confirm2,torus,5x1x1,5.0,6.5,6.502307282803544,14.988359592958627,32.51153641401772,5,577,98,0.04378702125305449,352607,108417.6043459666,109512.8509777401,0.010102110615528126,134358.2320844865,0.2392658267539458,1761786.070621957,1763035.0,0.0007088995644073393,0.6506584872679023,0.6444555903002483,-0.00953326067212279
confirm2-0312-sphere-rho7.5-sp5x1x1-offset0,confirm2,sphere,5x1x1,5.0,7.5,7.378346698278686,7.504544313136684,36.89173349139343,5,577,98,0.04248024051787236,44259,17671.458676442588,17844.01596309083,0.009764744937455383,21468.004069912455,0.21484052125990893,220893.23345553232,221295.0,0.0018188268521523998,0.9999999999999992,0.991530144997759,-0.008469855002240179
confirm2-0313-sphere-rho7.5-sp5x1x1-offset1,confirm2,sphere,5x1x1,5.0,7.5,7.0285133563222315,7.491635581411829,35.14256678161116,5,577,98,0.04294380239692901,44031,17671.458676442588,17755.093329214804,0.00473275320976807,21309.191506420582,0.2058535685470817,220893.23345553232,220155.0,-0.003342037435840828,0.9999999999999992,0.993070773282235,-0.006929226717764192
confirm2-0314-ellipsoid-rho7.5-sp5x1x1-rot0,confirm2,ellipsoid,5x1x1,5.0,7.5,7.467261881037788,11.386392036589623,37.33630940518894,5,577,98,0.042372679403453684,154592,45193.714621551306,45720.967313125635,0.011666504866650218,51348.977459774294,0.1361973205735949,773126.317094363,772960.0,-0.0002151227951832091,0.9013768296955862,0.8908543967694822,-0.011673733536791353
confirm2-0315-ellipsoid-rho7.5-sp5x1x1-rot1,confirm2,ellipsoid,5x1x1,5.0,7.5,7.517978451685001,11.38511521591425,37.589892258425,5,577,98,0.04231302933894978,154540,45193.714621551306,45439.55649990589,0.005439736043236332,53435.69344691263,0.18237002411461467,773126.317094363,772700.0,-0.0005514197162053147,0.9013768296955862,0.8961705102393832,-0.005775963264954664
confirm2-0316-cylinder-rho7.5-sp5x1x1-rot0,confirm2,cylinder,5x1x1,5.0,7.5,7.42159012611179,8.772142784127514,37.107950630558946,5,577,98,0.04242744583694557,70688,28274.333882308136,26742.034573202305,-0.05419400207566427,28511.392204631164,0.008384223066395968,364473.8352016284,353440.0,-0.030273325917961835,0.8727087161424514,0.9039966287894583,0.03585149554287237
confirm2-0317-cylinder-rho7.5-sp5x1x1-rot1,confirm2,cylinder,5x1x1,5.0,7.5,7.467261881037788,8.862664671912473,37.33630940518894,5,577,98,0.042372679403453684,72899,28274.333882308136,27727.1899208981,-0.019351259120286235,35008.845029987344,0.23818460854680423,364473.8352016284,364495.0,5.806945884034853e-05,0.8727087161424514,0.8899644333210955,0.01977259635370432
confirm2-0318-box-rho7.5-sp5x1x1-rot0,confirm2,box,5x1x1,5.0,7.5,7.6,10.372100103311563,38.0,5,577,98,0.042219075486804,116850,43087.5,40717.296658035426,-0.05500907088980733,41730.395918869464,-0.03149646837552733,603281.25,584250.0,-0.031546231546231596,0.8013324191666674,0.8300501562811312,0.0358374832061934
confirm2-0319-box-rho7.5-sp5x1x1-rot1,confirm2,box,5x1x1,5.0,7.5,7.5630681604756145,10.483540282767816,37.815340802378074,5,577,98,0.04226100183697652,120657,43087.5,41472.91287808024,-0.03747228597434893,52553.26014375164,0.21968691949525132,603281.25,603285.0,6.216006215975511e-06,0.8013324191666674,0.8325326410983088,0.03893542952385176
confirm2-0320-capsule-rho7.5-sp5x1x1-rot0,confirm2,capsule,5x1x1,5.0,7.5,7.4,12.259628406841225,37.0,5,577,98,0.04245368891975834,192957,57432.2406984384,58042.803748224724,0.0106310156518572,63221.73254180323,0.1008056062754703,966407.896367954,964785.0,-0.001679307851325862,0.8230672927423685,0.8134972767882349,-0.011627258230912485
confirm2-0321-capsule-rho7.5-sp5x1x1-rot1,confirm2,capsule,5x1x1,5.0,7.5,7.496665925596526,12.267586361868029,37.48332962798263,5,577,98,0.0423379485192962,193333,57432.2406984384,57907.63472625012,0.008277476588592236,69498.15907775584,0.2100896331500004,966407.896367954,966665.0,0.00026604049181755407,0.8230672927423685,0.8164550779618316,-0.008033625973042469
confirm2-0322-torus-rho7.5-sp5x1x1-rot0,confirm2,torus,5x1x1,5.0,7.5,7.102112361825881,17.255511659713818,35.510561809129406,5,577,98,0.04284056107514925,538037,144342.96436593187,145767.7451455079,0.009870801710598176,175010.84855570595,0.21246538980608864,2706430.5818612226,2690185.0,-0.006002585830245266,0.6506584872679024,0.641717850152704,-0.013740906005452969
confirm2-0323-torus-rho7.5-sp5x1x1-rot1,confirm2,torus,5x1x1,5.0,7.5,7.496665925596526,17.288748233721954,37.48332962798263,5,577,98,0.0423379485192962,541152,144342.96436593187,145913.20862792287,0.010878564597095242,178949.7665843131,0.23975399404052422,2706430.5818612226,2705760.0,-0.0002477735308331619,0.6506584872679024,0.6435501041491171,-0.010924906472262075
confirm2-0324-sphere-rho8.5-sp5x1x1-offset0,confirm2,sphere,5x1x1,5.0,8.5,8.024961059095551,8.492811811545973,40.124805295477756,5,577,98,0.04177752814856296,64148,22698.006922186254,22837.685643971636,0.00615378796315591,27443.81758900949,0.2090849070181764,321555.09806430526,320740.0,-0.002534862825102069,0.9999999999999993,0.9922035663331741,-0.007796433666825253
confirm2-0325-sphere-rho8.5-sp5x1x1-offset1,confirm2,sphere,5x1x1,5.0,8.5,8.345058418010026,8.503302107815554,41.72529209005013,5,577,98,0.04148852078992325,64386,22698.006922186254,22927.893530930032,0.010128052631752205,27588.55453748873,0.21546154391741723,321555.09806430526,321930.0,0.0011659026336436895,0.9999999999999993,0.9907428220181586,-0.00925717798184078
confirm2-0326-ellipsoid-rho8.5-sp5x1x1-rot0,confirm2,ellipsoid,5x1x1,5.0,8.5,8.409518416651455,12.904249877825317,42.04759208325728,5,577,98,0.04143427762958307,225023,58048.81566945924,58710.10969000918,0.011392032945434671,65852.53129686957,0.13443367513036164,1125442.8432250684,1125115.0,-0.0002913015325851642,0.9013768296955862,0.891050891779352,-0.011455739238073637
confirm2-0327-ellipsoid-rho8.5-sp5x1x1-rot1,confirm2,ellipsoid,5x1x1,5.0,8.5,8.54400374531753,12.904517488620346,42.720018726587654,5,577,98,0.0413250350420097,225037,58048.81566945924,58462.345116735596,0.007123822295205251,68800.3695010284,0.18521573106315392,1125442.8432250684,1125185.0,-0.0002291037937827145,0.9013768296955862,0.8948642976359434,-0.007225093706748731
confirm2-0328-cylinder-rho8.5-sp5x1x1-rot0,confirm2,cylinder,5x1x1,5.0,8.5,8.402380615040002,9.914027396570315,42.01190307520001,5,577,98,0.041440222693615324,102042,36316.811075498015,34279.52597196109,-0.05609757694037809,36439.67942650004,0.0033832362303671815,530565.9118061038,510210.0,-0.038366414715204855,0.8727087161424513,0.9007728637858987,0.03215751959886082
confirm2-0329-cylinder-rho8.5-sp5x1x1-rot1,confirm2,cylinder,5x1x1,5.0,8.5,8.461678320522472,10.043395826020546,42.30839160261236,5,577,98,0.04139128939189738,106089,36316.811075498015,35691.27046893965,-0.017224546650253747,44932.55379275806,0.23723841554670133,530565.9118061038,530445.0,-0.0002278921495204589,0.8727087161424513,0.887869267750826,0.017371834757635263
confirm2-0330-box-rho8.5-sp5x1x1-rot0,confirm2,box,5x1x1,5.0,8.5,8.6,11.884482643395454,43.0,5,577,98,0.041281053169628094,175780,55343.50000000001,53798.20732869061,-0.027921845768868914,54903.17918433873,-0.007956143280805739,878198.7500000001,878900.0,0.0007985094490283728,0.8013324191666674,0.8247885624537509,0.029271426846147364
confirm2-0331-box-rho8.5-sp5x1x1-rot1,confirm2,box,5x1x1,5.0,8.5,8.548684109265004,11.880898233382743,42.74342054632502,5,577,98,0.04132132575164144,175621,55343.50000000001,53493.80374992713,-0.033422104674855735,67610.43558904831,0.22165088201953798,878198.7500000001,878105.0,-0.00010675260013759402,0.8013324191666674,0.8289817018174118,0.034504135848513195
confirm2-0332-capsule-rho8.5-sp5x1x1-rot0,confirm2,capsule,5x1x1,5.0,8.5,8.459314393022641,13.90490176861952,42.2965719651132,5,577,98,0.041393220465738234,281535,73768.52249710532,74679.0399687902,0.012342899665919171,81422.15316672742,0.10375198540708785,1406803.5540313355,1407675.0,0.0006194510713080081,0.8230672927423683,0.8133678399641312,-0.011784519763772483
confirm2-0333-capsule-rho8.5-sp5x1x1-rot1,confirm2,capsule,5x1x1,5.0,8.5,8.499411744350311,13.901509521733862,42.49705872175156,5,577,98,0.04136068304769994,281329,73768.52249710532,74405.10201016409,0.008629419317483844,89264.08887236034,0.21005661833423694,1406803.5540313355,1406645.0,-0.0001127051683095237,0.8230672927423683,0.8159641521386343,-0.008630084886579792
confirm2-0334-torus-rho8.5-sp5x1x1-rot0,confirm2,torus,5x1x1,5.0,8.5,8.032434251209281,19.53238496273508,40.162171256046406,5,577,98,0.041770384447649224,780359,185400.51867446362,187339.06051385996,0.01045596772466495,224854.54286611982,0.21280428163705278,3939761.021832352,3901795.0,-0.009636630653981682,0.6506584872679023,0.6397820999941665,-0.016715969262777963
confirm2-0335-torus-rho8.5-sp5x1x1-rot1,confirm2,torus,5x1x1,5.0,8.5,8.497058314499201,19.596443341323603,42.485291572496,5,577,98,0.041362580047565364,788062,185400.51867446362,187505.85449390375,0.011355609113137488,229893.59072418977,0.23998353601075695,3939761.021832352,3940310.0,0.00013934301207751965,0.6506584872679023,0.6434125871682128,-0.011136256948118595
confirm2-0336-sphere-rho9.5-sp5x1x1-offset0,confirm2,sphere,5x1x1,5.0,9.5,9.314504817756013,9.503240187144781,46.57252408878007,5,577,98,0.04078763428475694,89876,28352.873698647883,28654.61282458227,0.010642276657437222,34451.19914937978,0.21508667923924496,448920.50022859144,449380.0,0.001023566023771627,0.9999999999999992,0.9901448654038256,-0.009855134596173598
confirm2-0337-sphere-rho9.5-sp5x1x1-offset1,confirm2,sphere,5x1x1,5.0,9.5,9.114823092084674,9.496644656079148,45.574115460423364,5,577,98,0.04091391994265846,89689,28352.873698647883,28602.910819217184,0.008818757605555394,34363.94357106399,0.21200919301180976,448920.50022859144,448445.0,-0.0010592080966436157,0.9999999999999992,0.9905582435085203,-0.009441756491478936
confirm2-0338-ellipsoid-rho9.5-sp5x1x1-rot0,confirm2,ellipsoid,5x1x1,5.0,9.5,9.45304183847718,14.423547454935639,47.265209192385896,5,577,98,0.04070468113362914,314228,72510.80434835565,73348.95449093259,0.011558969040672995,82279.45298543098,0.13471990450064353,1571221.7508000701,1571140.0,-5.203008425036515e-05,0.9013768296955863,0.8910459905970655,-0.011461176677915907
confirm2-0339-ellipsoid-rho9.5-sp5x1x1-rot1,confirm2,ellipsoid,5x1x1,5.0,9.5,9.535197952848174,14.423838158796471,47.67598976424087,5,577,98,0.04065718653139522,314247,72510.80434835565,73095.6245721369,0.008065283912334742,86084.45866583401,0.18719492135638083,1571221.7508000701,1571235.0,8.432418863391078e-06,0.9013768296955863,0.89417016066806,-0.00799517891974233
confirm2-0340-cylinder-rho9.5-sp5x1x1-rot0,confirm2,cylinder,5x1x1,5.0,9.5,9.440338976964757,11.245170743967652,47.20169488482379,5,577,98,0.040712135575755766,148911,45364.59791783662,44294.459491652924,-0.023589725806054895,47001.97275262873,0.03609367017332965,740718.825377176,744555.0,0.005178988965037545,0.8727087161424513,0.896876354408369,0.027692674335537237
confirm2-0341-cylinder-rho9.5-sp5x1x1-rot1,confirm2,cylinder,5x1x1,5.0,9.5,9.45304183847718,11.226108403572642,47.265209192385896,5,577,98,0.04070468113362914,148155,45364.59791783662,44796.36796711099,-0.012525845633081345,56336.32801124058,0.2418566590907676,740718.825377176,740775.0,7.583798453536517e-05,0.8727087161424513,0.8838234749793342,0.012735931968242964
confirm2-0342-box-rho9.5-sp5x1x1-rot0,confirm2,box,5x1x1,5.0,9.5,9.6,13.353899343045729,48.0,5,577,98,0.04062058139447494,249375,69131.5,68262.90262538774,-0.0125644225080066,69437.76441078083,0.0044301716407257885,1226046.2500000002,1246875.0,0.01698855161459023,0.8013324191666675,0.8206941132926983,0.024161875475056327
confirm2-0343-box-rho9.5-sp5x1x1-rot1,confirm2,box,5x1x1,5.0,9.5,9.535197952848174,13.279064843159315,47.67598976424087,5,577,98,0.04065718653139522,245206,69131.5,67071.9304827193,-0.029792055969864673,84616.32066395911,0.2239908097460508,1226046.2500000002,1226030.0,-1.3253986136496643e-05,0.8013324191666675,0.8259315371677551,0.030697769630572358
confirm2-0344-capsule-rho9.5-sp5x1x1-rot0,confirm2,capsule,5x1x1,5.0,9.5,9.45304183847718,15.539760807601919,47.265209192385896,5,577,98,0.04070468113362914,392972,92146.83952060563,93336.45362212902,0.01290998267235599,101807.2686369957,0.10483733535136408,1964027.1885000877,1964860.0,0.0004240325718445348,0.8230672927423683,0.8128066283744182,-0.012466373598400193
confirm2-0345-capsule-rho9.5-sp5x1x1-rot1,confirm2,capsule,5x1x1,5.0,9.5,9.493155429044654,15.53657025430123,47.46577714522327,5,577,98,0.04068133733690595,392730,92146.83952060563,93005.96861149627,0.009323478649514882,111583.18318229701,0.21092794677287952,1964027.1885000877,1963650.0,-0.00019204851251364286,0.8230672927423683,0.815359919336641,-0.00936420809536398
confirm2-0346-torus-rho9.5-sp5x1x1-rot0,confirm2,torus,5x1x1,5.0,9.5,9.433981132056605,21.925034405007768,47.16990566028302,5,577,98,0.040715877873218884,1103696,231590.26727156178,234084.4454400117,0.010769788375973866,280775.87101637607,0.21238199827775772,5500268.847699592,5518480.0,0.003310956755872896,0.6506584872679024,0.645145813425654,-0.008472453599116192
confirm2-0347-torus-rho9.5-sp5x1x1-rot1,confirm2,torus,5x1x1,5.0,9.5,9.505787710652916,21.900115119582928,47.52893855326458,5,577,98,0.0406740471933567,1099937,231590.26727156178,234244.86920107715,0.01146249348381545,287054.18025853136,0.23949155394312327,5500268.847699592,5499685.0,-0.00010614893848981399,0.6506584872679024,0.6432393155187721,-0.011402558937305574
confirm2-0348-sphere-rho11-sp5x1x1-offset0,confirm2,sphere,5x1x1,5.0,11.0,10.932520294973159,10.995157609959843,54.662601474865795,5,577,98,0.04000617562371086,139198,38013.2711084365,38366.2621102333,0.009285993851722463,46043.94813760822,0.21125982571358937,696909.9703213357,695990.0,-0.0013200705406919422,0.9999999999999992,0.9899273004132052,-0.01007269958679402
confirm2-0349-sphere-rho11-sp5x1x1-offset1,confirm2,sphere,5x1x1,5.0,11.0,10.609429767899876,11.00276165597781,53.04714883949938,5,577,98,0.04013414522426502,139487,38013.2711084365,38431.324947781046,0.010997576034748713,46174.906277054426,0.21470488938813181,696909.9703213357,697435.0,0.0007533680116846853,0.9999999999999992,0.989618774580766,-0.010381225419233253
confirm2-0350-ellipsoid-rho11-sp5x1x1-rot0,confirm2,ellipsoid,5x1x1,5.0,11.0,11.0,16.70196990324392,55.0,5,577,98,0.039980861785256415,487901,97216.70167480371,98436.9469711475,0.012551807203103671,110455.47379428806,0.1361779600769517,2439184.896124675,2439505.0,0.00013123395271663618,0.9013768296955862,0.890281052670618,-0.012309809459730037
confirm2-0351-ellipsoid-rho11-sp5x1x1-rot1,confirm2,ellipsoid,5x1x1,5.0,11.0,11.023611023616535,16.702186704950936,55.11805511808268,5,577,98,0.039972114113949506,487920,97216.70167480371,98053.89166748802,0.008611586057350129,115450.12304905156,0.18755441256626715,2439184.896124675,2439600.0,0.0001701813896866078,0.9013768296955862,0.8937822094232337,-0.008425577430160147
confirm2-0352-cylinder-rho11-sp5x1x1-rot0,confirm2,cylinder,5x1x1,5.0,11.0,10.983624174196786,12.956358172945851,54.91812087098393,5,577,98,0.03998696204104282,227760,60821.2337734984,58972.70952678,-0.030392744968022245,62351.560537206504,0.02516106084607106,1149901.4510302043,1138800.0,-0.009654262998153862,0.8727087161424514,0.8942618039251244,0.024696771539010287
confirm2-0353-cylinder-rho11-sp5x1x1-rot1,confirm2,cylinder,5x1x1,5.0,11.0,10.963576058932597,12.99801634425674,54.817880294662984,5,577,98,0.03999446753230897,229964,60821.2337734984,60224.93282421075,-0.009804157401809843,75679.31533361936,0.24429102532601155,1149901.4510302043,1149820.0,-7.08330528075285e-05,0.8727087161424514,0.8813079867962231,0.00985354047084841
confirm2-0354-box-rho11-sp5x1x1-rot0,confirm2,box,5x1x1,5.0,11.0,11.0,15.267543156446346,55.0,5,577,98,0.039980861785256415,372680,92686.00000000001,89414.42375999404,-0.03529741535944997,90714.33002749477,-0.02127257592845999,1903330.0000000005,1863400.0,-0.020979020979021268,0.8013324191666675,0.8189937795697205,0.022039992368485084
confirm2-0355-box-rho11-sp5x1x1-rot1,confirm2,box,5x1x1,5.0,11.0,11.023611023616535,15.375638724817051,55.11805511808268,5,577,98,0.039972114113949506,380652,92686.00000000001,90263.20270700022,-0.026139840892904997,113568.62702086066,0.22530508405649874,1903330.0000000005,1903260.0,-3.677764759679736e-05,0.8013324191666675,0.8228211865312597,0.026816296022241337
confirm2-0356-capsule-rho11-sp5x1x1-rot0,confirm2,capsule,5x1x1,5.0,11.0,10.912378292562993,17.99194421753398,54.56189146281496,5,577,98,0.04001382270152883,609906,123543.13110241863,125111.62339327224,0.012695908520833132,136264.72386230854,0.10297288603883259,3048981.1201558444,3049530.0,0.0001800207421840394,0.8230672927423683,0.8128462476340208,-0.012418237486138128
confirm2-0357-capsule-rho11-sp5x1x1-rot1,confirm2,capsule,5x1x1,5.0,11.0,11.0,17.990744489724648,55.0,5,577,98,0.039980861785256415,609784,123543.13110241863,124661.28802990181,0.009050741368666015,149474.11800601275,0.20989420190505803,3048981.1201558444,3048920.0,-2.0046091935510546e-05,0.8230672927423683,0.8156738402149003,-0.00898280443490096
confirm2-0358-torus-rho11-sp5x1x1-rot0,confirm2,torus,5x1x1,5.0,11.0,10.762899237658967,25.37571066305968,53.81449618829484,5,577,98,0.040071921864955756,1711131,310497.7544582712,313973.6051080053,0.011194446980135053,376515.3659808607,0.2126186440149016,8538688.247602457,8555655.0,0.001987044368589874,0.6506584872679023,0.6443074612144065,-0.009760920940513063
confirm2-0359-torus-rho11-sp5x1x1-rot1,confirm2,torus,5x1x1,5.0,11.0,11.0,25.357169770380565,55.0,5,577,98,0.039980861785256415,1707383,310497.7544582712,314114.60833063105,0.011648566923359027,384843.72199741716,0.23944124062622674,8538688.247602457,8536915.0,-0.00020767213312367083,0.6506584872679023,0.6430774707705144,-0.011651298869888582
confirm2-0360-sphere-rho13-sp5x1x1-offset0,confirm2,sphere,5x1x1,5.0,13.0,12.529964086141668,13.00377902905505,62.64982043070834,5,577,98,0.03951211346801283,230270,53092.9158456675,53711.43901122284,0.011649824759169203,64566.32101489369,0.21610049074301219,1150346.5099894626,1151350.0,0.0008723371626055965,0.9999999999999993,0.989059108300548,-0.010940891699451338
confirm2-0361-sphere-rho13-sp5x1x1-offset1,confirm2,sphere,5x1x1,5.0,13.0,12.899612397277679,12.995001140250404,64.4980619863884,5,577,98,0.039423112009674015,229804,53092.9158456675,53579.260950337884,0.009160263604359509,64232.293280632875,0.20980911026521398,1150346.5099894626,1149020.0,-0.001153139491399613,0.9999999999999993,0.990160957137317,-0.009839042862682335
confirm2-0362-ellipsoid-rho13-sp5x1x1-rot0,confirm2,ellipsoid,5x1x1,5.0,13.0,13.0,19.73844470894975,65.0,5,577,98,0.039400242567842275,805318,135782.0048185275,137513.5257843746,0.012752212402234564,154242.75108119586,0.135958710341191,4026212.784963119,4026590.0,9.368979162993618e-05,0.9013768296955862,0.8900826062377929,-0.012529968694233728
confirm2-0363-ellipsoid-rho13-sp5x1x1-rot1,confirm2,ellipsoid,5x1x1,5.0,13.0,13.024592124131948,19.738199604657844,65.12296062065974,5,577,98,0.0393947206842215,805288,135782.0048185275,136929.11080724545,0.008448144437483096,161082.68383175426,0.18633307887183648,4026212.784963119,4026440.0,5.643393655940798e-05,0.9013768296955862,0.8938592891569264,-0.008340064100825217
confirm2-0364-cylinder-rho13-sp5x1x1-rot0,confirm2,cylinder,5x1x1,5.0,13.0,12.907362240210043,15.434788450542788,64.53681120105021,5,577,98,0.03942132747939903,385062,84948.665353068,84096.89827248108,-0.01002684476615101,88702.20851494547,0.04418601688769086,1898071.7414826131,1925310.0,0.014350489458375693,0.8727087161424512,0.8899615780144396,0.01976932457859437
confirm2-0365-cylinder-rho13-sp5x1x1-rot1,confirm2,cylinder,5x1x1,5.0,13.0,12.93058390019569,15.361650057965168,64.65291950097846,5,577,98,0.03941599950384118,379614,84948.665353068,84421.13615704121,-0.006209976270189155,105949.35695677422,0.24721626309750788,1898071.7414826131,1898070.0,-9.175009432205172e-07,0.8727087161424512,0.8781615446889003,0.006248165562676711
confirm2-0366-box-rho13-sp5x1x1-rot0,confirm2,box,5x1x1,5.0,13.0,13.0,18.026921624500268,65.0,5,577,98,0.039400242567842275,613470,129454.0,125170.02772443288,-0.03309262190096196,126579.35834475522,-0.02220589286731023,3141710.0,3067350.0,-0.023668639053254448,0.8013324191666675,0.8156290122057405,0.017841026641528313
confirm2-0367-box-rho13-sp5x1x1-rot1,confirm2,box,5x1x1,5.0,13.0,13.072107710694553,18.171123690768987,65.36053855347276,5,577,98,0.039384139739885846,628310,129454.0,126611.24905499183,-0.021959545050814766,158873.16300833336,0.22725572796772098,3141710.0,3141550.0,-5.092767951209165e-05,0.8013324191666675,0.8192965927061594,0.022417879409113883
confirm2-0368-capsule-rho13-sp5x1x1-rot0,confirm2,capsule,5x1x1,5.0,13.0,12.924395537122809,21.26459086327607,64.62197768561404,5,577,98,0.03941741655481171,1006931,172551.9764984194,174869.96081635187,0.013433542547417465,190432.35832771915,0.10362316440613784,5032765.981203899,5034655.0,0.0003753440559637333,0.8230672927423682,0.8123603580376073,-0.013008577547877764
confirm2-0369-capsule-rho13-sp5x1x1-rot1,confirm2,capsule,5x1x1,5.0,13.0,12.99384469662463,21.261971881392043,64.96922348312314,5,577,98,0.03940162957971362,1006559,172551.9764984194,174194.79408614885,0.009520711504249268,208793.63944985447,0.21003331104565515,5032765.981203899,5032795.0,5.765973663418578e-06,0.8230672927423682,0.8153081429791798,-0.0094271146862559
confirm2-0370-torus-rho13-sp5x1x1-rot0,confirm2,torus,5x1x1,5.0,13.0,12.601587201618692,29.99195030061812,63.00793600809346,5,577,98,0.03949425498363422,2825158,433670.4173838664,438659.8877468909,0.011505212629267403,525894.0927939015,0.21265844224832753,14094288.564975657,14125790.0,0.002235049671299061,0.6506584872679023,0.6442157895327627,-0.009901811566605856
confirm2-0371-torus-rho13-sp5x1x1-rot1,confirm2,torus,5x1x1,5.0,13.0,13.0,29.96860518655587,65.0,5,577,98,0.039400242567842275,2818566,433670.4173838664,438887.17281149444,0.012029308937183902,537600.4601988108,0.23965213823416054,14094288.564975657,14092830.0,-0.00010348624330580591,0.6506584872679023,0.6428801925791471,-0.011954496622976651
confirm2-0372-sphere-rho15-sp5x1x1-offset0,confirm2,sphere,5x1x1,5.0,15.0,14.582180906846549,15.001737437859608,72.91090453423274,5,577,98,0.039099859590705416,353552,70685.83470577035,71514.69857250436,0.011726025025864839,85859.73883023346,0.21466683088096006,1767145.8676442585,1767760.0,0.00034752782268054894,0.9999999999999992,0.9886388676935649,-0.011361132306434318
confirm2-0373-sphere-rho15-sp5x1x1-offset1,confirm2,sphere,5x1x1,5.0,15.0,14.5657131648265,15.002218312642285,72.8285658241325,5,577,98,0.03910249140360156,353586,70685.83470577035,71520.9377415327,0.011814291211789119,85843.70221295912,0.21443995915565495,1767145.8676442585,1767930.0,0.0004437281438383067,0.9999999999999992,0.9886159995740843,-0.01138400042591492
confirm2-0374-ellipsoid-rho15-sp5x1x1-rot0,confirm2,ellipsoid,5x1x1,5.0,15.0,15.0,22.774625286094487,75.0,5,577,98,0.039035957769953555,1237036,180774.85848620522,183096.18779426796,0.012840996405702576,205378.51371611477,0.136101089697642,6185010.536754904,6185180.0,2.7399022861640532e-05,0.9013768296955862,0.8899652535611322,-0.012660161387006097
confirm2-0375-ellipsoid-rho15-sp5x1x1-rot1,confirm2,ellipsoid,5x1x1,5.0,15.0,15.010662876768635,22.774588464753627,75.05331438384317,5,577,98,0.03903439645700579,1237030,180774.85848620522,182365.17951383474,0.008797246702040074,214548.13879866185,0.18682509611829579,6185010.536754904,6185150.0,2.2548586500636958e-05,0.9013768296955862,0.893529777604403,-0.008705628803253429
confirm2-0376-cylinder-rho15-sp5x1x1-rot0,confirm2,cylinder,5x1x1,5.0,15.0,14.909057649630308,17.726170194720886,74.54528824815154,5,577,98,0.0390494104322885,583275,113097.33552923254,111075.6039816525,-0.01787603163345508,116944.56073079238,0.03401693933422001,2915790.681613027,2916375.0,0.00020039791973336385,0.8727087161424514,0.8887119478149788,0.01833742619560952
confirm2-0377-cylinder-rho15-sp5x1x1-rot1,confirm2,cylinder,5x1x1,5.0,15.0,14.963956696007912,17.72462013044963,74.81978348003956,5,577,98,0.039041260146863564,583122,113097.33552923254,112563.2995477831,-0.0047219147909227654,140973.7338115512,0.24648147679052435,2915790.681613027,2915610.0,-6.196659251522796e-05,0.8727087161424514,0.8768128990433656,0.00470280956864455
confirm2-0378-box-rho15-sp5x1x1-rot0,confirm2,box,5x1x1,5.0,15.0,15.0,20.967037121881283,75.0,5,577,98,0.039035957769953555,965250,172350.0,170127.55474184486,-0.012894953630143036,171548.52879763942,-0.004650253567511364,4826250.0,4826250.0,0.0,0.8013324191666674,0.8118005496108236,0.013063405640124204
confirm2-0379-box-rho15-sp5x1x1-rot1,confirm2,box,5x1x1,5.0,15.0,15.010662876768635,20.96679817856428,75.05331438384317,5,577,98,0.03903439645700579,965217,172350.0,169023.93037237594,-0.019298344227583808,211734.07260338415,0.22851217060275109,4826250.0,4826085.0,-3.418803418808736e-05,0.8013324191666674,0.8170824943134293,0.019654858296062505
confirm2-0380-capsule-rho15-sp5x1x1-rot0,confirm2,capsule,5x1x1,5.0,15.0,14.909057649630308,24.534030514000932,74.54528824815154,5,577,98,0.0390494104322885,1546448,229728.9627937536,232774.20693826303,0.013255812882607243,253408.63925035595,0.1030765828071123,7731263.170943632,7732240.0,0.00012634792462362654,0.8230672927423685,0.8123680213623792,-0.012999266857440683
confirm2-0381-capsule-rho15-sp5x1x1-rot1,confirm2,capsule,5x1x1,5.0,15.0,15.0,24.533163209648084,75.0,5,577,98,0.039035957769953555,1546284,229728.9627937536,232058.36427173333,0.010139781460951625,278199.7417099823,0.21099115377865885,7731263.170943632,7731420.0,2.028504953210941e-05,0.8230672927423685,0.8148163634886896,-0.010024610777798815
confirm2-0382-torus-rho15-sp5x1x1-rot0,confirm2,torus,5x1x1,5.0,15.0,14.680599442802054,34.59732217116719,73.40299721401027,5,577,98,0.03908431489627208,4336667,577371.8574637275,584069.063554738,0.011599467491245408,700192.2603575066,0.21272322387395737,21651444.65488978,21683335.0,0.0014728968721733349,0.6506584872679023,0.6438291570543812,-0.010496028788001155
confirm2-0383-torus-rho15-sp5x1x1-rot1,confirm2,torus,5x1x1,5.0,15.0,15.0,34.5788834894082,75.0,5,577,98,0.039035957769953555,4329737,577371.8574637275,584367.7262380496,0.012116747090953561,715639.7691424154,0.23947809352203198,21651444.65488978,21648685.0,-0.00012745823356219432,0.6506584872679023,0.6428143789825015,-0.012055645840167273
confirm2-0384-sphere-rho4-sp2.4x0.6x0.6-offset0,confirm2,sphere,2.4x0.6x0.6,4.0,4.0,3.741657386773941,4.000521795485377,8.979977728257458,5,577,98,0.04936262674589414,4291,1158.1167158193414,1143.9764816829438,-0.012209679683617747,1377.1698244708236,0.1891459691923254,3705.9734906218914,3707.424,0.0003913976669771557,0.9999999999999994,1.0126247384558493,0.012624738455849993
confirm2-0385-sphere-rho4-sp2.4x0.6x0.6-offset1,confirm2,sphere,2.4x0.6x0.6,4.0,4.0,3.579455265819088,4.008275966298037,8.59069263796581,5,577,98,0.05134978838370649,4316,1158.1167158193414,1147.0078676826,-0.009592166303274752,1378.0955302987463,0.18994528917042253,3705.9734906218914,3729.024,0.006219825758721376,0.9999999999999994,1.013867449055976,0.0138674490559767
confirm2-0386-ellipsoid-rho4-sp2.4x0.6x0.6-rot0,confirm2,ellipsoid,2.4x0.6x0.6,4.0,4.0,4.0,6.075654851264794,9.6,5,577,98,0.046682573221213,15031,2961.815281437987,2958.8132182349004,-0.0010135889371294393,3319.464957982603,0.1207535388131884,12970.907217176622,12986.784,0.001224030251511854,0.9013768296955864,0.903027520098952,0.0018312989073872021
confirm2-0387-ellipsoid-rho4-sp2.4x0.6x0.6-rot1,confirm2,ellipsoid,2.4x0.6x0.6,4.0,4.0,4.0155946010522525,6.068505428428427,9.637427042525406,5,577,98,0.04653714396018378,14978,2961.815281437987,2932.439615422864,-0.00991812899312916,3427.870720039751,0.15735466067805892,12970.907217176622,12940.992,-0.0023063319069159816,0.9013768296955864,0.9090060192781074,0.008463929103988077
confirm2-0388-cylinder-rho4-sp2.4x0.6x0.6-rot0,confirm2,cylinder,2.4x0.6x0.6,4.0,4.0,3.9131189606246326,4.765659248380318,9.391485505499118,5,577,98,0.04752487575754134,7254,1852.9867453109464,1760.0525160147972,-0.05015374747354384,1927.037094087048,0.03996269750093395,6114.856259526123,6267.456,0.0249555727881825,0.8727087161424514,0.9340125116985822,0.07024542601924044
confirm2-0389-cylinder-rho4-sp2.4x0.6x0.6-rot1,confirm2,cylinder,2.4x0.6x0.6,4.0,4.0,3.8890872965260113,4.727468758355478,9.333809511662427,5,577,98,0.047767884152695436,7081,1852.9867453109464,1744.1411354020352,-0.05874063059778989,2207.6871209882793,0.19142089201388823,6114.856259526123,6117.984,0.0005114986094734153,0.8727087161424514,0.9274874832811759,0.06276867198125147
confirm2-0390-box-rho4-sp2.4x0.6x0.6-rot0,confirm2,box,2.4x0.6x0.6,4.0,4.0,4.0,5.560083268891277,9.6,5,577,98,0.046682573221213,11520,2823.7824,2550.896457012558,-0.09663844600329041,2726.5744374188153,-0.034424735624524305,10121.37984,9953.28,-0.01660839160839156,0.8013324191666675,0.8772070396569462,0.09468557451997661
confirm2-0391-box-rho4-sp2.4x0.6x0.6-rot1,confirm2,box,2.4x0.6x0.6,4.0,4.0,4.0155946010522525,5.5909616987907285,9.637427042525406,5,577,98,0.04653714396018378,11713,2823.7824,2589.4687615917937,-0.08297864538294675,3313.1893850206284,0.17331611140455738,10121.37984,10120.032,-0.00013316761363635354,0.8013324191666675,0.8737651228470099,0.09039033233631999
confirm2-0392-capsule-rho4-sp2.4x0.6x0.6-rot0,confirm2,capsule,2.4x0.6x0.6,4.0,4.0,3.8810436740650065,6.548543261253184,9.314504817756015,5,577,98,0.047850231395866596,18821,3763.879326412859,3768.723527758751,0.0012870235535709096,4124.191768558516,0.09572901012452228,16213.634021470776,16261.344,0.0029425839059920023,0.8230672927423685,0.8236211118549105,0.0006728722152191668
confirm2-0393-capsule-rho4-sp2.4x0.6x0.6-rot1,confirm2,capsule,2.4x0.6x0.6,4.0,4.0,4.007804885470349,6.54111215203642,9.618731725128837,5,577,98,0.04660957565439289,18757,3763.879326412859,3744.1552843069885,-0.005240349223594398,4462.819537221176,0.1856967639487097,16213.634021470776,16206.048,-0.0004678791602629184,0.8230672927423685,0.8271450710601321,0.004954368073814441
confirm2-0394-torus-rho4-sp2.4x0.6x0.6-rot0,confirm2,torus,2.4x0.6x0.6,4.0,4.0,3.7831864876053887,9.248564152996256,9.079647570252932,5,577,98,0.0488944951258625,53019,9459.66051268571,9452.3788697022,-0.0007697573262535062,11275.415979610296,0.1919472125336421,45406.370460891405,45808.416,0.008854386180346063,0.6506584872679023,0.6549978185369024,0.0066691380407881695
confirm2-0395-torus-rho4-sp2.4x0.6x0.6-rot1,confirm2,torus,2.4x0.6x0.6,4.0,4.0,4.007804885470349,9.223084118863614,9.618731725128837,5,577,98,0.04660957565439289,52582,9459.66051268571,9446.863339579535,-0.0013528152610776667,11505.284256478339,0.2162470567574155,45406.370460891405,45430.848,0.0005390772012856537,0.6506584872679023,0.6517740328929336,0.0017144871647112314
confirm2-0396-sphere-rho6.5-sp2.4x0.6x0.6-offset0,confirm2,sphere,2.4x0.6x0.6,4.0,6.5,6.025985396596974,6.4902684916426026,14.462364951832738,5,577,98,0.036188387733003716,18323,3058.1519527104483,3043.7878819189964,-0.004696977460103335,3618.60664680096,0.18326580979528462,15902.390154094328,15831.072,-0.004484744331088253,0.9999999999999994,1.0017129543778802,0.001712954377880882
confirm2-0397-sphere-rho6.5-sp2.4x0.6x0.6-offset1,confirm2,sphere,2.4x0.6x0.6,4.0,6.5,6.349212549600146,6.507813662190624,15.238110119040352,5,577,98,0.03536817671314053,18472,3058.1519527104483,3060.642479886333,0.000814389609933297,3663.023268775647,0.19778981732058787,15902.390154094328,15959.807999999999,0.003610642510295081,0.9999999999999994,1.001589964339508,0.0015899643395087537
confirm2-0398-ellipsoid-rho6.5-sp2.4x0.6x0.6-rot0,confirm2,ellipsoid,2.4x0.6x0.6,4.0,6.5,6.5,9.870731538868782,15.6,5,577,98,0.035026719134582,64455,7821.043477547183,7844.441646519646,0.002991694016231339,8757.336625043248,0.11971460716002857,55658.36553933015,55689.12,0.0005525577399163595,0.9013768296955864,0.8990192504415765,-0.0026155312365929717
confirm2-0399-ellipsoid-rho6.5-sp2.4x0.6x0.6-rot1,confirm2,ellipsoid,2.4x0.6x0.6,4.0,6.5,6.48074069840786,9.868944565241254,15.553777676178864,5,577,98,0.035069007947594724,64420,7821.043477547183,7814.417056124574,-0.0008472554131213617,9105.558806352385,0.16423835674776832,55658.36553933015,55658.88,9.243186803287173e-06,0.9013768296955864,0.9021467327860905,0.000854141203922465
confirm2-0400-cylinder-rho6.5-sp2.4x0.6x0.6-rot0,confirm2,cylinder,2.4x0.6x0.6,4.0,6.5,6.4274800660912215,7.805736150326252,15.42595215861893,5,577,98,0.03518794123562898,31875,4893.043124336717,4856.9717429198545,-0.007371972921606296,5201.717173798281,0.06308426915885956,26238.943754255648,27540.0,0.0495849321500732,0.8727087161424516,0.9080180985703454,0.0404595276462556
confirm2-0401-cylinder-rho6.5-sp2.4x0.6x0.6-rot1,confirm2,cylinder,2.4x0.6x0.6,4.0,6.5,6.48074069840786,7.680814912344176,15.553777676178864,5,577,98,0.035069007947594724,30369,4893.043124336717,4735.617626903666,-0.03217333128540345,5924.262201526362,0.2107520925087767,26238.943754255648,26238.816,-4.868879511565893e-06,0.8727087161424516,0.9017171272587802,0.03323951116765689
confirm2-0402-box-rho6.5-sp2.4x0.6x0.6-rot0,confirm2,box,2.4x0.6x0.6,4.0,6.5,6.5,9.092978751805234,15.6,5,577,98,0.035026719134582,50388,7456.5504,7073.174021983705,-0.05141471021456456,7371.759060904489,-0.011371389522896624,43430.99904,43535.231999999996,0.0023999668970082766,0.8013324191666676,0.8461168749962401,0.055887487837001926
confirm2-0403-box-rho6.5-sp2.4x0.6x0.6-rot1,confirm2,box,2.4x0.6x0.6,4.0,6.5,6.504805915628843,9.08647757316963,15.611534197509224,5,577,98,0.03501622501259362,50280,7456.5504,7069.767483150752,-0.051871562062967946,8868.25075042905,0.18932351753822374,43430.99904,43441.92,0.00025145541759097334,0.8013324191666676,0.8453145316473056,0.05488622627595241
confirm2-0404-capsule-rho6.5-sp2.4x0.6x0.6-rot0,confirm2,capsule,2.4x0.6x0.6,4.0,6.5,6.363961030678928,10.629457793421418,15.273506473629425,5,577,98,0.03533370459200768,80490,9938.993846308957,9980.996281180403,0.004226024839229181,10870.727629040764,0.09374528218244405,69572.9569241627,69543.36,-0.0004254084556872817,0.8230672927423685,0.8193711667617309,-0.004490672893005421
confirm2-0405-capsule-rho6.5-sp2.4x0.6x0.6-rot1,confirm2,capsule,2.4x0.6x0.6,4.0,6.5,6.48074069840786,10.629941989013988,15.553777676178864,5,577,98,0.035069007947594724,80501,9938.993846308957,9940.316058049386,0.00013303275571696638,11765.426443140657,0.18376433521085067,69572.9569241627,69552.864,-0.0002888036537617156,0.8230672927423685,0.8227993559535933,-0.0003255344868369203
confirm2-0406-torus-rho6.5-sp2.4x0.6x0.6-rot0,confirm2,torus,2.4x0.6x0.6,4.0,6.5,6.20987117418711,14.978845210556118,14.903690818049062,5,577,98,0.03570608171899381,225239,24979.416041310702,25080.596097008114,0.00405053727157112,29826.914865163686,0.19405973365575235,194839.44512222346,194606.49599999998,-0.001195595286556883,0.6506584872679024,0.6475169760778446,-0.004828202892194544
confirm2-0407-torus-rho6.5-sp2.4x0.6x0.6-rot1,confirm2,torus,2.4x0.6x0.6,4.0,6.5,6.504805915628844,14.980152969150556,15.611534197509226,5,577,98,0.03501622501259362,225298,24979.416041310702,25074.75790184008,0.0038168170293373382,30425.06185075833,0.21800532888525792,194839.44512222346,194657.472,-0.0009339644860377749,0.6506584872679024,0.6477808353092738,-0.004422676434625239
confirm2-0408-sphere-rho7.5-sp2.4x0.6x0.6-offset0,confirm2,sphere,2.4x0.6x0.6,4.0,7.5,7.318640584152223,7.505007041381275,17.564737401965335,5,577,98,0.03352623112280745,28331,4071.5040790523717,4078.8611559759192,0.0018069678381016363,4863.220684840651,0.1944531039184294,24429.02447431423,24477.984,0.002004153941441711,0.9999999999999994,0.9995295390019246,-0.00047046099807479536
confirm2-0409-sphere-rho7.5-sp2.4x0.6x0.6-offset1,confirm2,sphere,2.4x0.6x0.6,4.0,7.5,7.057797106746553,7.493775955689474,16.938713056191727,5,577,98,0.03394811563279709,28204,4071.5040790523717,4067.00671212819,-0.0011045959519776494,4837.352737171281,0.18809969074061628,24429.02447431423,24368.256,-0.0024875522302628683,0.9999999999999994,0.999444926358897,-0.0005550736411024104
confirm2-0410-ellipsoid-rho7.5-sp2.4x0.6x0.6-rot0,confirm2,ellipsoid,2.4x0.6x0.6,4.0,7.5,7.5,11.387585727668089,18.0,5,577,98,0.033258482899810135,98970,10412.631848805422,10456.99147211598,0.00426017398431755,11673.535707046947,0.12109367511981906,85501.5856600998,85510.08,9.934716221482454e-05,0.9013768296955863,0.8976125425919311,-0.00417615250319503
confirm2-0411-ellipsoid-rho7.5-sp2.4x0.6x0.6-rot1,confirm2,ellipsoid,2.4x0.6x0.6,4.0,7.5,7.4916620318858484,11.387700787490951,17.979988876526036,5,577,98,0.03327036772019179,98973,10412.631848805422,10415.346902458718,0.0002607461487853513,12129.258940899525,0.16486005815052795,85501.5856600998,85512.672,0.00012966238947065278,0.9013768296955863,0.901219754880618,-0.0001742609858534916
confirm2-0412-cylinder-rho7.5-sp2.4x0.6x0.6-rot0,confirm2,cylinder,2.4x0.6x0.6,4.0,7.5,7.386643351347079,8.767465984666826,17.727944043232988,5,577,98,0.0334235226220173,45168,6514.4065264837955,6128.2123463294165,-0.059283094873544884,6547.584064419928,0.005092948651769236,40307.89038261848,39025.152,-0.031823505781181316,0.8727087161424514,0.907918198384346,0.04034505624915452
confirm2-0413-cylinder-rho7.5-sp2.4x0.6x0.6-rot1,confirm2,cylinder,2.4x0.6x0.6,4.0,7.5,7.4372373903217595,8.862705196584269,17.84936973677222,5,577,98,0.033348928397290895,46656,6514.4065264837955,6342.4866607596505,-0.026390718022465842,7904.887295581464,0.21344703672464727,40307.89038261848,40310.784,7.178786470962706e-05,0.8727087161424514,0.8964073149209291,0.027155221828458753
confirm2-0414-box-rho7.5-sp2.4x0.6x0.6-rot0,confirm2,box,2.4x0.6x0.6,4.0,7.5,7.5,10.57236617473416,18.0,5,577,98,0.033258482899810135,79200,9927.36,9642.934525104174,-0.028650665926875485,9994.044678940954,0.006717262085887299,66718.08,68428.8,0.02564102564102555,0.8013324191666675,0.8390107446672036,0.04701959461432881
confirm2-0415-box-rho7.5-sp2.4x0.6x0.6-rot1,confirm2,box,2.4x0.6x0.6,4.0,7.5,7.520804478245662,10.482432354792794,18.04993074778959,5,577,98,0.03322900066582469,77196,9927.36,9478.755511183888,-0.04518869959547278,11847.874257530653,0.193456695186903,66718.08,66697.344,-0.0003108003108003299,0.8013324191666675,0.8390834649548802,0.04711034382893331
confirm2-0416-capsule-rho7.5-sp2.4x0.6x0.6-rot0,confirm2,capsule,2.4x0.6x0.6,4.0,7.5,7.4582169450881475,12.26612808819423,17.899720668211554,5,577,98,0.03331844115094907,123689,13232.388256920207,13318.043827039797,0.0064731753978573,14520.476419498504,0.09734358889482086,106876.98207512475,106867.296,-9.062826192018925e-05,0.8230672927423685,0.8177242904598416,-0.006491574054321325
confirm2-0417-capsule-rho7.5-sp2.4x0.6x0.6-rot1,confirm2,capsule,2.4x0.6x0.6,4.0,7.5,7.5,12.26685528522398,18.0,5,577,98,0.033258482899810135,123711,13232.388256920207,13259.142213908806,0.0020218539895553445,15697.90262999097,0.18632421639996544,106876.98207512475,106886.304,8.722107131275969e-05,0.8230672927423685,0.8214542906193045,-0.00195974513540631
confirm2-0418-torus-rho7.5-sp2.4x0.6x0.6-rot0,confirm2,torus,2.4x0.6x0.6,4.0,7.5,7.158910531638178,17.271220945411137,17.181385275931625,5,577,98,0.03377909600726039,345285,33256.618989910705,33416.33534909338,0.004802543494608624,39704.88848401852,0.19389431908469335,299309.57090919634,298326.24,-0.003285330656849106,0.6506584872679024,0.6461295550055134,-0.00696053667324914
confirm2-0419-torus-rho7.5-sp2.4x0.6x0.6-rot1,confirm2,torus,2.4x0.6x0.6,4.0,7.5,7.5,17.288177809188554,18.0,5,577,98,0.033258482899810135,346303,33256.618989910705,33405.04730158646,0.0044631209119840864,40514.49948280023,0.21823867588859236,299309.57090919634,299205.792,-0.0003467276668803754,0.6506584872679024,0.6476176816909295,-0.00467342797562087
confirm2-0420-sphere-rho8.5-sp2.4x0.6x0.6-offset0,confirm2,sphere,2.4x0.6x0.6,4.0,8.5,8.366600265340754,8.504399777730992,20.07984063681781,5,577,98,0.03221028418793485,41223,5229.620794871712,5244.452626382665,0.0028361198818653843,6252.392070187833,0.19557274139629288,35561.42140512764,35616.672,0.0015536666614903716,0.9999999999999997,0.9982044821724063,-0.0017955178275933514
confirm2-0421-sphere-rho8.5-sp2.4x0.6x0.6-offset1,confirm2,sphere,2.4x0.6x0.6,4.0,8.5,8.15858443604036,8.499032531257862,19.580602646496864,5,577,98,0.03243173462002117,41145,5229.620794871712,5238.907610194483,0.0017758104625631432,6231.650629015843,0.19160659509514444,35561.42140512764,35549.28,-0.0003414206926468655,0.9999999999999997,0.9980001142064789,-0.001999885793520728
confirm2-0422-ellipsoid-rho8.5-sp2.4x0.6x0.6-rot0,confirm2,ellipsoid,2.4x0.6x0.6,4.0,8.5,8.5,12.905333394097815,20.4,5,577,98,0.03207674518878118,144051,13374.447130243407,13429.833766539778,0.004141228101393946,14959.013376135097,0.11847714006125432,124464.97491794675,124460.064,-3.9456224130374196e-05,0.9013768296955863,0.8976358049685009,-0.004150344898868563
confirm2-0423-ellipsoid-rho8.5-sp2.4x0.6x0.6-rot1,confirm2,ellipsoid,2.4x0.6x0.6,4.0,8.5,8.54400374531753,12.905960484116424,20.505608988762074,5,577,98,0.03203406149042156,144072,13374.447130243407,13385.158047883277,0.0008008493760949253,15581.50969117797,0.16502084455840937,124464.97491794675,124478.208,0.00010631972618790897,0.9013768296955863,0.9007193774372153,-0.0007293866856917797
confirm2-0424-cylinder-rho8.5-sp2.4x0.6x0.6-rot0,confirm2,cylinder,2.4x0.6x0.6,4.0,8.5,8.355387483534203,10.099734966145276,20.052929960482086,5,577,98,0.032221800980162654,69046,8367.393271794741,8186.536101641737,-0.021614517721145754,8712.532223429294,0.04124808532640234,58676.34531846061,59655.744,0.016691541987214675,0.8727087161424513,0.9018869870952972,0.03343414636881348
confirm2-0425-cylinder-rho8.5-sp2.4x0.6x0.6-rot1,confirm2,cylinder,2.4x0.6x0.6,4.0,8.5,8.403868156985805,10.045763978130921,20.16928357676593,5,577,98,0.032172336527408384,67945,8367.393271794741,8193.419129518046,-0.020791916505602304,10200.679847950578,0.21909888977437908,58676.34531846061,58704.479999999996,0.00047948933060992793,0.8727087161424513,0.8915241594174522,0.02155982050708638
confirm2-0426-box-rho8.5-sp2.4x0.6x0.6-rot0,confirm2,box,2.4x0.6x0.6,4.0,8.5,8.5,11.873937400374949,20.4,5,577,98,0.03207674518878118,112200,12751.1424,12202.601947846913,-0.04301892606525104,12603.617361917783,-0.011569554590043496,97121.75615999999,96940.8,-0.0018631887143996106,0.8013324191666675,0.8363140880629856,0.04365437870677513
confirm2-0427-box-rho8.5-sp2.4x0.6x0.6-rot1,confirm2,box,2.4x0.6x0.6,4.0,8.5,8.54766049863938,11.88091796482847,20.51438519673451,5,577,98,0.03203054407130952,112398,12751.1424,12235.847573757539,-0.040411659604904226,15244.345076027437,0.1955277886338589,97121.75615999999,97111.872,-0.0001017708121309191,0.8013324191666675,0.8350227033262403,0.042042831855733986
confirm2-0428-capsule-rho8.5-sp2.4x0.6x0.6-rot0,confirm2,capsule,2.4x0.6x0.6,4.0,8.5,8.403868156985805,13.903399339208201,20.16928357676593,5,577,98,0.032172336527408384,180124,16996.267583333065,17111.74685601002,0.006794390127759398,18623.725473979044,0.09575384022795119,155581.21864743342,155627.136,0.0002951342904096155,0.8230672927423682,0.8176736346938708,-0.006553119162986509
confirm2-0429-capsule-rho8.5-sp2.4x0.6x0.6-rot1,confirm2,capsule,2.4x0.6x0.6,4.0,8.5,8.492643875731515,13.901366426393391,20.382345301755635,5,577,98,0.03208394544292388,180045,16996.267583333065,17041.16172858992,0.0026414120062971946,20168.94574065941,0.18666911083687254,155581.21864743342,155558.88,-0.00014358190292895756,0.8230672927423682,0.8208203810020843,-0.0027299247097979373
confirm2-0430-torus-rho8.5-sp2.4x0.6x0.6-rot0,confirm2,torus,2.4x0.6x0.6,4.0,8.5,8.459462157844316,19.62205769933133,20.30270917882636,5,577,98,0.03211665786392851,506340,42716.27950259641,42927.17811753137,0.0049371953126711166,51012.34021817734,0.19421309187464875,435706.05092648335,437477.76,0.004066294396759762,0.6506584872679025,0.6492158346352918,-0.0022172194182364935
confirm2-0431-torus-rho8.5-sp2.4x0.6x0.6-rot1,confirm2,torus,2.4x0.6x0.6,4.0,8.5,8.492643875731515,19.596693558556936,20.382345301755635,5,577,98,0.03208394544292388,504379,42716.27950259641,42930.6929007829,0.0050194773674860915,52049.19603796009,0.21848617538885629,435706.05092648335,435783.456,0.00017765434597949437,0.6506584872679025,0.6474855076734951,-0.004876566826524709
confirm2-0432-sphere-rho9.5-sp2.4x0.6x0.6-offset0,confirm2,sphere,2.4x0.6x0.6,4.0,9.5,9.233092656309694,9.501166844355023,22.159422375143265,5,577,98,0.031443207284683,57483,6532.502100168473,6552.216500112949,0.003017894160947554,7791.182481690647,0.1926796749885029,49647.01596128039,49665.312,0.00036852242507134925,0.9999999999999994,0.9972361134853469,-0.002763886514652536
confirm2-0433-sphere-rho9.5-sp2.4x0.6x0.6-offset1,confirm2,sphere,2.4x0.6x0.6,4.0,9.5,9.370832406995655,9.50414107114011,22.489997776789572,5,577,98,0.03134045898704189,57537,6532.502100168473,6556.36072396578,0.0036522948529464916,7801.381813612577,0.19424099586762944,49647.01596128039,49711.968,0.0013082767909005089,0.9999999999999994,0.9972298171329795,-0.0027701828670199102
confirm2-0434-ellipsoid-rho9.5-sp2.4x0.6x0.6-rot0,confirm2,ellipsoid,2.4x0.6x0.6,4.0,9.5,9.5,14.422736482225508,22.8,5,577,98,0.03124813754860333,201072,16706.489321861147,16789.08092672194,0.004943684054119046,18717.933886209074,0.12039899739533344,173764.55586448134,173726.20799999998,-0.00022068864556745726,0.9013768296955861,0.8968106605009657,-0.005065771655304752
confirm2-0435-ellipsoid-rho9.5-sp2.4x0.6x0.6-rot1,confirm2,ellipsoid,2.4x0.6x0.6,4.0,9.5,9.503288904374106,14.423812340177719,22.807893370497855,5,577,98,0.031245835860713948,201117,16706.489321861147,16724.73277435235,0.0010919979739447694,19463.557198059276,0.16502975718485557,173764.55586448134,173765.088,3.0623939157869984e-06,0.9013768296955861,0.9003954399457563,-0.001088767447196548
confirm2-0436-cylinder-rho9.5-sp2.4x0.6x0.6-rot0,confirm2,cylinder,2.4x0.6x0.6,4.0,9.5,9.410765112359355,11.247449922795397,22.58583626966245,5,577,98,0.031311511121647984,95361,10452.003360269557,10186.257728308332,-0.025425329747920333,10814.844018895059,0.03471493895655864,81917.57633611266,82391.904,0.0057903039262434675,0.8727087161424514,0.8989298948542039,0.03004573946236655
confirm2-0437-cylinder-rho9.5-sp2.4x0.6x0.6-rot1,confirm2,cylinder,2.4x0.6x0.6,4.0,9.5,9.433981132056603,11.225982114273219,22.641554716935847,5,577,98,0.03129485017501005,94816,10452.003360269557,10240.826541592523,-0.020204434633054547,12706.943948614347,0.2157424285679368,81917.57633611266,81921.024,4.208698598695548e-05,0.8727087161424514,0.8907298963910394,0.020649708104492515
confirm2-0438-box-rho9.5-sp2.4x0.6x0.6-rot0,confirm2,box,2.4x0.6x0.6,4.0,9.5,9.5,13.353899343045729,22.8,5,577,98,0.03124813754860333,159600,15927.8976,15516.580112990989,-0.0258237149270103,15971.822979954248,0.0027577638340823274,135590.90688000002,137894.4,0.01698855161459023,0.8013324191666676,0.8318643946898557,0.03810151042552268
confirm2-0439-box-rho9.5-sp2.4x0.6x0.6-rot1,confirm2,box,2.4x0.6x0.6,4.0,9.5,9.5818839483684,13.27892832670609,22.99652147608416,5,577,98,0.031191535455339918,156927,15927.8976,15335.969176451537,-0.037162997805087805,19065.305993158057,0.19697567575761266,135590.90688000002,135584.92799999999,-4.4094992338483685e-05,0.8013324191666676,0.8322372952731701,0.038566861101964944
confirm2-0440-capsule-rho9.5-sp2.4x0.6x0.6-rot0,confirm2,capsule,2.4x0.6x0.6,4.0,9.5,9.394147114027968,15.538152510620371,22.54595307366712,5,577,98,0.0313235129367089,251424,21230.631825547538,21396.714305397676,0.007822776129078113,23346.053121920522,0.09964005375607465,217205.69483060171,217230.336,0.00011344624006071058,0.8230672927423683,0.8167403638036053,-0.00768701295088825
confirm2-0441-capsule-rho9.5-sp2.4x0.6x0.6-rot1,confirm2,capsule,2.4x0.6x0.6,4.0,9.5,9.486832980505138,15.536483715364211,22.768399153212332,5,577,98,0.03125737626804821,251343,21230.631825547538,21290.807439319313,0.002834376963730456,25178.72324577898,0.18596203130801636,217205.69483060171,217160.35199999998,-0.00020875525679520113,0.8230672927423683,0.820626776708876,-0.002965147631320497
confirm2-0442-torus-rho9.5-sp2.4x0.6x0.6-rot0,confirm2,torus,2.4x0.6x0.6,4.0,9.5,9.440603794249602,21.925857534298437,22.657449106199046,5,577,98,0.03129011994832483,706445,53358.39757936784,53646.16242341649,0.0053930563342090565,63719.8633358714,0.1941862242225587,608285.7324047934,610368.48,0.003423962595625385,0.6506584872679024,0.6486446838928682,-0.0030950236021513033
confirm2-0443-torus-rho9.5-sp2.4x0.6x0.6-rot1,confirm2,torus,2.4x0.6x0.6,4.0,9.5,9.503288904374106,21.9024514312111,22.807893370497855,5,577,98,0.031245835860713948,704185,53358.39757936784,53637.40965967291,0.00522901910406981,65004.40210141647,0.2182600124886771,608285.7324047934,608415.84,0.00021389223563117454,0.6506584872679024,0.647366174399762,-0.005059970679802905
confirm2-0444-sphere-rho11-sp2.4x0.6x0.6-offset0,confirm2,sphere,2.4x0.6x0.6,4.0,11.0,10.761621625015442,10.998253778236775,25.82789190003706,5,577,98,0.03051402581030611,89162,8758.257663383769,8785.695412604178,0.0031327862544077156,10434.659974164442,0.1914081972935462,77072.66743777716,77035.968,-0.0004761667008189585,0.9999999999999993,0.9965605192383511,-0.0034394807616482392
confirm2-0445-sphere-rho11-sp2.4x0.6x0.6-offset1,confirm2,sphere,2.4x0.6x0.6,4.0,11.0,10.8397416943394,10.998377128211308,26.015380066414558,5,577,98,0.030476802759204915,89165,8758.257663383769,8785.189369146588,0.0030750072443535004,10436.87924418992,0.19166158901947772,77072.66743777716,77038.56,-0.00044253610146161027,0.9999999999999993,0.9966402780931264,-0.003359721906872948
confirm2-0446-ellipsoid-rho11-sp2.4x0.6x0.6-rot0,confirm2,ellipsoid,2.4x0.6x0.6,4.0,11.0,11.0,16.701316611436162,26.4,5,577,98,0.030402909248976324,312220,22398.728065874773,22516.535482205465,0.005259558309928192,25080.76238437405,0.11974047412921851,269754.33603222,269758.08,1.3879175530862042e-05,0.9013768296955862,0.8966690865755654,-0.005222835738534215
confirm2-0447-ellipsoid-rho11-sp2.4x0.6x0.6-rot1,confirm2,ellipsoid,2.4x0.6x0.6,4.0,11.0,10.968705484240154,16.701352272788096,26.324893162176366,5,577,98,0.030417084738693645,312222,22398.728065874773,22427.418951972715,0.0012809158633277917,26076.44643332717,0.16419317903392594,269754.33603222,269759.808,2.0285003979880756e-05,0.9013768296955862,0.900235892840218,-0.0012657712266173071
confirm2-0448-cylinder-rho11-sp2.4x0.6x0.6-rot0,confirm2,cylinder,2.4x0.6x0.6,4.0,11.0,10.957303500405562,12.955220352779033,26.29752840097335,5,577,98,0.030422279712541116,145728,14013.212261414032,13557.374764164151,-0.032529122427200186,14349.820509888525,0.024020777120557613,127169.90127233232,125908.992,-0.009915154920440705,0.8727087161424514,0.896079113409023,0.026779149599735375
confirm2-0449-cylinder-rho11-sp2.4x0.6x0.6-rot1,confirm2,cylinder,2.4x0.6x0.6,4.0,11.0,10.93732142711368,12.997693690050808,26.24957142507283,5,577,98,0.030431423165074384,147166,14013.212261414032,13786.868483352337,-0.016152169384099135,17080.454230153693,0.21888214575793175,127169.90127233232,127151.424,-0.00014529595562673414,0.8727087161424514,0.8869503523910871,0.01631888851939811
confirm2-0450-box-rho11-sp2.4x0.6x0.6-rot0,confirm2,box,2.4x0.6x0.6,4.0,11.0,11.0,15.278050760008561,26.4,5,577,98,0.030402909248976324,239008,21354.854399999997,20365.702852062364,-0.046319751444319435,20898.817686394264,-0.02135517784685681,210493.07135999997,206502.912,-0.01895625036120885,0.8013324191666678,0.8296001879779702,0.03527595806082462
confirm2-0451-box-rho11-sp2.4x0.6x0.6-rot1,confirm2,box,2.4x0.6x0.6,4.0,11.0,11.022703842524301,15.376958113044255,26.45448922205832,5,577,98,0.030392700562965905,243680,21354.854399999997,20669.37695511285,-0.032099373381218044,25602.02603250592,0.19888553454646485,210493.07135999997,210539.52,0.00022066588557967393,0.8013324191666678,0.8280295283169786,0.03331589801155688
confirm2-0452-capsule-rho11-sp2.4x0.6x0.6-rot0,confirm2,capsule,2.4x0.6x0.6,4.0,11.0,10.845505981741931,17.994819348281254,26.029214356180635,5,577,98,0.030474087983210482,390527,28464.33740599725,28698.497744494114,0.00822644613703627,31259.292715191485,0.09819147620858937,337192.9200402751,337415.328,0.0006595866831911046,0.8230672927423683,0.8167105504318803,-0.007723235228201175
confirm2-0453-capsule-rho11-sp2.4x0.6x0.6-rot1,confirm2,capsule,2.4x0.6x0.6,4.0,11.0,10.999999999999998,17.990364009834792,26.399999999999995,5,577,98,0.030402909248976324,390237,28464.33740599725,28557.861506902707,0.0032856588077736504,33754.40514260259,0.18584896817203833,337192.9200402751,337164.768,-8.348941689451106e-05,0.8230672927423683,0.8203261685982213,-0.00333037671198666
confirm2-0454-torus-rho11-sp2.4x0.6x0.6-rot0,confirm2,torus,2.4x0.6x0.6,4.0,11.0,10.968705484240154,25.32419746367661,26.324893162176366,5,577,98,0.030417084738693645,1088468,71538.68262718568,71935.80527226403,0.005551159603369937,85435.14180818247,0.19425097961918492,944310.610678851,940436.352,-0.004102737632129205,0.6506584872679024,0.6452954759156246,-0.008242436634918748
confirm2-0455-torus-rho11-sp2.4x0.6x0.6-rot1,confirm2,torus,2.4x0.6x0.6,4.0,11.0,10.982941318244398,25.36070331212194,26.359059163786554,5,577,98,0.03041062130296761,1093182,71538.68262718568,71944.05611854217,0.005666493657271232,87174.86041055075,0.21856955159282054,944310.610678851,944509.248,0.0002103516776181813,0.6506584872679024,0.6470830368813074,-0.00549512602472646
confirm2-0456-sphere-rho13-sp2.4x0.6x0.6-offset0,confirm2,sphere,2.4x0.6x0.6,4.0,13.0,12.808688457449497,12.996898761889033,30.740852297878792,5,577,98,0.029751781754627345,147139,12232.607810841793,12278.73273441415,0.0037706533460082348,14578.55472888241,0.19177815183132063,127219.12123275462,127128.096,-0.000715499618866855,0.9999999999999994,0.9957682464833512,-0.0042317535166482845
confirm2-0457-sphere-rho13-sp2.4x0.6x0.6-offset1,confirm2,sphere,2.4x0.6x0.6,4.0,13.0,12.87682025967591,12.997546488467869,30.904368623222183,5,577,98,0.02973247216933782,147161,12232.607810841793,12277.759050589295,0.003691055942093069,14573.844135949144,0.1913930669004451,127219.12123275462,127147.10399999999,-0.0005660881167609544,0.9999999999999994,0.9959464781408538,-0.004053521859145648
confirm2-0458-ellipsoid-rho13-sp2.4x0.6x0.6-rot0,confirm2,ellipsoid,2.4x0.6x0.6,4.0,13.0,13.0,19.738118923163427,31.2,5,577,98,0.029698328694979268,515378,31284.173910188732,31459.935046923976,0.005618212494273411,35026.64696568868,0.11962831642107341,445266.9243146412,445286.592,4.417055093197675e-05,0.9013768296955863,0.8963673899048751,-0.005557542223936451
confirm2-0459-ellipsoid-rho13-sp2.4x0.6x0.6-rot1,confirm2,ellipsoid,2.4x0.6x0.6,4.0,13.0,13.024016277631105,19.73875720809384,31.257639066314653,5,577,98,0.02969178436872085,515428,31284.173910188732,31349.46034136952,0.002086883654598415,36455.802792425835,0.16531134550919968,445266.9243146412,445329.792,0.00014119100684517605,0.9013768296955863,0.8995843440370894,-0.001988608536900416
confirm2-0460-cylinder-rho13-sp2.4x0.6x0.6-rot0,confirm2,cylinder,2.4x0.6x0.6,4.0,13.0,12.915591353089491,15.251754579355339,30.997419247414776,5,577,98,0.0297216200232403,237776,19572.172497346866,18853.39000932603,-0.03672471659026466,19909.419892439488,0.0172309637644128,209911.55003404518,205438.464,-0.021309384992487024,0.8727087161424516,0.8930638547930048,0.023324092304849442
confirm2-0461-cylinder-rho13-sp2.4x0.6x0.6-rot1,confirm2,cylinder,2.4x0.6x0.6,4.0,13.0,12.903487900563942,15.361756281794019,30.968370961353457,5,577,98,0.0297249973157981,242958,19572.172497346866,19328.454228669194,-0.012452284932125468,23856.28009157642,0.2188876883652182,209911.55003404518,209915.712,1.9827236539038395e-05,0.8727087161424516,0.8837246427589368,0.012622684307746823
confirm2-0462-box-rho13-sp2.4x0.6x0.6-rot0,confirm2,box,2.4x0.6x0.6,4.0,13.0,13.0,18.185957503610467,31.2,5,577,98,0.029698328694979268,403104,29826.2016,29042.874061517345,-0.026263067251669603,29686.42028641675,-0.004686527485392333,347447.99232,348281.85599999997,0.0023999668970082766,0.8013324191666676,0.8242616604828904,0.02861389451841667
confirm2-0463-box-rho13-sp2.4x0.6x0.6-rot1,confirm2,box,2.4x0.6x0.6,4.0,13.0,13.059957886608975,18.171464104357092,31.34389892786154,5,577,98,0.029682057806865177,402141,29826.2016,29000.99868016688,-0.027667046944158002,35833.040702008206,0.20139470598925358,347447.99232,347449.824,5.271810574525304e-06,0.8013324191666676,0.8241366632293073,0.02845790775113599
confirm2-0464-capsule-rho13-sp2.4x0.6x0.6-rot0,confirm2,capsule,2.4x0.6x0.6,4.0,13.0,12.971121771072847,21.262150548846485,31.130692250574832,5,577,98,0.029706246065617607,644214,39755.975385235826,40096.679645613665,0.008569888100503409,43628.78015869485,0.09741440716600458,556583.6553933016,556600.896,3.097576892763243e-05,0.8230672927423685,0.8160904852774232,-0.008476594230465984
confirm2-0465-capsule-rho13-sp2.4x0.6x0.6-rot1,confirm2,capsule,2.4x0.6x0.6,4.0,13.0,12.992786460186283,21.261864503447747,31.182687504447077,5,577,98,0.029700301442272713,644188,39755.975385235826,39918.55625725905,0.004089470084630342,47202.09279870892,0.1872955534688847,556583.6553933016,556578.432,-9.384740732087948e-06,0.8230672927423685,0.8197099638436701,-0.00407904545388027
confirm2-0466-torus-rho13-sp2.4x0.6x0.6-rot0,confirm2,torus,2.4x0.6x0.6,4.0,13.0,12.730377056474014,29.986336468575093,30.552904935537633,5,577,98,0.029774360490685128,1807086,99917.66416524281,100514.31443870919,0.005971419352634566,119330.93266124575,0.19429265744140567,1558715.5609777877,1561322.304,0.0016723660733695134,0.6506584872679024,0.6475171151090183,-0.004827989214548856
confirm2-0467-torus-rho13-sp2.4x0.6x0.6-rot1,confirm2,torus,2.4x0.6x0.6,4.0,13.0,13.002403623945844,29.96860939528159,31.205768697470024,5,577,98,0.029697672084943578,1803883,99917.66416524281,100501.4333714016,0.005842502534820548,121734.43441515553,0.2183474807200494,1558715.5609777877,1558554.912,-0.00010306497337264631,0.6506584872679024,0.6468346467038305,-0.005876878022644583
confirm2-0468-sphere-rho15-sp2.4x0.6x0.6-offset0,confirm2,sphere,2.4x0.6x0.6,4.0,15.0,14.81975033527893,14.999123025804803,35.56740080466943,5,577,98,0.029288919070991577,226155,16286.016316209487,16359.8149738974,0.004531412486334263,19419.925727691076,0.19242946529301985,195432.19579451383,195397.91999999998,-0.00017538458478905117,0.9999999999999994,0.9953726295632983,-0.004627370436701139
confirm2-0469-sphere-rho15-sp2.4x0.6x0.6-offset1,confirm2,sphere,2.4x0.6x0.6,4.0,15.0,14.707566080082726,15.001267140791084,35.29815859219854,5,577,98,0.029309848336433637,226252,16286.016316209487,16365.851557495676,0.004902073026092246,19430.308517709447,0.19306699320756815,195432.19579451383,195481.728,0.00025344956743089675,0.9999999999999994,0.9952899751015957,-0.004710024898403775
confirm2-0470-ellipsoid-rho15-sp2.4x0.6x0.6-rot0,confirm2,ellipsoid,2.4x0.6x0.6,4.0,15.0,15.0,22.77497009683145,36.0,5,577,98,0.0292562696362863,791739,41650.52739522169,41897.31614689422,0.005925225131743428,46661.61747211911,0.12031276409413039,684012.6852807984,684062.496,7.282133836628013e-05,0.9013768296955861,0.8961109298071149,-0.005842062625738387
confirm2-0471-ellipsoid-rho15-sp2.4x0.6x0.6-rot1,confirm2,ellipsoid,2.4x0.6x0.6,4.0,15.0,14.985409570645709,22.774135859379097,35.9649829695497,5,577,98,0.02925886871716993,791652,41650.52739522169,41753.24870532125,0.0024662667323476217,48546.68113381609,0.16557182273244297,684012.6852807984,683987.328,-3.7071360435292355e-05,0.9013768296955861,0.8991370409424863,-0.002484852815504701
confirm2-0472-cylinder-rho15-sp2.4x0.6x0.6-rot0,confirm2,cylinder,2.4x0.6x0.6,4.0,15.0,14.97706580075016,17.718854399339953,35.94495792180038,5,577,98,0.029260358458232872,372834,26057.626105935182,25526.99326521199,-0.02036382126928782,26880.788788371465,0.0315900872585162,322463.12306094787,322128.576,-0.001037473859870297,0.8727087161424513,0.8902335605170937,0.020080977822824808
confirm2-0473-cylinder-rho15-sp2.4x0.6x0.6-rot1,confirm2,cylinder,2.4x0.6x0.6,4.0,15.0,14.987494787321864,17.72495131483018,35.969987489572475,5,577,98,0.029258496800038954,373219,26057.626105935182,25798.412657948167,-0.009947700029665163,31826.619407648588,0.22139366334676946,322463.12306094787,322461.216,-5.914043533894464e-06,0.8727087161424513,0.8814739133885309,0.01004366873385143
confirm2-0474-box-rho15-sp2.4x0.6x0.6-rot0,confirm2,box,2.4x0.6x0.6,4.0,15.0,15.0,20.967037121881283,36.0,5,577,98,0.0292562696362863,617760,39709.44,38724.2083219667,-0.024811019194259765,39483.07858743005,-0.0057004433346316,533744.64,533744.64,0.0,0.8013324191666674,0.8217201331628814,0.02544226778871095
confirm2-0475-box-rho15-sp2.4x0.6x0.6-rot1,confirm2,box,2.4x0.6x0.6,4.0,15.0,15.037453241822565,20.967229449193688,36.089887780374156,5,577,98,0.02924963246669505,617777,39709.44,38725.54679039896,-0.02477731263903593,47715.821922236166,0.20162414585136834,533744.64,533759.328,2.7518777518720228e-05,0.8013324191666674,0.8217068066714728,0.025425637372806342
confirm2-0476-capsule-rho15-sp2.4x0.6x0.6-rot0,confirm2,capsule,2.4x0.6x0.6,4.0,15.0,14.916433890176295,24.534536853893027,35.79944133642311,5,577,98,0.02927125919907103,989788,52929.55302768083,53377.32344263593,0.00845974298556662,58099.872184904656,0.09768303077337315,855015.856600998,855176.8319999999,0.000188271828831299,0.8230672927423683,0.8162652026019059,-0.008264318361866363
confirm2-0477-capsule-rho15-sp2.4x0.6x0.6-rot1,confirm2,capsule,2.4x0.6x0.6,4.0,15.0,15.0,24.531892550927477,36.0,5,577,98,0.0292562696362863,989468,52929.55302768083,53136.0260972846,0.003900903328917016,62768.97894406942,0.1858966372008246,855015.856600998,854900.352,-0.00013509059522842648,0.8230672927423683,0.8197952233903721,-0.003975457876711386
confirm2-0478-torus-rho15-sp2.4x0.6x0.6-rot0,confirm2,torus,2.4x0.6x0.6,4.0,15.0,14.817641512737445,34.58430388776011,35.562339630569866,5,577,98,0.029289308117539412,2772335,133026.47595964282,133854.38597352945,0.006223648397164272,158895.81715160178,0.1944676125962106,2394476.5672735707,2395297.44,0.00034281927735202444,0.6506584872679024,0.6467818415163478,-0.005958034556396208
confirm2-0479-torus-rho15-sp2.4x0.6x0.6-rot1,confirm2,torus,2.4x0.6x0.6,4.0,15.0,15.0,34.58130551935084,36.0,5,577,98,0.0292562696362863,2771614,133026.47595964282,133830.53510791162,0.00604435427209804,162071.28853324056,0.21833858533852513,2394476.5672735707,2394674.496,8.266054015071411e-05,0.6506584872679024,0.6467849452814766,-0.0059532643655979545
